rack,milestone,name,reported_complete_at
B01,M1,Received and inspected,2026-08-31T18:09:34Z
B01,M2,Positioned and connected,2026-09-03T07:41:39Z
B01,M3,Leak test passed,2026-09-04T02:41:40Z
B01,M4,Power-on and firmware baseline,2026-09-05T01:27:46Z
B01,M5,Network cabled and verified,2026-09-06T22:48:17Z
B01,M6,Burn-in accepted,2026-09-09T01:28:52Z
B01,M7,Validated Handoff,2026-09-10T02:32:24Z
B02,M1,Received and inspected,2026-09-01T15:49:51Z
B02,M2,Positioned and connected,2026-09-04T08:20:31Z
B02,M3,Leak test passed,2026-09-04T22:23:44Z
B02,M4,Power-on and firmware baseline,2026-09-05T20:47:05Z
B02,M5,Network cabled and verified,2026-09-11T13:11:43Z
B02,M6,Burn-in accepted,2026-09-13T15:47:23Z
B02,M7,Validated Handoff,2026-09-14T04:52:49Z
B03,M1,Received and inspected,2026-09-02T15:45:56Z
B03,M2,Positioned and connected,2026-09-04T21:37:57Z
B03,M3,Leak test passed,2026-09-06T09:06:05Z
B03,M4,Power-on and firmware baseline,2026-09-06T21:23:12Z
B03,M5,Network cabled and verified,2026-09-08T20:38:14Z
B03,M6,Burn-in accepted,2026-09-11T02:01:12Z
B03,M7,Validated Handoff,2026-09-11T17:56:44Z
B04,M1,Received and inspected,2026-09-04T15:34:57Z
B04,M2,Positioned and connected,2026-09-06T21:36:50Z
B04,M3,Leak test passed,2026-09-07T22:37:36Z
B04,M4,Power-on and firmware baseline,2026-09-09T03:36:41Z
B04,M5,Network cabled and verified,2026-09-11T01:12:10Z
B04,M6,Burn-in accepted,2026-09-13T07:45:32Z
B04,M7,Validated Handoff,2026-09-14T07:01:00Z
B05,M1,Received and inspected,2026-09-05T19:55:10Z
B05,M2,Positioned and connected,2026-09-07T17:31:08Z
B05,M3,Leak test passed,2026-09-09T09:26:23Z
B05,M4,Power-on and firmware baseline,2026-09-09T21:02:38Z
B05,M5,Network cabled and verified,2026-09-12T08:34:02Z
B05,M6,Burn-in accepted,2026-09-14T06:32:37Z
B05,M7,Validated Handoff,2026-09-14T22:40:29Z
B06,M1,Received and inspected,2026-09-07T17:15:18Z
B06,M2,Positioned and connected,2026-09-09T18:52:39Z
B06,M3,Leak test passed,2026-09-10T22:27:14Z
B06,M4,Power-on and firmware baseline,2026-09-12T00:11:04Z
B06,M5,Network cabled and verified,2026-09-16T09:06:30Z
B06,M6,Burn-in accepted,2026-09-17T15:45:23Z
B06,M7,Validated Handoff,2026-09-18T17:01:41Z
B07,M1,Received and inspected,2026-09-08T17:33:13Z
B07,M2,Positioned and connected,2026-09-10T18:24:19Z
B07,M3,Leak test passed,2026-09-12T03:51:44Z
B07,M4,Power-on and firmware baseline,2026-09-13T09:48:26Z
B07,M5,Network cabled and verified,2026-09-14T20:39:47Z
B07,M6,Burn-in accepted,2026-09-16T20:52:23Z
B07,M7,Validated Handoff,2026-09-17T20:30:59Z
B08,M1,Received and inspected,2026-09-09T15:26:12Z
B08,M2,Positioned and connected,2026-09-12T03:37:42Z
B08,M3,Leak test passed,2026-09-13T01:17:48Z
B08,M4,Power-on and firmware baseline,2026-09-13T22:22:08Z
B08,M5,Network cabled and verified,2026-09-16T05:48:56Z
B08,M6,Burn-in accepted,2026-09-18T10:32:46Z
B08,M7,Validated Handoff,2026-09-19T00:44:06Z
B09,M1,Received and inspected,2026-09-11T17:09:41Z
B09,M2,Positioned and connected,2026-09-13T23:10:05Z
B09,M3,Leak test passed,2026-09-14T17:27:28Z
B09,M4,Power-on and firmware baseline,2026-09-15T18:51:03Z
B09,M5,Network cabled and verified,2026-09-18T02:12:31Z
B09,M6,Burn-in accepted,2026-09-19T20:53:15Z
B09,M7,Validated Handoff,2026-09-20T17:56:26Z
B10,M1,Received and inspected,2026-09-12T17:03:58Z
B10,M2,Positioned and connected,2026-09-15T10:47:36Z
B10,M3,Leak test passed,2026-09-16T04:23:03Z
B10,M4,Power-on and firmware baseline,2026-09-16T22:46:02Z
B10,M5,Network cabled and verified,2026-09-20T12:43:04Z
B10,M6,Burn-in accepted,2026-09-22T05:58:03Z
B10,M7,Validated Handoff,2026-09-23T13:22:31Z
B11,M1,Received and inspected,2026-09-14T20:13:54Z
B11,M2,Positioned and connected,2026-09-17T05:12:51Z
B11,M3,Leak test passed,2026-09-17T19:48:57Z
B11,M4,Power-on and firmware baseline,2026-09-19T08:57:31Z
B11,M5,Network cabled and verified,2026-09-20T19:18:42Z
B11,M6,Burn-in accepted,2026-09-22T22:31:35Z
B11,M7,Validated Handoff,2026-09-24T10:44:54Z
B12,M1,Received and inspected,2026-09-15T18:09:19Z
B12,M2,Positioned and connected,2026-09-18T01:44:35Z
B12,M3,Leak test passed,2026-09-19T10:19:50Z
B12,M4,Power-on and firmware baseline,2026-09-20T00:52:22Z
B12,M5,Network cabled and verified,2026-09-22T06:41:09Z
B12,M6,Burn-in accepted,2026-09-24T09:25:16Z
B12,M7,Validated Handoff,2026-09-25T07:32:11Z
B13,M1,Received and inspected,2026-09-16T18:54:33Z
B13,M2,Positioned and connected,2026-09-18T19:14:13Z
B13,M3,Leak test passed,2026-09-20T03:10:52Z
B13,M4,Power-on and firmware baseline,2026-09-21T09:30:54Z
B13,M5,Network cabled and verified,2026-09-22T23:23:19Z
B13,M6,Burn-in accepted,2026-09-25T10:34:21Z
B13,M7,Validated Handoff,2026-09-26T04:44:07Z
B14,M1,Received and inspected,2026-09-18T15:27:07Z
B14,M2,Positioned and connected,2026-09-21T01:26:03Z
B14,M3,Leak test passed,2026-09-22T05:18:23Z
B14,M4,Power-on and firmware baseline,2026-09-22T17:05:12Z
B14,M5,Network cabled and verified,2026-09-25T03:27:26Z
B14,M6,Burn-in accepted,2026-09-27T04:34:25Z
