person_id,name,role,crew,badge_id,company
RSS-001,Hayden Petrov,shift_lead,D1,B40007,"Ridgeline Site Services, LLC"
RSS-002,Dakota Garcia,technician,D1,B40014,"Ridgeline Site Services, LLC"
RSS-003,Marlowe Mensah,technician,D1,B40021,"Ridgeline Site Services, LLC"
RSS-004,Lane Haddad,technician,D1,B40028,"Ridgeline Site Services, LLC"
RSS-005,Jesse Kim,technician,D1,B40035,"Ridgeline Site Services, LLC"
RSS-006,Reese Larsen,technician,D1,B40042,"Ridgeline Site Services, LLC"
RSS-007,Marlowe Kowalski,technician,D1,B40049,"Ridgeline Site Services, LLC"
RSS-008,Kai Hale,technician,D1,B40056,"Ridgeline Site Services, LLC"
RSS-009,Alex Novak,technician,D1,B40063,"Ridgeline Site Services, LLC"
RSS-010,Casey Petrov,shift_lead,D2,B40070,"Ridgeline Site Services, LLC"
RSS-011,Kai Petrov,technician,D2,B40077,"Ridgeline Site Services, LLC"
RSS-012,Kendall Patel,technician,D2,B40084,"Ridgeline Site Services, LLC"
RSS-013,Finley Rivera,technician,D2,B40091,"Ridgeline Site Services, LLC"
RSS-014,Taylor Haddad,technician,D2,B40098,"Ridgeline Site Services, LLC"
RSS-015,Elliot Haddad,technician,D2,B40105,"Ridgeline Site Services, LLC"
RSS-016,Morgan Novak,technician,D2,B40112,"Ridgeline Site Services, LLC"
RSS-017,Dakota Sato,technician,D2,B40119,"Ridgeline Site Services, LLC"
RSS-018,Reese Novak,technician,D2,B40126,"Ridgeline Site Services, LLC"
RSS-019,Blake Silva,shift_lead,N1,B40133,"Ridgeline Site Services, LLC"
RSS-020,Quinn Petrov,technician,N1,B40140,"Ridgeline Site Services, LLC"
RSS-021,Casey Haddad,technician,N1,B40147,"Ridgeline Site Services, LLC"
RSS-022,Elliot Moreau,technician,N1,B40154,"Ridgeline Site Services, LLC"
RSS-023,Reese Moreau,technician,N1,B40161,"Ridgeline Site Services, LLC"
RSS-024,Lane Mbeki,technician,N1,B40168,"Ridgeline Site Services, LLC"
RSS-025,Morgan Sato,shift_lead,N2,B40175,"Ridgeline Site Services, LLC"
RSS-026,Drew Chen,technician,N2,B40182,"Ridgeline Site Services, LLC"
RSS-027,Kai Santos,technician,N2,B40189,"Ridgeline Site Services, LLC"
RSS-028,Skyler Haddad,technician,N2,B40196,"Ridgeline Site Services, LLC"
RSS-029,Cameron Chen,technician,N2,B40203,"Ridgeline Site Services, LLC"
RSS-030,Shay Rivera,technician,N2,B40210,"Ridgeline Site Services, LLC"
