ticket,fru,serial,removed_at,shipped_at
INC3100017,PSU (5.5 kW),PUJNMTXO6L,2026-08-31T04:58:41Z,2026-09-02T00:10:16Z
INC3100034,800G OSFP optic,OPI2JZS29B,2026-08-31T22:36:37Z,2026-09-07T07:59:03Z
INC3100051,PSU (5.5 kW),PUZ43B0H8R,2026-09-01T01:11:01Z,2026-09-05T00:13:46Z
INC3100068,Compute tray,CTUCUJKCBY,2026-09-01T07:35:27Z,2026-09-04T08:27:28Z
INC3100119,800G OSFP optic,OPKTTXFNEE,2026-09-03T12:41:57Z,2026-09-06T03:03:27Z
INC3100136,800G OSFP optic,OPMBTL2QCW,2026-09-03T23:09:50Z,2026-09-06T09:36:07Z
INC3100153,Compute tray,CT8JIIH9QY,2026-09-04T02:02:57Z,2026-09-05T15:55:13Z
INC3100170,Compute tray,CTR9IUS5X3,2026-09-04T08:35:56Z,2026-09-11T07:56:10Z
INC3100221,Compute tray,CTGXG89B8X,2026-09-04T21:34:04Z,2026-09-09T03:55:15Z
INC3100238,800G OSFP optic,OPUYQHB1QY,2026-09-05T00:29:59Z,2026-09-07T06:29:23Z
INC3100272,Compute tray,CTOTEIFWVL,2026-09-05T01:33:43Z,2026-09-09T04:16:44Z
INC3100289,PSU (5.5 kW),PU02HQQNM6,2026-09-05T12:03:54Z,2026-09-11T10:01:01Z
INC3100306,800G OSFP optic,OPIO4NBHGM,2026-09-06T04:01:02Z,2026-09-11T21:16:09Z
INC3100323,Compute tray,CTQSRSX7QQ,2026-09-06T10:30:10Z,2026-09-10T14:03:20Z
INC3100340,PSU (5.5 kW),PU6XAEQSZL,2026-09-07T07:54:21Z,2026-09-09T02:23:37Z
INC3100391,800G OSFP optic,OPRSWE2T3V,2026-09-08T04:02:21Z,2026-09-12T11:55:09Z
INC3100425,Compute tray,CTSXQ9HJ60,2026-09-08T17:51:02Z,2026-09-15T05:44:22Z
INC3100442,800G OSFP optic,OP6798LEGP,2026-09-08T16:07:24Z,2026-09-15T00:03:53Z
INC3100493,Compute tray,CTH4E4H5XS,2026-09-09T22:54:58Z,2026-09-14T01:25:18Z
INC3100561,800G OSFP optic,OP8MU3PQ9D,2026-09-11T17:15:38Z,2026-09-15T14:08:29Z
INC3100578,800G OSFP optic,OPLQQQ7IA2,2026-09-11T22:46:49Z,2026-09-15T17:08:17Z
INC3100595,Compute tray,CTCC7SHHWO,2026-09-12T06:29:23Z,2026-09-13T09:59:56Z
INC3100629,Compute tray,CTYCX5H7TS,2026-09-13T05:57:20Z,2026-09-19T22:46:38Z
INC3100646,Compute tray,CT4TDXX1SR,2026-09-13T08:52:11Z,2026-09-16T19:21:29Z
INC3100714,800G OSFP optic,OP8FCHRKSC,2026-09-14T02:48:58Z,2026-09-20T10:48:31Z
INC3100731,CDU pump assembly,CPC0C43HJB,2026-09-14T13:19:36Z,2026-09-20T22:29:02Z
INC3100748,Compute tray,CTH9GMP6ZF,2026-09-14T15:18:19Z,2026-09-17T18:27:39Z
INC3100765,800G OSFP optic,OPS3OVTK66,2026-09-14T19:05:21Z,2026-09-19T13:30:42Z
INC3100782,Compute tray,CTRYB13GAR,2026-09-15T11:13:34Z,2026-09-18T07:17:44Z
INC3100799,Compute tray,CTKQ5ZUAZN,2026-09-15T19:54:22Z,2026-09-18T04:04:21Z
INC3100816,Compute tray,CTYJV2N078,2026-09-15T19:46:09Z,2026-09-18T18:06:57Z
INC3100850,Compute tray,CTU04P32H5,2026-09-15T21:32:28Z,2026-09-20T04:12:05Z
INC3100884,CDU pump assembly,CPQKM9HQIY,2026-09-16T06:41:55Z,2026-09-21T05:19:28Z
INC3100901,Compute tray,CTA1QSVRVF,2026-09-17T10:47:15Z,2026-09-22T10:59:03Z
INC3100918,Power shelf,PSA5LJZ175,2026-09-17T11:33:00Z,2026-09-21T11:26:40Z
INC3100935,Compute tray,CT5GJ85SND,2026-09-17T15:10:09Z,2026-09-24T02:15:48Z
INC3100952,Compute tray,CTKX3ZU5J9,2026-09-20T17:48:57Z,2026-09-24T20:30:17Z
INC3100969,PSU (5.5 kW),PUSR8IQIN0,2026-09-20T21:24:57Z,2026-09-26T05:44:30Z
INC3101003,Compute tray,CTX4GH2MXS,2026-09-21T07:05:33Z,2026-09-23T05:05:28Z
INC3101020,Compute tray,CT5K95M7HP,2026-09-22T02:44:15Z,2026-09-26T18:42:33Z
INC3101037,PSU (5.5 kW),PUIBPGM5EQ,2026-09-22T21:57:58Z,2026-09-28T11:16:47Z
INC3101054,Compute tray,CTZJDXTEZZ,2026-09-22T22:38:59Z,2026-09-27T21:52:51Z
INC3101071,800G OSFP optic,OP1EWHBAOC,2026-09-23T10:59:27Z,2026-09-28T20:49:13Z
INC3101088,Compute tray,CT9602BBTK,2026-09-23T08:13:09Z,2026-09-24T08:32:30Z
INC3101105,800G OSFP optic,OPNWXMJ5QE,2026-09-23T11:23:42Z,2026-09-26T13:22:30Z
INC3101122,Compute tray,CTUA2DP68L,2026-09-23T13:56:55Z,2026-09-28T10:55:30Z
INC3101139,800G OSFP optic,OPTK6J2N8R,2026-09-24T05:22:07Z,2026-09-28T10:46:48Z
INC3101156,800G OSFP optic,OPYL3ZVLKC,2026-09-24T05:16:31Z,2026-09-29T22:14:21Z
INC3101173,800G OSFP optic,OP69LD1RVX,2026-09-24T07:53:15Z,2026-09-26T11:40:31Z
INC3101190,800G OSFP optic,OP69FQCF5O,2026-09-24T14:23:27Z,2026-09-30T18:37:58Z
INC3101207,Compute tray,CTTUYL2SR5,2026-09-24T18:33:45Z,2026-09-27T15:16:50Z
INC3101224,Compute tray,CTW4PJ9FZ0,2026-09-25T02:20:53Z,2026-09-28T10:17:43Z
INC3101241,NVLink switch tray,NSA065UP2T,2026-09-25T10:10:26Z,2026-10-01T21:50:57Z
INC3101258,800G OSFP optic,OPK2O0XC4A,2026-09-25T19:09:52Z,2026-09-27T14:31:21Z
INC3101275,PSU (5.5 kW),PUULODIZ0Y,2026-09-26T00:41:38Z,2026-10-02T04:30:30Z
INC3101292,Compute tray,CTD3Q3YYHJ,2026-09-26T00:19:06Z,2026-09-30T08:08:06Z
INC3101309,Compute tray,CTIVL27E8R,2026-09-26T02:03:37Z,2026-10-01T15:24:05Z
