shift_date,shift,crew,shift_start,shift_end,person_id,name,role,status
2026-08-30,night,N1,2026-08-31T00:00:00Z,2026-08-31T12:00:00Z,RSS-019,Blake Silva,shift_lead,scheduled
2026-08-30,night,N1,2026-08-31T00:00:00Z,2026-08-31T12:00:00Z,RSS-020,Quinn Petrov,technician,scheduled
2026-08-30,night,N1,2026-08-31T00:00:00Z,2026-08-31T12:00:00Z,RSS-021,Casey Haddad,technician,scheduled
2026-08-30,night,N1,2026-08-31T00:00:00Z,2026-08-31T12:00:00Z,RSS-022,Elliot Moreau,technician,scheduled
2026-08-30,night,N1,2026-08-31T00:00:00Z,2026-08-31T12:00:00Z,RSS-023,Reese Moreau,technician,scheduled
2026-08-30,night,N1,2026-08-31T00:00:00Z,2026-08-31T12:00:00Z,RSS-024,Lane Mbeki,technician,scheduled
2026-08-31,day,D1,2026-08-31T12:00:00Z,2026-09-01T00:00:00Z,RSS-001,Hayden Petrov,shift_lead,scheduled
2026-08-31,day,D1,2026-08-31T12:00:00Z,2026-09-01T00:00:00Z,RSS-002,Dakota Garcia,technician,scheduled
2026-08-31,day,D1,2026-08-31T12:00:00Z,2026-09-01T00:00:00Z,RSS-003,Marlowe Mensah,technician,scheduled
2026-08-31,day,D1,2026-08-31T12:00:00Z,2026-09-01T00:00:00Z,RSS-004,Lane Haddad,technician,scheduled
2026-08-31,day,D1,2026-08-31T12:00:00Z,2026-09-01T00:00:00Z,RSS-005,Jesse Kim,technician,scheduled
2026-08-31,day,D1,2026-08-31T12:00:00Z,2026-09-01T00:00:00Z,RSS-006,Reese Larsen,technician,scheduled
2026-08-31,day,D1,2026-08-31T12:00:00Z,2026-09-01T00:00:00Z,RSS-007,Marlowe Kowalski,technician,scheduled
2026-08-31,day,D1,2026-08-31T12:00:00Z,2026-09-01T00:00:00Z,RSS-008,Kai Hale,technician,scheduled
2026-08-31,day,D1,2026-08-31T12:00:00Z,2026-09-01T00:00:00Z,RSS-009,Alex Novak,technician,scheduled
2026-08-31,night,N1,2026-09-01T00:00:00Z,2026-09-01T12:00:00Z,RSS-019,Blake Silva,shift_lead,scheduled
2026-08-31,night,N1,2026-09-01T00:00:00Z,2026-09-01T12:00:00Z,RSS-020,Quinn Petrov,technician,scheduled
2026-08-31,night,N1,2026-09-01T00:00:00Z,2026-09-01T12:00:00Z,RSS-021,Casey Haddad,technician,scheduled
2026-08-31,night,N1,2026-09-01T00:00:00Z,2026-09-01T12:00:00Z,RSS-022,Elliot Moreau,technician,scheduled
2026-08-31,night,N1,2026-09-01T00:00:00Z,2026-09-01T12:00:00Z,RSS-023,Reese Moreau,technician,scheduled
2026-08-31,night,N1,2026-09-01T00:00:00Z,2026-09-01T12:00:00Z,RSS-024,Lane Mbeki,technician,scheduled
2026-09-01,day,D1,2026-09-01T12:00:00Z,2026-09-02T00:00:00Z,RSS-001,Hayden Petrov,shift_lead,scheduled
2026-09-01,day,D1,2026-09-01T12:00:00Z,2026-09-02T00:00:00Z,RSS-002,Dakota Garcia,technician,scheduled
2026-09-01,day,D1,2026-09-01T12:00:00Z,2026-09-02T00:00:00Z,RSS-003,Marlowe Mensah,technician,scheduled
2026-09-01,day,D1,2026-09-01T12:00:00Z,2026-09-02T00:00:00Z,RSS-004,Lane Haddad,technician,scheduled
2026-09-01,day,D1,2026-09-01T12:00:00Z,2026-09-02T00:00:00Z,RSS-005,Jesse Kim,technician,scheduled
2026-09-01,day,D1,2026-09-01T12:00:00Z,2026-09-02T00:00:00Z,RSS-006,Reese Larsen,technician,scheduled
2026-09-01,day,D1,2026-09-01T12:00:00Z,2026-09-02T00:00:00Z,RSS-007,Marlowe Kowalski,technician,scheduled
2026-09-01,day,D1,2026-09-01T12:00:00Z,2026-09-02T00:00:00Z,RSS-008,Kai Hale,technician,scheduled
2026-09-01,day,D1,2026-09-01T12:00:00Z,2026-09-02T00:00:00Z,RSS-009,Alex Novak,technician,scheduled
2026-09-01,night,N1,2026-09-02T00:00:00Z,2026-09-02T12:00:00Z,RSS-019,Blake Silva,shift_lead,scheduled
2026-09-01,night,N1,2026-09-02T00:00:00Z,2026-09-02T12:00:00Z,RSS-020,Quinn Petrov,technician,scheduled
2026-09-01,night,N1,2026-09-02T00:00:00Z,2026-09-02T12:00:00Z,RSS-021,Casey Haddad,technician,scheduled
2026-09-01,night,N1,2026-09-02T00:00:00Z,2026-09-02T12:00:00Z,RSS-022,Elliot Moreau,technician,scheduled
2026-09-01,night,N1,2026-09-02T00:00:00Z,2026-09-02T12:00:00Z,RSS-023,Reese Moreau,technician,scheduled
2026-09-01,night,N1,2026-09-02T00:00:00Z,2026-09-02T12:00:00Z,RSS-024,Lane Mbeki,technician,scheduled
2026-09-02,day,D1,2026-09-02T12:00:00Z,2026-09-03T00:00:00Z,RSS-001,Hayden Petrov,shift_lead,scheduled
2026-09-02,day,D1,2026-09-02T12:00:00Z,2026-09-03T00:00:00Z,RSS-002,Dakota Garcia,technician,scheduled
2026-09-02,day,D1,2026-09-02T12:00:00Z,2026-09-03T00:00:00Z,RSS-003,Marlowe Mensah,technician,scheduled
2026-09-02,day,D1,2026-09-02T12:00:00Z,2026-09-03T00:00:00Z,RSS-004,Lane Haddad,technician,scheduled
2026-09-02,day,D1,2026-09-02T12:00:00Z,2026-09-03T00:00:00Z,RSS-005,Jesse Kim,technician,scheduled
2026-09-02,day,D1,2026-09-02T12:00:00Z,2026-09-03T00:00:00Z,RSS-006,Reese Larsen,technician,scheduled
2026-09-02,day,D1,2026-09-02T12:00:00Z,2026-09-03T00:00:00Z,RSS-007,Marlowe Kowalski,technician,scheduled
2026-09-02,day,D1,2026-09-02T12:00:00Z,2026-09-03T00:00:00Z,RSS-008,Kai Hale,technician,scheduled
2026-09-02,day,D1,2026-09-02T12:00:00Z,2026-09-03T00:00:00Z,RSS-009,Alex Novak,technician,scheduled
2026-09-02,night,N1,2026-09-03T00:00:00Z,2026-09-03T12:00:00Z,RSS-019,Blake Silva,shift_lead,scheduled
2026-09-02,night,N1,2026-09-03T00:00:00Z,2026-09-03T12:00:00Z,RSS-020,Quinn Petrov,technician,scheduled
2026-09-02,night,N1,2026-09-03T00:00:00Z,2026-09-03T12:00:00Z,RSS-021,Casey Haddad,technician,scheduled
2026-09-02,night,N1,2026-09-03T00:00:00Z,2026-09-03T12:00:00Z,RSS-022,Elliot Moreau,technician,scheduled
2026-09-02,night,N1,2026-09-03T00:00:00Z,2026-09-03T12:00:00Z,RSS-023,Reese Moreau,technician,scheduled
2026-09-02,night,N1,2026-09-03T00:00:00Z,2026-09-03T12:00:00Z,RSS-024,Lane Mbeki,technician,scheduled
2026-09-03,day,D2,2026-09-03T12:00:00Z,2026-09-04T00:00:00Z,RSS-010,Casey Petrov,shift_lead,scheduled
2026-09-03,day,D2,2026-09-03T12:00:00Z,2026-09-04T00:00:00Z,RSS-011,Kai Petrov,technician,scheduled
2026-09-03,day,D2,2026-09-03T12:00:00Z,2026-09-04T00:00:00Z,RSS-012,Kendall Patel,technician,scheduled
2026-09-03,day,D2,2026-09-03T12:00:00Z,2026-09-04T00:00:00Z,RSS-013,Finley Rivera,technician,scheduled
2026-09-03,day,D2,2026-09-03T12:00:00Z,2026-09-04T00:00:00Z,RSS-014,Taylor Haddad,technician,scheduled
2026-09-03,day,D2,2026-09-03T12:00:00Z,2026-09-04T00:00:00Z,RSS-015,Elliot Haddad,technician,scheduled
2026-09-03,day,D2,2026-09-03T12:00:00Z,2026-09-04T00:00:00Z,RSS-016,Morgan Novak,technician,scheduled
2026-09-03,day,D2,2026-09-03T12:00:00Z,2026-09-04T00:00:00Z,RSS-017,Dakota Sato,technician,scheduled
2026-09-03,day,D2,2026-09-03T12:00:00Z,2026-09-04T00:00:00Z,RSS-018,Reese Novak,technician,scheduled
2026-09-03,night,N2,2026-09-04T00:00:00Z,2026-09-04T12:00:00Z,RSS-025,Morgan Sato,shift_lead,scheduled
2026-09-03,night,N2,2026-09-04T00:00:00Z,2026-09-04T12:00:00Z,RSS-026,Drew Chen,technician,scheduled
2026-09-03,night,N2,2026-09-04T00:00:00Z,2026-09-04T12:00:00Z,RSS-027,Kai Santos,technician,scheduled
2026-09-03,night,N2,2026-09-04T00:00:00Z,2026-09-04T12:00:00Z,RSS-028,Skyler Haddad,technician,scheduled
2026-09-03,night,N2,2026-09-04T00:00:00Z,2026-09-04T12:00:00Z,RSS-029,Cameron Chen,technician,scheduled
2026-09-03,night,N2,2026-09-04T00:00:00Z,2026-09-04T12:00:00Z,RSS-030,Shay Rivera,technician,scheduled
2026-09-04,day,D2,2026-09-04T12:00:00Z,2026-09-05T00:00:00Z,RSS-010,Casey Petrov,shift_lead,scheduled
2026-09-04,day,D2,2026-09-04T12:00:00Z,2026-09-05T00:00:00Z,RSS-011,Kai Petrov,technician,scheduled
2026-09-04,day,D2,2026-09-04T12:00:00Z,2026-09-05T00:00:00Z,RSS-012,Kendall Patel,technician,scheduled
2026-09-04,day,D2,2026-09-04T12:00:00Z,2026-09-05T00:00:00Z,RSS-013,Finley Rivera,technician,scheduled
2026-09-04,day,D2,2026-09-04T12:00:00Z,2026-09-05T00:00:00Z,RSS-014,Taylor Haddad,technician,scheduled
2026-09-04,day,D2,2026-09-04T12:00:00Z,2026-09-05T00:00:00Z,RSS-015,Elliot Haddad,technician,scheduled
2026-09-04,day,D2,2026-09-04T12:00:00Z,2026-09-05T00:00:00Z,RSS-016,Morgan Novak,technician,scheduled
2026-09-04,day,D2,2026-09-04T12:00:00Z,2026-09-05T00:00:00Z,RSS-017,Dakota Sato,technician,scheduled
2026-09-04,day,D2,2026-09-04T12:00:00Z,2026-09-05T00:00:00Z,RSS-018,Reese Novak,technician,scheduled
2026-09-04,night,N2,2026-09-05T00:00:00Z,2026-09-05T12:00:00Z,RSS-025,Morgan Sato,shift_lead,scheduled
2026-09-04,night,N2,2026-09-05T00:00:00Z,2026-09-05T12:00:00Z,RSS-026,Drew Chen,technician,scheduled
2026-09-04,night,N2,2026-09-05T00:00:00Z,2026-09-05T12:00:00Z,RSS-027,Kai Santos,technician,scheduled
2026-09-04,night,N2,2026-09-05T00:00:00Z,2026-09-05T12:00:00Z,RSS-028,Skyler Haddad,technician,scheduled
2026-09-04,night,N2,2026-09-05T00:00:00Z,2026-09-05T12:00:00Z,RSS-029,Cameron Chen,technician,scheduled
2026-09-04,night,N2,2026-09-05T00:00:00Z,2026-09-05T12:00:00Z,RSS-030,Shay Rivera,technician,scheduled
2026-09-05,day,D2,2026-09-05T12:00:00Z,2026-09-06T00:00:00Z,RSS-010,Casey Petrov,shift_lead,scheduled
2026-09-05,day,D2,2026-09-05T12:00:00Z,2026-09-06T00:00:00Z,RSS-011,Kai Petrov,technician,scheduled
2026-09-05,day,D2,2026-09-05T12:00:00Z,2026-09-06T00:00:00Z,RSS-012,Kendall Patel,technician,scheduled
2026-09-05,day,D2,2026-09-05T12:00:00Z,2026-09-06T00:00:00Z,RSS-013,Finley Rivera,technician,scheduled
2026-09-05,day,D2,2026-09-05T12:00:00Z,2026-09-06T00:00:00Z,RSS-014,Taylor Haddad,technician,scheduled
2026-09-05,day,D2,2026-09-05T12:00:00Z,2026-09-06T00:00:00Z,RSS-015,Elliot Haddad,technician,scheduled
2026-09-05,day,D2,2026-09-05T12:00:00Z,2026-09-06T00:00:00Z,RSS-016,Morgan Novak,technician,scheduled
2026-09-05,day,D2,2026-09-05T12:00:00Z,2026-09-06T00:00:00Z,RSS-017,Dakota Sato,technician,scheduled
2026-09-05,day,D2,2026-09-05T12:00:00Z,2026-09-06T00:00:00Z,RSS-018,Reese Novak,technician,scheduled
2026-09-05,night,N2,2026-09-06T00:00:00Z,2026-09-06T12:00:00Z,RSS-025,Morgan Sato,shift_lead,scheduled
2026-09-05,night,N2,2026-09-06T00:00:00Z,2026-09-06T12:00:00Z,RSS-026,Drew Chen,technician,scheduled
2026-09-05,night,N2,2026-09-06T00:00:00Z,2026-09-06T12:00:00Z,RSS-027,Kai Santos,technician,scheduled
2026-09-05,night,N2,2026-09-06T00:00:00Z,2026-09-06T12:00:00Z,RSS-028,Skyler Haddad,technician,scheduled
2026-09-05,night,N2,2026-09-06T00:00:00Z,2026-09-06T12:00:00Z,RSS-029,Cameron Chen,technician,scheduled
2026-09-05,night,N2,2026-09-06T00:00:00Z,2026-09-06T12:00:00Z,RSS-030,Shay Rivera,technician,scheduled
2026-09-06,day,D2,2026-09-06T12:00:00Z,2026-09-07T00:00:00Z,RSS-010,Casey Petrov,shift_lead,scheduled
2026-09-06,day,D2,2026-09-06T12:00:00Z,2026-09-07T00:00:00Z,RSS-011,Kai Petrov,technician,scheduled
2026-09-06,day,D2,2026-09-06T12:00:00Z,2026-09-07T00:00:00Z,RSS-012,Kendall Patel,technician,scheduled
2026-09-06,day,D2,2026-09-06T12:00:00Z,2026-09-07T00:00:00Z,RSS-013,Finley Rivera,technician,scheduled
2026-09-06,day,D2,2026-09-06T12:00:00Z,2026-09-07T00:00:00Z,RSS-014,Taylor Haddad,technician,scheduled
2026-09-06,day,D2,2026-09-06T12:00:00Z,2026-09-07T00:00:00Z,RSS-015,Elliot Haddad,technician,scheduled
2026-09-06,day,D2,2026-09-06T12:00:00Z,2026-09-07T00:00:00Z,RSS-016,Morgan Novak,technician,scheduled
2026-09-06,day,D2,2026-09-06T12:00:00Z,2026-09-07T00:00:00Z,RSS-017,Dakota Sato,technician,scheduled
2026-09-06,day,D2,2026-09-06T12:00:00Z,2026-09-07T00:00:00Z,RSS-018,Reese Novak,technician,scheduled
2026-09-06,night,N2,2026-09-07T00:00:00Z,2026-09-07T12:00:00Z,RSS-025,Morgan Sato,shift_lead,scheduled
2026-09-06,night,N2,2026-09-07T00:00:00Z,2026-09-07T12:00:00Z,RSS-026,Drew Chen,technician,scheduled
2026-09-06,night,N2,2026-09-07T00:00:00Z,2026-09-07T12:00:00Z,RSS-027,Kai Santos,technician,scheduled
2026-09-06,night,N2,2026-09-07T00:00:00Z,2026-09-07T12:00:00Z,RSS-028,Skyler Haddad,technician,scheduled
2026-09-06,night,N2,2026-09-07T00:00:00Z,2026-09-07T12:00:00Z,RSS-029,Cameron Chen,technician,scheduled
2026-09-06,night,N2,2026-09-07T00:00:00Z,2026-09-07T12:00:00Z,RSS-030,Shay Rivera,technician,scheduled
2026-09-07,day,D1,2026-09-07T12:00:00Z,2026-09-08T00:00:00Z,RSS-001,Hayden Petrov,shift_lead,scheduled
2026-09-07,day,D1,2026-09-07T12:00:00Z,2026-09-08T00:00:00Z,RSS-002,Dakota Garcia,technician,scheduled
2026-09-07,day,D1,2026-09-07T12:00:00Z,2026-09-08T00:00:00Z,RSS-003,Marlowe Mensah,technician,scheduled
2026-09-07,day,D1,2026-09-07T12:00:00Z,2026-09-08T00:00:00Z,RSS-004,Lane Haddad,technician,scheduled
2026-09-07,day,D1,2026-09-07T12:00:00Z,2026-09-08T00:00:00Z,RSS-005,Jesse Kim,technician,scheduled
2026-09-07,day,D1,2026-09-07T12:00:00Z,2026-09-08T00:00:00Z,RSS-006,Reese Larsen,technician,scheduled
2026-09-07,day,D1,2026-09-07T12:00:00Z,2026-09-08T00:00:00Z,RSS-007,Marlowe Kowalski,technician,scheduled
2026-09-07,day,D1,2026-09-07T12:00:00Z,2026-09-08T00:00:00Z,RSS-008,Kai Hale,technician,scheduled
2026-09-07,day,D1,2026-09-07T12:00:00Z,2026-09-08T00:00:00Z,RSS-009,Alex Novak,technician,scheduled
2026-09-07,night,N1,2026-09-08T00:00:00Z,2026-09-08T12:00:00Z,RSS-019,Blake Silva,shift_lead,scheduled
2026-09-07,night,N1,2026-09-08T00:00:00Z,2026-09-08T12:00:00Z,RSS-020,Quinn Petrov,technician,scheduled
2026-09-07,night,N1,2026-09-08T00:00:00Z,2026-09-08T12:00:00Z,RSS-021,Casey Haddad,technician,scheduled
2026-09-07,night,N1,2026-09-08T00:00:00Z,2026-09-08T12:00:00Z,RSS-022,Elliot Moreau,technician,scheduled
2026-09-07,night,N1,2026-09-08T00:00:00Z,2026-09-08T12:00:00Z,RSS-023,Reese Moreau,technician,scheduled
2026-09-07,night,N1,2026-09-08T00:00:00Z,2026-09-08T12:00:00Z,RSS-024,Lane Mbeki,technician,scheduled
2026-09-08,day,D1,2026-09-08T12:00:00Z,2026-09-09T00:00:00Z,RSS-001,Hayden Petrov,shift_lead,scheduled
2026-09-08,day,D1,2026-09-08T12:00:00Z,2026-09-09T00:00:00Z,RSS-002,Dakota Garcia,technician,scheduled
2026-09-08,day,D1,2026-09-08T12:00:00Z,2026-09-09T00:00:00Z,RSS-003,Marlowe Mensah,technician,scheduled
2026-09-08,day,D1,2026-09-08T12:00:00Z,2026-09-09T00:00:00Z,RSS-004,Lane Haddad,technician,scheduled
2026-09-08,day,D1,2026-09-08T12:00:00Z,2026-09-09T00:00:00Z,RSS-005,Jesse Kim,technician,scheduled
2026-09-08,day,D1,2026-09-08T12:00:00Z,2026-09-09T00:00:00Z,RSS-006,Reese Larsen,technician,scheduled
2026-09-08,day,D1,2026-09-08T12:00:00Z,2026-09-09T00:00:00Z,RSS-007,Marlowe Kowalski,technician,scheduled
2026-09-08,day,D1,2026-09-08T12:00:00Z,2026-09-09T00:00:00Z,RSS-008,Kai Hale,technician,scheduled
2026-09-08,day,D1,2026-09-08T12:00:00Z,2026-09-09T00:00:00Z,RSS-009,Alex Novak,technician,scheduled
2026-09-08,night,N1,2026-09-09T00:00:00Z,2026-09-09T12:00:00Z,RSS-019,Blake Silva,shift_lead,scheduled
2026-09-08,night,N1,2026-09-09T00:00:00Z,2026-09-09T12:00:00Z,RSS-020,Quinn Petrov,technician,scheduled
2026-09-08,night,N1,2026-09-09T00:00:00Z,2026-09-09T12:00:00Z,RSS-021,Casey Haddad,technician,scheduled
2026-09-08,night,N1,2026-09-09T00:00:00Z,2026-09-09T12:00:00Z,RSS-022,Elliot Moreau,technician,scheduled
2026-09-08,night,N1,2026-09-09T00:00:00Z,2026-09-09T12:00:00Z,RSS-023,Reese Moreau,technician,scheduled
2026-09-08,night,N1,2026-09-09T00:00:00Z,2026-09-09T12:00:00Z,RSS-024,Lane Mbeki,technician,scheduled
2026-09-09,day,D1,2026-09-09T12:00:00Z,2026-09-10T00:00:00Z,RSS-001,Hayden Petrov,shift_lead,scheduled
2026-09-09,day,D1,2026-09-09T12:00:00Z,2026-09-10T00:00:00Z,RSS-002,Dakota Garcia,technician,scheduled
2026-09-09,day,D1,2026-09-09T12:00:00Z,2026-09-10T00:00:00Z,RSS-003,Marlowe Mensah,technician,scheduled
2026-09-09,day,D1,2026-09-09T12:00:00Z,2026-09-10T00:00:00Z,RSS-004,Lane Haddad,technician,scheduled
2026-09-09,day,D1,2026-09-09T12:00:00Z,2026-09-10T00:00:00Z,RSS-005,Jesse Kim,technician,scheduled
2026-09-09,day,D1,2026-09-09T12:00:00Z,2026-09-10T00:00:00Z,RSS-006,Reese Larsen,technician,scheduled
2026-09-09,day,D1,2026-09-09T12:00:00Z,2026-09-10T00:00:00Z,RSS-007,Marlowe Kowalski,technician,scheduled
2026-09-09,day,D1,2026-09-09T12:00:00Z,2026-09-10T00:00:00Z,RSS-008,Kai Hale,technician,scheduled
2026-09-09,day,D1,2026-09-09T12:00:00Z,2026-09-10T00:00:00Z,RSS-009,Alex Novak,technician,scheduled
2026-09-09,night,N1,2026-09-10T00:00:00Z,2026-09-10T12:00:00Z,RSS-019,Blake Silva,shift_lead,scheduled
2026-09-09,night,N1,2026-09-10T00:00:00Z,2026-09-10T12:00:00Z,RSS-020,Quinn Petrov,technician,scheduled
2026-09-09,night,N1,2026-09-10T00:00:00Z,2026-09-10T12:00:00Z,RSS-021,Casey Haddad,technician,scheduled
2026-09-09,night,N1,2026-09-10T00:00:00Z,2026-09-10T12:00:00Z,RSS-022,Elliot Moreau,technician,scheduled
2026-09-09,night,N1,2026-09-10T00:00:00Z,2026-09-10T12:00:00Z,RSS-023,Reese Moreau,technician,scheduled
2026-09-09,night,N1,2026-09-10T00:00:00Z,2026-09-10T12:00:00Z,RSS-024,Lane Mbeki,technician,scheduled
2026-09-10,day,D1,2026-09-10T12:00:00Z,2026-09-11T00:00:00Z,RSS-001,Hayden Petrov,shift_lead,scheduled
2026-09-10,day,D1,2026-09-10T12:00:00Z,2026-09-11T00:00:00Z,RSS-002,Dakota Garcia,technician,scheduled
2026-09-10,day,D1,2026-09-10T12:00:00Z,2026-09-11T00:00:00Z,RSS-003,Marlowe Mensah,technician,scheduled
2026-09-10,day,D1,2026-09-10T12:00:00Z,2026-09-11T00:00:00Z,RSS-004,Lane Haddad,technician,scheduled
2026-09-10,day,D1,2026-09-10T12:00:00Z,2026-09-11T00:00:00Z,RSS-005,Jesse Kim,technician,scheduled
2026-09-10,day,D1,2026-09-10T12:00:00Z,2026-09-11T00:00:00Z,RSS-006,Reese Larsen,technician,scheduled
2026-09-10,day,D1,2026-09-10T12:00:00Z,2026-09-11T00:00:00Z,RSS-007,Marlowe Kowalski,technician,scheduled
2026-09-10,day,D1,2026-09-10T12:00:00Z,2026-09-11T00:00:00Z,RSS-008,Kai Hale,technician,scheduled
2026-09-10,day,D1,2026-09-10T12:00:00Z,2026-09-11T00:00:00Z,RSS-009,Alex Novak,technician,scheduled
2026-09-10,night,N1,2026-09-11T00:00:00Z,2026-09-11T12:00:00Z,RSS-019,Blake Silva,shift_lead,scheduled
2026-09-10,night,N1,2026-09-11T00:00:00Z,2026-09-11T12:00:00Z,RSS-020,Quinn Petrov,technician,scheduled
2026-09-10,night,N1,2026-09-11T00:00:00Z,2026-09-11T12:00:00Z,RSS-021,Casey Haddad,technician,scheduled
2026-09-10,night,N1,2026-09-11T00:00:00Z,2026-09-11T12:00:00Z,RSS-022,Elliot Moreau,technician,scheduled
2026-09-10,night,N1,2026-09-11T00:00:00Z,2026-09-11T12:00:00Z,RSS-023,Reese Moreau,technician,scheduled
2026-09-10,night,N1,2026-09-11T00:00:00Z,2026-09-11T12:00:00Z,RSS-024,Lane Mbeki,technician,scheduled
2026-09-11,day,D2,2026-09-11T12:00:00Z,2026-09-12T00:00:00Z,RSS-010,Casey Petrov,shift_lead,scheduled
2026-09-11,day,D2,2026-09-11T12:00:00Z,2026-09-12T00:00:00Z,RSS-011,Kai Petrov,technician,scheduled
2026-09-11,day,D2,2026-09-11T12:00:00Z,2026-09-12T00:00:00Z,RSS-012,Kendall Patel,technician,scheduled
2026-09-11,day,D2,2026-09-11T12:00:00Z,2026-09-12T00:00:00Z,RSS-013,Finley Rivera,technician,scheduled
2026-09-11,day,D2,2026-09-11T12:00:00Z,2026-09-12T00:00:00Z,RSS-014,Taylor Haddad,technician,scheduled
2026-09-11,day,D2,2026-09-11T12:00:00Z,2026-09-12T00:00:00Z,RSS-015,Elliot Haddad,technician,scheduled
2026-09-11,day,D2,2026-09-11T12:00:00Z,2026-09-12T00:00:00Z,RSS-016,Morgan Novak,technician,scheduled
2026-09-11,day,D2,2026-09-11T12:00:00Z,2026-09-12T00:00:00Z,RSS-017,Dakota Sato,technician,scheduled
2026-09-11,day,D2,2026-09-11T12:00:00Z,2026-09-12T00:00:00Z,RSS-018,Reese Novak,technician,scheduled
2026-09-11,night,N2,2026-09-12T00:00:00Z,2026-09-12T12:00:00Z,RSS-025,Morgan Sato,shift_lead,scheduled
2026-09-11,night,N2,2026-09-12T00:00:00Z,2026-09-12T12:00:00Z,RSS-026,Drew Chen,technician,scheduled
2026-09-11,night,N2,2026-09-12T00:00:00Z,2026-09-12T12:00:00Z,RSS-027,Kai Santos,technician,scheduled
2026-09-11,night,N2,2026-09-12T00:00:00Z,2026-09-12T12:00:00Z,RSS-028,Skyler Haddad,technician,scheduled
2026-09-11,night,N2,2026-09-12T00:00:00Z,2026-09-12T12:00:00Z,RSS-029,Cameron Chen,technician,scheduled
2026-09-11,night,N2,2026-09-12T00:00:00Z,2026-09-12T12:00:00Z,RSS-030,Shay Rivera,technician,scheduled
2026-09-12,day,D2,2026-09-12T12:00:00Z,2026-09-13T00:00:00Z,RSS-010,Casey Petrov,shift_lead,scheduled
2026-09-12,day,D2,2026-09-12T12:00:00Z,2026-09-13T00:00:00Z,RSS-011,Kai Petrov,technician,scheduled
2026-09-12,day,D2,2026-09-12T12:00:00Z,2026-09-13T00:00:00Z,RSS-012,Kendall Patel,technician,scheduled
2026-09-12,day,D2,2026-09-12T12:00:00Z,2026-09-13T00:00:00Z,RSS-013,Finley Rivera,technician,scheduled
2026-09-12,day,D2,2026-09-12T12:00:00Z,2026-09-13T00:00:00Z,RSS-014,Taylor Haddad,technician,scheduled
2026-09-12,day,D2,2026-09-12T12:00:00Z,2026-09-13T00:00:00Z,RSS-015,Elliot Haddad,technician,scheduled
2026-09-12,day,D2,2026-09-12T12:00:00Z,2026-09-13T00:00:00Z,RSS-016,Morgan Novak,technician,scheduled
2026-09-12,day,D2,2026-09-12T12:00:00Z,2026-09-13T00:00:00Z,RSS-017,Dakota Sato,technician,scheduled
2026-09-12,day,D2,2026-09-12T12:00:00Z,2026-09-13T00:00:00Z,RSS-018,Reese Novak,technician,scheduled
2026-09-12,night,N2,2026-09-13T00:00:00Z,2026-09-13T12:00:00Z,RSS-025,Morgan Sato,shift_lead,scheduled
2026-09-12,night,N2,2026-09-13T00:00:00Z,2026-09-13T12:00:00Z,RSS-026,Drew Chen,technician,scheduled
2026-09-12,night,N2,2026-09-13T00:00:00Z,2026-09-13T12:00:00Z,RSS-027,Kai Santos,technician,scheduled
2026-09-12,night,N2,2026-09-13T00:00:00Z,2026-09-13T12:00:00Z,RSS-028,Skyler Haddad,technician,scheduled
2026-09-12,night,N2,2026-09-13T00:00:00Z,2026-09-13T12:00:00Z,RSS-029,Cameron Chen,technician,scheduled
2026-09-12,night,N2,2026-09-13T00:00:00Z,2026-09-13T12:00:00Z,RSS-030,Shay Rivera,technician,scheduled
2026-09-13,day,D2,2026-09-13T12:00:00Z,2026-09-14T00:00:00Z,RSS-010,Casey Petrov,shift_lead,scheduled
2026-09-13,day,D2,2026-09-13T12:00:00Z,2026-09-14T00:00:00Z,RSS-011,Kai Petrov,technician,scheduled
2026-09-13,day,D2,2026-09-13T12:00:00Z,2026-09-14T00:00:00Z,RSS-012,Kendall Patel,technician,scheduled
2026-09-13,day,D2,2026-09-13T12:00:00Z,2026-09-14T00:00:00Z,RSS-013,Finley Rivera,technician,scheduled
2026-09-13,day,D2,2026-09-13T12:00:00Z,2026-09-14T00:00:00Z,RSS-014,Taylor Haddad,technician,scheduled
2026-09-13,day,D2,2026-09-13T12:00:00Z,2026-09-14T00:00:00Z,RSS-015,Elliot Haddad,technician,scheduled
2026-09-13,day,D2,2026-09-13T12:00:00Z,2026-09-14T00:00:00Z,RSS-016,Morgan Novak,technician,scheduled
2026-09-13,day,D2,2026-09-13T12:00:00Z,2026-09-14T00:00:00Z,RSS-017,Dakota Sato,technician,scheduled
2026-09-13,day,D2,2026-09-13T12:00:00Z,2026-09-14T00:00:00Z,RSS-018,Reese Novak,technician,scheduled
2026-09-13,night,N2,2026-09-14T00:00:00Z,2026-09-14T12:00:00Z,RSS-025,Morgan Sato,shift_lead,scheduled
2026-09-13,night,N2,2026-09-14T00:00:00Z,2026-09-14T12:00:00Z,RSS-026,Drew Chen,technician,scheduled
2026-09-13,night,N2,2026-09-14T00:00:00Z,2026-09-14T12:00:00Z,RSS-027,Kai Santos,technician,scheduled
2026-09-13,night,N2,2026-09-14T00:00:00Z,2026-09-14T12:00:00Z,RSS-028,Skyler Haddad,technician,scheduled
2026-09-13,night,N2,2026-09-14T00:00:00Z,2026-09-14T12:00:00Z,RSS-029,Cameron Chen,technician,scheduled
2026-09-13,night,N2,2026-09-14T00:00:00Z,2026-09-14T12:00:00Z,RSS-030,Shay Rivera,technician,scheduled
2026-09-14,day,D2,2026-09-14T12:00:00Z,2026-09-15T00:00:00Z,RSS-010,Casey Petrov,shift_lead,scheduled
2026-09-14,day,D2,2026-09-14T12:00:00Z,2026-09-15T00:00:00Z,RSS-011,Kai Petrov,technician,scheduled
2026-09-14,day,D2,2026-09-14T12:00:00Z,2026-09-15T00:00:00Z,RSS-012,Kendall Patel,technician,scheduled
2026-09-14,day,D2,2026-09-14T12:00:00Z,2026-09-15T00:00:00Z,RSS-013,Finley Rivera,technician,scheduled
2026-09-14,day,D2,2026-09-14T12:00:00Z,2026-09-15T00:00:00Z,RSS-014,Taylor Haddad,technician,scheduled
2026-09-14,day,D2,2026-09-14T12:00:00Z,2026-09-15T00:00:00Z,RSS-015,Elliot Haddad,technician,scheduled
2026-09-14,day,D2,2026-09-14T12:00:00Z,2026-09-15T00:00:00Z,RSS-016,Morgan Novak,technician,scheduled
2026-09-14,day,D2,2026-09-14T12:00:00Z,2026-09-15T00:00:00Z,RSS-017,Dakota Sato,technician,scheduled
2026-09-14,day,D2,2026-09-14T12:00:00Z,2026-09-15T00:00:00Z,RSS-018,Reese Novak,technician,scheduled
2026-09-14,night,N2,2026-09-15T00:00:00Z,2026-09-15T12:00:00Z,RSS-025,Morgan Sato,shift_lead,scheduled
2026-09-14,night,N2,2026-09-15T00:00:00Z,2026-09-15T12:00:00Z,RSS-026,Drew Chen,technician,scheduled
2026-09-14,night,N2,2026-09-15T00:00:00Z,2026-09-15T12:00:00Z,RSS-027,Kai Santos,technician,scheduled
2026-09-14,night,N2,2026-09-15T00:00:00Z,2026-09-15T12:00:00Z,RSS-028,Skyler Haddad,technician,scheduled
2026-09-14,night,N2,2026-09-15T00:00:00Z,2026-09-15T12:00:00Z,RSS-029,Cameron Chen,technician,scheduled
2026-09-14,night,N2,2026-09-15T00:00:00Z,2026-09-15T12:00:00Z,RSS-030,Shay Rivera,technician,scheduled
2026-09-15,day,D1,2026-09-15T12:00:00Z,2026-09-16T00:00:00Z,RSS-001,Hayden Petrov,shift_lead,scheduled
2026-09-15,day,D1,2026-09-15T12:00:00Z,2026-09-16T00:00:00Z,RSS-002,Dakota Garcia,technician,scheduled
2026-09-15,day,D1,2026-09-15T12:00:00Z,2026-09-16T00:00:00Z,RSS-003,Marlowe Mensah,technician,scheduled
2026-09-15,day,D1,2026-09-15T12:00:00Z,2026-09-16T00:00:00Z,RSS-004,Lane Haddad,technician,scheduled
2026-09-15,day,D1,2026-09-15T12:00:00Z,2026-09-16T00:00:00Z,RSS-005,Jesse Kim,technician,scheduled
2026-09-15,day,D1,2026-09-15T12:00:00Z,2026-09-16T00:00:00Z,RSS-006,Reese Larsen,technician,scheduled
2026-09-15,day,D1,2026-09-15T12:00:00Z,2026-09-16T00:00:00Z,RSS-007,Marlowe Kowalski,technician,scheduled
2026-09-15,day,D1,2026-09-15T12:00:00Z,2026-09-16T00:00:00Z,RSS-008,Kai Hale,technician,scheduled
2026-09-15,day,D1,2026-09-15T12:00:00Z,2026-09-16T00:00:00Z,RSS-009,Alex Novak,technician,scheduled
2026-09-15,night,N1,2026-09-16T00:00:00Z,2026-09-16T12:00:00Z,RSS-019,Blake Silva,shift_lead,scheduled
2026-09-15,night,N1,2026-09-16T00:00:00Z,2026-09-16T12:00:00Z,RSS-020,Quinn Petrov,technician,scheduled
2026-09-15,night,N1,2026-09-16T00:00:00Z,2026-09-16T12:00:00Z,RSS-021,Casey Haddad,technician,scheduled
2026-09-15,night,N1,2026-09-16T00:00:00Z,2026-09-16T12:00:00Z,RSS-022,Elliot Moreau,technician,scheduled
2026-09-15,night,N1,2026-09-16T00:00:00Z,2026-09-16T12:00:00Z,RSS-023,Reese Moreau,technician,scheduled
2026-09-15,night,N1,2026-09-16T00:00:00Z,2026-09-16T12:00:00Z,RSS-024,Lane Mbeki,technician,scheduled
2026-09-16,day,D1,2026-09-16T12:00:00Z,2026-09-17T00:00:00Z,RSS-001,Hayden Petrov,shift_lead,scheduled
2026-09-16,day,D1,2026-09-16T12:00:00Z,2026-09-17T00:00:00Z,RSS-002,Dakota Garcia,technician,scheduled
2026-09-16,day,D1,2026-09-16T12:00:00Z,2026-09-17T00:00:00Z,RSS-003,Marlowe Mensah,technician,scheduled
2026-09-16,day,D1,2026-09-16T12:00:00Z,2026-09-17T00:00:00Z,RSS-004,Lane Haddad,technician,scheduled
2026-09-16,day,D1,2026-09-16T12:00:00Z,2026-09-17T00:00:00Z,RSS-005,Jesse Kim,technician,scheduled
2026-09-16,day,D1,2026-09-16T12:00:00Z,2026-09-17T00:00:00Z,RSS-006,Reese Larsen,technician,scheduled
2026-09-16,day,D1,2026-09-16T12:00:00Z,2026-09-17T00:00:00Z,RSS-007,Marlowe Kowalski,technician,scheduled
2026-09-16,day,D1,2026-09-16T12:00:00Z,2026-09-17T00:00:00Z,RSS-008,Kai Hale,technician,scheduled
2026-09-16,day,D1,2026-09-16T12:00:00Z,2026-09-17T00:00:00Z,RSS-009,Alex Novak,technician,scheduled
2026-09-16,night,N1,2026-09-17T00:00:00Z,2026-09-17T12:00:00Z,RSS-019,Blake Silva,shift_lead,scheduled
2026-09-16,night,N1,2026-09-17T00:00:00Z,2026-09-17T12:00:00Z,RSS-020,Quinn Petrov,technician,scheduled
2026-09-16,night,N1,2026-09-17T00:00:00Z,2026-09-17T12:00:00Z,RSS-021,Casey Haddad,technician,scheduled
2026-09-16,night,N1,2026-09-17T00:00:00Z,2026-09-17T12:00:00Z,RSS-022,Elliot Moreau,technician,scheduled
2026-09-16,night,N1,2026-09-17T00:00:00Z,2026-09-17T12:00:00Z,RSS-023,Reese Moreau,technician,scheduled
2026-09-16,night,N1,2026-09-17T00:00:00Z,2026-09-17T12:00:00Z,RSS-024,Lane Mbeki,technician,scheduled
2026-09-17,day,D1,2026-09-17T12:00:00Z,2026-09-18T00:00:00Z,RSS-001,Hayden Petrov,shift_lead,scheduled
2026-09-17,day,D1,2026-09-17T12:00:00Z,2026-09-18T00:00:00Z,RSS-002,Dakota Garcia,technician,scheduled
2026-09-17,day,D1,2026-09-17T12:00:00Z,2026-09-18T00:00:00Z,RSS-003,Marlowe Mensah,technician,scheduled
2026-09-17,day,D1,2026-09-17T12:00:00Z,2026-09-18T00:00:00Z,RSS-004,Lane Haddad,technician,scheduled
2026-09-17,day,D1,2026-09-17T12:00:00Z,2026-09-18T00:00:00Z,RSS-005,Jesse Kim,technician,scheduled
2026-09-17,day,D1,2026-09-17T12:00:00Z,2026-09-18T00:00:00Z,RSS-006,Reese Larsen,technician,scheduled
2026-09-17,day,D1,2026-09-17T12:00:00Z,2026-09-18T00:00:00Z,RSS-007,Marlowe Kowalski,technician,scheduled
2026-09-17,day,D1,2026-09-17T12:00:00Z,2026-09-18T00:00:00Z,RSS-008,Kai Hale,technician,scheduled
2026-09-17,day,D1,2026-09-17T12:00:00Z,2026-09-18T00:00:00Z,RSS-009,Alex Novak,technician,scheduled
2026-09-17,night,N1,2026-09-18T00:00:00Z,2026-09-18T12:00:00Z,RSS-019,Blake Silva,shift_lead,scheduled
2026-09-17,night,N1,2026-09-18T00:00:00Z,2026-09-18T12:00:00Z,RSS-020,Quinn Petrov,technician,scheduled
2026-09-17,night,N1,2026-09-18T00:00:00Z,2026-09-18T12:00:00Z,RSS-021,Casey Haddad,technician,scheduled
2026-09-17,night,N1,2026-09-18T00:00:00Z,2026-09-18T12:00:00Z,RSS-022,Elliot Moreau,technician,scheduled
2026-09-17,night,N1,2026-09-18T00:00:00Z,2026-09-18T12:00:00Z,RSS-023,Reese Moreau,technician,scheduled
2026-09-17,night,N1,2026-09-18T00:00:00Z,2026-09-18T12:00:00Z,RSS-024,Lane Mbeki,technician,scheduled
2026-09-18,day,D1,2026-09-18T12:00:00Z,2026-09-19T00:00:00Z,RSS-001,Hayden Petrov,shift_lead,scheduled
2026-09-18,day,D1,2026-09-18T12:00:00Z,2026-09-19T00:00:00Z,RSS-002,Dakota Garcia,technician,scheduled
2026-09-18,day,D1,2026-09-18T12:00:00Z,2026-09-19T00:00:00Z,RSS-003,Marlowe Mensah,technician,scheduled
2026-09-18,day,D1,2026-09-18T12:00:00Z,2026-09-19T00:00:00Z,RSS-004,Lane Haddad,technician,scheduled
2026-09-18,day,D1,2026-09-18T12:00:00Z,2026-09-19T00:00:00Z,RSS-005,Jesse Kim,technician,scheduled
2026-09-18,day,D1,2026-09-18T12:00:00Z,2026-09-19T00:00:00Z,RSS-006,Reese Larsen,technician,scheduled
2026-09-18,day,D1,2026-09-18T12:00:00Z,2026-09-19T00:00:00Z,RSS-007,Marlowe Kowalski,technician,scheduled
2026-09-18,day,D1,2026-09-18T12:00:00Z,2026-09-19T00:00:00Z,RSS-008,Kai Hale,technician,scheduled
2026-09-18,day,D1,2026-09-18T12:00:00Z,2026-09-19T00:00:00Z,RSS-009,Alex Novak,technician,scheduled
2026-09-18,night,N1,2026-09-19T00:00:00Z,2026-09-19T12:00:00Z,RSS-019,Blake Silva,shift_lead,scheduled
2026-09-18,night,N1,2026-09-19T00:00:00Z,2026-09-19T12:00:00Z,RSS-020,Quinn Petrov,technician,scheduled
2026-09-18,night,N1,2026-09-19T00:00:00Z,2026-09-19T12:00:00Z,RSS-021,Casey Haddad,technician,scheduled
2026-09-18,night,N1,2026-09-19T00:00:00Z,2026-09-19T12:00:00Z,RSS-022,Elliot Moreau,technician,scheduled
2026-09-18,night,N1,2026-09-19T00:00:00Z,2026-09-19T12:00:00Z,RSS-023,Reese Moreau,technician,scheduled
2026-09-18,night,N1,2026-09-19T00:00:00Z,2026-09-19T12:00:00Z,RSS-024,Lane Mbeki,technician,scheduled
2026-09-19,day,D2,2026-09-19T12:00:00Z,2026-09-20T00:00:00Z,RSS-010,Casey Petrov,shift_lead,scheduled
2026-09-19,day,D2,2026-09-19T12:00:00Z,2026-09-20T00:00:00Z,RSS-011,Kai Petrov,technician,scheduled
2026-09-19,day,D2,2026-09-19T12:00:00Z,2026-09-20T00:00:00Z,RSS-012,Kendall Patel,technician,scheduled
2026-09-19,day,D2,2026-09-19T12:00:00Z,2026-09-20T00:00:00Z,RSS-013,Finley Rivera,technician,scheduled
2026-09-19,day,D2,2026-09-19T12:00:00Z,2026-09-20T00:00:00Z,RSS-014,Taylor Haddad,technician,scheduled
2026-09-19,day,D2,2026-09-19T12:00:00Z,2026-09-20T00:00:00Z,RSS-015,Elliot Haddad,technician,scheduled
2026-09-19,day,D2,2026-09-19T12:00:00Z,2026-09-20T00:00:00Z,RSS-016,Morgan Novak,technician,scheduled
2026-09-19,day,D2,2026-09-19T12:00:00Z,2026-09-20T00:00:00Z,RSS-017,Dakota Sato,technician,scheduled
2026-09-19,day,D2,2026-09-19T12:00:00Z,2026-09-20T00:00:00Z,RSS-018,Reese Novak,technician,scheduled
2026-09-19,night,N2,2026-09-20T00:00:00Z,2026-09-20T12:00:00Z,RSS-025,Morgan Sato,shift_lead,scheduled
2026-09-19,night,N2,2026-09-20T00:00:00Z,2026-09-20T12:00:00Z,RSS-026,Drew Chen,technician,scheduled
2026-09-19,night,N2,2026-09-20T00:00:00Z,2026-09-20T12:00:00Z,RSS-027,Kai Santos,technician,scheduled
2026-09-19,night,N2,2026-09-20T00:00:00Z,2026-09-20T12:00:00Z,RSS-028,Skyler Haddad,technician,scheduled
2026-09-19,night,N2,2026-09-20T00:00:00Z,2026-09-20T12:00:00Z,RSS-029,Cameron Chen,technician,scheduled
2026-09-19,night,N2,2026-09-20T00:00:00Z,2026-09-20T12:00:00Z,RSS-030,Shay Rivera,technician,scheduled
2026-09-20,day,D2,2026-09-20T12:00:00Z,2026-09-21T00:00:00Z,RSS-010,Casey Petrov,shift_lead,scheduled
2026-09-20,day,D2,2026-09-20T12:00:00Z,2026-09-21T00:00:00Z,RSS-011,Kai Petrov,technician,scheduled
2026-09-20,day,D2,2026-09-20T12:00:00Z,2026-09-21T00:00:00Z,RSS-012,Kendall Patel,technician,scheduled
2026-09-20,day,D2,2026-09-20T12:00:00Z,2026-09-21T00:00:00Z,RSS-013,Finley Rivera,technician,scheduled
2026-09-20,day,D2,2026-09-20T12:00:00Z,2026-09-21T00:00:00Z,RSS-014,Taylor Haddad,technician,scheduled
2026-09-20,day,D2,2026-09-20T12:00:00Z,2026-09-21T00:00:00Z,RSS-015,Elliot Haddad,technician,scheduled
2026-09-20,day,D2,2026-09-20T12:00:00Z,2026-09-21T00:00:00Z,RSS-016,Morgan Novak,technician,scheduled
2026-09-20,day,D2,2026-09-20T12:00:00Z,2026-09-21T00:00:00Z,RSS-017,Dakota Sato,technician,scheduled
2026-09-20,day,D2,2026-09-20T12:00:00Z,2026-09-21T00:00:00Z,RSS-018,Reese Novak,technician,scheduled
2026-09-20,night,N2,2026-09-21T00:00:00Z,2026-09-21T12:00:00Z,RSS-025,Morgan Sato,shift_lead,scheduled
2026-09-20,night,N2,2026-09-21T00:00:00Z,2026-09-21T12:00:00Z,RSS-026,Drew Chen,technician,scheduled
2026-09-20,night,N2,2026-09-21T00:00:00Z,2026-09-21T12:00:00Z,RSS-027,Kai Santos,technician,scheduled
2026-09-20,night,N2,2026-09-21T00:00:00Z,2026-09-21T12:00:00Z,RSS-028,Skyler Haddad,technician,scheduled
2026-09-20,night,N2,2026-09-21T00:00:00Z,2026-09-21T12:00:00Z,RSS-029,Cameron Chen,technician,scheduled
2026-09-20,night,N2,2026-09-21T00:00:00Z,2026-09-21T12:00:00Z,RSS-030,Shay Rivera,technician,scheduled
2026-09-21,day,D2,2026-09-21T12:00:00Z,2026-09-22T00:00:00Z,RSS-010,Casey Petrov,shift_lead,scheduled
2026-09-21,day,D2,2026-09-21T12:00:00Z,2026-09-22T00:00:00Z,RSS-011,Kai Petrov,technician,scheduled
2026-09-21,day,D2,2026-09-21T12:00:00Z,2026-09-22T00:00:00Z,RSS-012,Kendall Patel,technician,scheduled
2026-09-21,day,D2,2026-09-21T12:00:00Z,2026-09-22T00:00:00Z,RSS-013,Finley Rivera,technician,scheduled
2026-09-21,day,D2,2026-09-21T12:00:00Z,2026-09-22T00:00:00Z,RSS-014,Taylor Haddad,technician,scheduled
2026-09-21,day,D2,2026-09-21T12:00:00Z,2026-09-22T00:00:00Z,RSS-015,Elliot Haddad,technician,scheduled
2026-09-21,day,D2,2026-09-21T12:00:00Z,2026-09-22T00:00:00Z,RSS-016,Morgan Novak,technician,scheduled
2026-09-21,day,D2,2026-09-21T12:00:00Z,2026-09-22T00:00:00Z,RSS-017,Dakota Sato,technician,scheduled
2026-09-21,day,D2,2026-09-21T12:00:00Z,2026-09-22T00:00:00Z,RSS-018,Reese Novak,technician,scheduled
2026-09-21,night,N2,2026-09-22T00:00:00Z,2026-09-22T12:00:00Z,RSS-025,Morgan Sato,shift_lead,scheduled
2026-09-21,night,N2,2026-09-22T00:00:00Z,2026-09-22T12:00:00Z,RSS-026,Drew Chen,technician,scheduled
2026-09-21,night,N2,2026-09-22T00:00:00Z,2026-09-22T12:00:00Z,RSS-027,Kai Santos,technician,scheduled
2026-09-21,night,N2,2026-09-22T00:00:00Z,2026-09-22T12:00:00Z,RSS-028,Skyler Haddad,technician,scheduled
2026-09-21,night,N2,2026-09-22T00:00:00Z,2026-09-22T12:00:00Z,RSS-029,Cameron Chen,technician,scheduled
2026-09-21,night,N2,2026-09-22T00:00:00Z,2026-09-22T12:00:00Z,RSS-030,Shay Rivera,technician,scheduled
2026-09-22,day,D2,2026-09-22T12:00:00Z,2026-09-23T00:00:00Z,RSS-010,Casey Petrov,shift_lead,scheduled
2026-09-22,day,D2,2026-09-22T12:00:00Z,2026-09-23T00:00:00Z,RSS-011,Kai Petrov,technician,scheduled
2026-09-22,day,D2,2026-09-22T12:00:00Z,2026-09-23T00:00:00Z,RSS-012,Kendall Patel,technician,scheduled
2026-09-22,day,D2,2026-09-22T12:00:00Z,2026-09-23T00:00:00Z,RSS-013,Finley Rivera,technician,scheduled
2026-09-22,day,D2,2026-09-22T12:00:00Z,2026-09-23T00:00:00Z,RSS-014,Taylor Haddad,technician,scheduled
2026-09-22,day,D2,2026-09-22T12:00:00Z,2026-09-23T00:00:00Z,RSS-015,Elliot Haddad,technician,scheduled
2026-09-22,day,D2,2026-09-22T12:00:00Z,2026-09-23T00:00:00Z,RSS-016,Morgan Novak,technician,scheduled
2026-09-22,day,D2,2026-09-22T12:00:00Z,2026-09-23T00:00:00Z,RSS-017,Dakota Sato,technician,scheduled
2026-09-22,day,D2,2026-09-22T12:00:00Z,2026-09-23T00:00:00Z,RSS-018,Reese Novak,technician,scheduled
2026-09-22,night,N2,2026-09-23T00:00:00Z,2026-09-23T12:00:00Z,RSS-025,Morgan Sato,shift_lead,scheduled
2026-09-22,night,N2,2026-09-23T00:00:00Z,2026-09-23T12:00:00Z,RSS-026,Drew Chen,technician,scheduled
2026-09-22,night,N2,2026-09-23T00:00:00Z,2026-09-23T12:00:00Z,RSS-027,Kai Santos,technician,scheduled
2026-09-22,night,N2,2026-09-23T00:00:00Z,2026-09-23T12:00:00Z,RSS-028,Skyler Haddad,technician,scheduled
2026-09-22,night,N2,2026-09-23T00:00:00Z,2026-09-23T12:00:00Z,RSS-029,Cameron Chen,technician,scheduled
2026-09-22,night,N2,2026-09-23T00:00:00Z,2026-09-23T12:00:00Z,RSS-030,Shay Rivera,technician,scheduled
2026-09-23,day,D1,2026-09-23T12:00:00Z,2026-09-24T00:00:00Z,RSS-001,Hayden Petrov,shift_lead,scheduled
2026-09-23,day,D1,2026-09-23T12:00:00Z,2026-09-24T00:00:00Z,RSS-002,Dakota Garcia,technician,scheduled
2026-09-23,day,D1,2026-09-23T12:00:00Z,2026-09-24T00:00:00Z,RSS-003,Marlowe Mensah,technician,scheduled
2026-09-23,day,D1,2026-09-23T12:00:00Z,2026-09-24T00:00:00Z,RSS-004,Lane Haddad,technician,scheduled
2026-09-23,day,D1,2026-09-23T12:00:00Z,2026-09-24T00:00:00Z,RSS-005,Jesse Kim,technician,scheduled
2026-09-23,day,D1,2026-09-23T12:00:00Z,2026-09-24T00:00:00Z,RSS-006,Reese Larsen,technician,scheduled
2026-09-23,day,D1,2026-09-23T12:00:00Z,2026-09-24T00:00:00Z,RSS-007,Marlowe Kowalski,technician,scheduled
2026-09-23,day,D1,2026-09-23T12:00:00Z,2026-09-24T00:00:00Z,RSS-008,Kai Hale,technician,scheduled
2026-09-23,day,D1,2026-09-23T12:00:00Z,2026-09-24T00:00:00Z,RSS-009,Alex Novak,technician,scheduled
2026-09-23,night,N1,2026-09-24T00:00:00Z,2026-09-24T12:00:00Z,RSS-019,Blake Silva,shift_lead,scheduled
2026-09-23,night,N1,2026-09-24T00:00:00Z,2026-09-24T12:00:00Z,RSS-020,Quinn Petrov,technician,scheduled
2026-09-23,night,N1,2026-09-24T00:00:00Z,2026-09-24T12:00:00Z,RSS-021,Casey Haddad,technician,scheduled
2026-09-23,night,N1,2026-09-24T00:00:00Z,2026-09-24T12:00:00Z,RSS-022,Elliot Moreau,technician,scheduled
2026-09-23,night,N1,2026-09-24T00:00:00Z,2026-09-24T12:00:00Z,RSS-023,Reese Moreau,technician,scheduled
2026-09-23,night,N1,2026-09-24T00:00:00Z,2026-09-24T12:00:00Z,RSS-024,Lane Mbeki,technician,scheduled
2026-09-24,day,D1,2026-09-24T12:00:00Z,2026-09-25T00:00:00Z,RSS-001,Hayden Petrov,shift_lead,scheduled
2026-09-24,day,D1,2026-09-24T12:00:00Z,2026-09-25T00:00:00Z,RSS-002,Dakota Garcia,technician,scheduled
2026-09-24,day,D1,2026-09-24T12:00:00Z,2026-09-25T00:00:00Z,RSS-003,Marlowe Mensah,technician,scheduled
2026-09-24,day,D1,2026-09-24T12:00:00Z,2026-09-25T00:00:00Z,RSS-004,Lane Haddad,technician,scheduled
2026-09-24,day,D1,2026-09-24T12:00:00Z,2026-09-25T00:00:00Z,RSS-005,Jesse Kim,technician,scheduled
2026-09-24,day,D1,2026-09-24T12:00:00Z,2026-09-25T00:00:00Z,RSS-006,Reese Larsen,technician,scheduled
2026-09-24,day,D1,2026-09-24T12:00:00Z,2026-09-25T00:00:00Z,RSS-007,Marlowe Kowalski,technician,scheduled
2026-09-24,day,D1,2026-09-24T12:00:00Z,2026-09-25T00:00:00Z,RSS-008,Kai Hale,technician,scheduled
2026-09-24,day,D1,2026-09-24T12:00:00Z,2026-09-25T00:00:00Z,RSS-009,Alex Novak,technician,scheduled
2026-09-24,night,N1,2026-09-25T00:00:00Z,2026-09-25T12:00:00Z,RSS-019,Blake Silva,shift_lead,scheduled
2026-09-24,night,N1,2026-09-25T00:00:00Z,2026-09-25T12:00:00Z,RSS-020,Quinn Petrov,technician,scheduled
2026-09-24,night,N1,2026-09-25T00:00:00Z,2026-09-25T12:00:00Z,RSS-021,Casey Haddad,technician,scheduled
2026-09-24,night,N1,2026-09-25T00:00:00Z,2026-09-25T12:00:00Z,RSS-022,Elliot Moreau,technician,scheduled
2026-09-24,night,N1,2026-09-25T00:00:00Z,2026-09-25T12:00:00Z,RSS-023,Reese Moreau,technician,scheduled
2026-09-24,night,N1,2026-09-25T00:00:00Z,2026-09-25T12:00:00Z,RSS-024,Lane Mbeki,technician,scheduled
2026-09-25,day,D1,2026-09-25T12:00:00Z,2026-09-26T00:00:00Z,RSS-001,Hayden Petrov,shift_lead,scheduled
2026-09-25,day,D1,2026-09-25T12:00:00Z,2026-09-26T00:00:00Z,RSS-002,Dakota Garcia,technician,scheduled
2026-09-25,day,D1,2026-09-25T12:00:00Z,2026-09-26T00:00:00Z,RSS-003,Marlowe Mensah,technician,scheduled
2026-09-25,day,D1,2026-09-25T12:00:00Z,2026-09-26T00:00:00Z,RSS-004,Lane Haddad,technician,scheduled
2026-09-25,day,D1,2026-09-25T12:00:00Z,2026-09-26T00:00:00Z,RSS-005,Jesse Kim,technician,scheduled
2026-09-25,day,D1,2026-09-25T12:00:00Z,2026-09-26T00:00:00Z,RSS-006,Reese Larsen,technician,scheduled
2026-09-25,day,D1,2026-09-25T12:00:00Z,2026-09-26T00:00:00Z,RSS-007,Marlowe Kowalski,technician,scheduled
2026-09-25,day,D1,2026-09-25T12:00:00Z,2026-09-26T00:00:00Z,RSS-008,Kai Hale,technician,scheduled
2026-09-25,day,D1,2026-09-25T12:00:00Z,2026-09-26T00:00:00Z,RSS-009,Alex Novak,technician,scheduled
2026-09-25,night,N1,2026-09-26T00:00:00Z,2026-09-26T12:00:00Z,RSS-019,Blake Silva,shift_lead,scheduled
2026-09-25,night,N1,2026-09-26T00:00:00Z,2026-09-26T12:00:00Z,RSS-020,Quinn Petrov,technician,scheduled
2026-09-25,night,N1,2026-09-26T00:00:00Z,2026-09-26T12:00:00Z,RSS-021,Casey Haddad,technician,scheduled
2026-09-25,night,N1,2026-09-26T00:00:00Z,2026-09-26T12:00:00Z,RSS-022,Elliot Moreau,technician,scheduled
2026-09-25,night,N1,2026-09-26T00:00:00Z,2026-09-26T12:00:00Z,RSS-023,Reese Moreau,technician,scheduled
2026-09-25,night,N1,2026-09-26T00:00:00Z,2026-09-26T12:00:00Z,RSS-024,Lane Mbeki,technician,scheduled
2026-09-26,day,D1,2026-09-26T12:00:00Z,2026-09-27T00:00:00Z,RSS-001,Hayden Petrov,shift_lead,scheduled
2026-09-26,day,D1,2026-09-26T12:00:00Z,2026-09-27T00:00:00Z,RSS-002,Dakota Garcia,technician,scheduled
2026-09-26,day,D1,2026-09-26T12:00:00Z,2026-09-27T00:00:00Z,RSS-003,Marlowe Mensah,technician,scheduled
2026-09-26,day,D1,2026-09-26T12:00:00Z,2026-09-27T00:00:00Z,RSS-004,Lane Haddad,technician,scheduled
2026-09-26,day,D1,2026-09-26T12:00:00Z,2026-09-27T00:00:00Z,RSS-005,Jesse Kim,technician,scheduled
2026-09-26,day,D1,2026-09-26T12:00:00Z,2026-09-27T00:00:00Z,RSS-006,Reese Larsen,technician,scheduled
2026-09-26,day,D1,2026-09-26T12:00:00Z,2026-09-27T00:00:00Z,RSS-007,Marlowe Kowalski,technician,scheduled
2026-09-26,day,D1,2026-09-26T12:00:00Z,2026-09-27T00:00:00Z,RSS-008,Kai Hale,technician,scheduled
2026-09-26,day,D1,2026-09-26T12:00:00Z,2026-09-27T00:00:00Z,RSS-009,Alex Novak,technician,scheduled
2026-09-26,night,N1,2026-09-27T00:00:00Z,2026-09-27T12:00:00Z,RSS-019,Blake Silva,shift_lead,scheduled
2026-09-26,night,N1,2026-09-27T00:00:00Z,2026-09-27T12:00:00Z,RSS-020,Quinn Petrov,technician,scheduled
2026-09-26,night,N1,2026-09-27T00:00:00Z,2026-09-27T12:00:00Z,RSS-021,Casey Haddad,technician,scheduled
2026-09-26,night,N1,2026-09-27T00:00:00Z,2026-09-27T12:00:00Z,RSS-022,Elliot Moreau,technician,scheduled
2026-09-26,night,N1,2026-09-27T00:00:00Z,2026-09-27T12:00:00Z,RSS-023,Reese Moreau,technician,scheduled
2026-09-26,night,N1,2026-09-27T00:00:00Z,2026-09-27T12:00:00Z,RSS-024,Lane Mbeki,technician,scheduled
2026-09-27,day,D2,2026-09-27T12:00:00Z,2026-09-28T00:00:00Z,RSS-010,Casey Petrov,shift_lead,scheduled
2026-09-27,day,D2,2026-09-27T12:00:00Z,2026-09-28T00:00:00Z,RSS-011,Kai Petrov,technician,scheduled
2026-09-27,day,D2,2026-09-27T12:00:00Z,2026-09-28T00:00:00Z,RSS-012,Kendall Patel,technician,scheduled
2026-09-27,day,D2,2026-09-27T12:00:00Z,2026-09-28T00:00:00Z,RSS-013,Finley Rivera,technician,scheduled
2026-09-27,day,D2,2026-09-27T12:00:00Z,2026-09-28T00:00:00Z,RSS-014,Taylor Haddad,technician,scheduled
2026-09-27,day,D2,2026-09-27T12:00:00Z,2026-09-28T00:00:00Z,RSS-015,Elliot Haddad,technician,scheduled
2026-09-27,day,D2,2026-09-27T12:00:00Z,2026-09-28T00:00:00Z,RSS-016,Morgan Novak,technician,scheduled
2026-09-27,day,D2,2026-09-27T12:00:00Z,2026-09-28T00:00:00Z,RSS-017,Dakota Sato,technician,scheduled
2026-09-27,day,D2,2026-09-27T12:00:00Z,2026-09-28T00:00:00Z,RSS-018,Reese Novak,technician,scheduled
