timestamp,transaction,fru,qty,ticket,balance_after
2026-08-31T04:34:18Z,issue,PSU (5.5 kW),-1,INC3100017,35
2026-08-31T15:00:00Z,receive,PSU (5.5 kW),1,,36
2026-08-31T21:57:38Z,issue,800G OSFP optic,-1,INC3100034,224
2026-09-01T00:41:46Z,issue,PSU (5.5 kW),-1,INC3100051,35
2026-09-01T08:20:19Z,issue,Compute tray,-1,INC3100068,8
2026-09-03T12:10:17Z,issue,800G OSFP optic,-1,INC3100136,223
2026-09-03T19:59:18Z,issue,800G OSFP optic,-1,INC3100153,222
2026-09-03T23:12:05Z,issue,800G OSFP optic,-1,INC3100170,221
2026-09-04T01:17:18Z,issue,Compute tray,-1,INC3100187,7
2026-09-04T20:49:15Z,issue,Compute tray,-1,INC3100255,6
2026-09-04T23:55:07Z,issue,800G OSFP optic,-1,INC3100272,220
2026-09-05T00:43:03Z,issue,Compute tray,-1,INC3100306,5
2026-09-05T11:34:32Z,issue,PSU (5.5 kW),-1,INC3100323,34
2026-09-06T03:32:22Z,issue,800G OSFP optic,-1,INC3100340,219
2026-09-06T13:33:25Z,issue,Compute tray,-1,INC3100357,4
2026-09-07T03:08:45Z,issue,Compute tray,-1,INC3100391,3
2026-09-07T07:35:12Z,issue,PSU (5.5 kW),-1,INC3100408,33
2026-09-07T15:00:00Z,receive,Compute tray,6,,9
2026-09-07T15:00:00Z,receive,PSU (5.5 kW),3,,36
2026-09-07T15:00:00Z,receive,800G OSFP optic,6,,225
2026-09-08T13:28:50Z,issue,Compute tray,-1,INC3100476,8
2026-09-09T21:56:53Z,issue,Compute tray,-1,INC3100510,7
2026-09-11T16:34:20Z,issue,800G OSFP optic,-1,INC3100561,224
2026-09-11T17:06:05Z,issue,Compute tray,-1,INC3100544,6
2026-09-11T22:22:11Z,issue,800G OSFP optic,-1,INC3100578,223
2026-09-13T04:58:50Z,issue,Compute tray,-1,INC3100629,5
2026-09-13T07:59:25Z,issue,Compute tray,-1,INC3100646,4
2026-09-13T23:05:00Z,count_adjustment,Compute tray,-1,,3
2026-09-14T02:18:50Z,issue,800G OSFP optic,-1,INC3100697,222
2026-09-14T11:15:13Z,issue,Manifold hose and quick-disconnect kit,-1,INC3100714,14
2026-09-14T15:00:00Z,receive,Compute tray,6,,9
2026-09-14T15:00:00Z,receive,800G OSFP optic,3,,225
2026-09-14T15:00:00Z,receive,Manifold hose and quick-disconnect kit,1,,15
2026-09-14T18:41:58Z,issue,800G OSFP optic,-1,INC3100731,224
2026-09-15T10:23:33Z,issue,Compute tray,-1,INC3100748,8
2026-09-15T14:03:11Z,issue,Compute tray,-1,INC3100765,7
2026-09-15T20:51:50Z,issue,Compute tray,-1,INC3100799,6
2026-09-16T02:06:59Z,issue,Compute tray,-1,INC3100833,5
2026-09-17T11:07:05Z,issue,Power shelf,-1,INC3100850,5
2026-09-17T14:18:22Z,issue,Compute tray,-1,INC3100867,4
2026-09-20T17:07:27Z,issue,Compute tray,-1,INC3100884,3
2026-09-20T21:08:14Z,issue,PSU (5.5 kW),-1,INC3100901,35
2026-09-21T06:12:21Z,issue,Compute tray,-1,INC3100935,2
2026-09-21T15:00:00Z,receive,Compute tray,7,,9
2026-09-21T15:00:00Z,receive,Power shelf,1,,6
2026-09-21T15:00:00Z,receive,PSU (5.5 kW),1,,36
2026-09-21T15:00:00Z,receive,800G OSFP optic,1,,225
2026-09-22T01:50:17Z,issue,Compute tray,-1,INC3100952,8
2026-09-22T21:30:18Z,issue,PSU (5.5 kW),-1,INC3100969,35
2026-09-22T21:50:19Z,issue,Compute tray,-1,INC3100986,7
2026-09-23T07:36:27Z,issue,Compute tray,-1,INC3101020,6
2026-09-23T10:36:03Z,issue,800G OSFP optic,-1,INC3101003,224
2026-09-23T10:54:00Z,issue,800G OSFP optic,-1,INC3101037,223
2026-09-23T13:12:29Z,issue,Compute tray,-1,INC3101054,5
2026-09-24T02:52:55Z,issue,800G OSFP optic,-1,INC3101071,222
2026-09-24T04:47:25Z,issue,800G OSFP optic,-1,INC3101088,221
2026-09-24T07:23:41Z,issue,800G OSFP optic,-1,INC3101105,220
2026-09-24T13:51:11Z,issue,800G OSFP optic,-1,INC3101122,219
2026-09-24T17:50:38Z,issue,Compute tray,-1,INC3101139,4
2026-09-25T01:33:51Z,issue,Compute tray,-1,INC3101156,3
2026-09-25T09:14:20Z,issue,NVLink switch tray,-1,INC3101173,2
2026-09-25T18:36:55Z,issue,800G OSFP optic,-1,INC3101190,218
2026-09-25T23:20:29Z,issue,Compute tray,-1,INC3101224,2
2026-09-26T00:23:45Z,issue,PSU (5.5 kW),-1,INC3101207,34
2026-09-26T01:24:49Z,issue,Compute tray,-1,INC3101241,1
