rack,hall,planned_receipt,committed_handoff
B01,HALL-B,2026-08-31T13:00:00Z,2026-09-10T13:00:00Z
B02,HALL-B,2026-09-01T13:00:00Z,2026-09-11T13:00:00Z
B03,HALL-B,2026-09-02T13:00:00Z,2026-09-12T13:00:00Z
B04,HALL-B,2026-09-04T13:00:00Z,2026-09-14T13:00:00Z
B05,HALL-B,2026-09-05T13:00:00Z,2026-09-15T13:00:00Z
B06,HALL-B,2026-09-07T13:00:00Z,2026-09-17T13:00:00Z
B07,HALL-B,2026-09-08T13:00:00Z,2026-09-18T13:00:00Z
B08,HALL-B,2026-09-09T13:00:00Z,2026-09-19T13:00:00Z
B09,HALL-B,2026-09-11T13:00:00Z,2026-09-21T13:00:00Z
B10,HALL-B,2026-09-12T13:00:00Z,2026-09-22T13:00:00Z
B11,HALL-B,2026-09-14T13:00:00Z,2026-09-24T13:00:00Z
B12,HALL-B,2026-09-15T13:00:00Z,2026-09-25T13:00:00Z
B13,HALL-B,2026-09-16T13:00:00Z,2026-09-26T13:00:00Z
B14,HALL-B,2026-09-18T13:00:00Z,2026-09-28T13:00:00Z
B15,HALL-B,2026-09-19T13:00:00Z,2026-09-29T13:00:00Z
B16,HALL-B,2026-09-21T13:00:00Z,2026-10-01T13:00:00Z
B17,HALL-B,2026-09-22T13:00:00Z,2026-10-02T13:00:00Z
B18,HALL-B,2026-09-23T13:00:00Z,2026-10-03T13:00:00Z
B19,HALL-B,2026-09-25T13:00:00Z,2026-10-05T13:00:00Z
B20,HALL-B,2026-09-26T13:00:00Z,2026-10-06T13:00:00Z
B21,HALL-B,2026-09-28T13:00:00Z,2026-10-08T13:00:00Z
B22,HALL-B,2026-09-29T13:00:00Z,2026-10-09T13:00:00Z
B23,HALL-B,2026-09-30T13:00:00Z,2026-10-10T13:00:00Z
B24,HALL-B,2026-10-02T13:00:00Z,2026-10-12T13:00:00Z
B25,HALL-B,2026-10-03T13:00:00Z,2026-10-13T13:00:00Z
B26,HALL-B,2026-10-05T13:00:00Z,2026-10-15T13:00:00Z
B27,HALL-B,2026-10-06T13:00:00Z,2026-10-16T13:00:00Z
B28,HALL-B,2026-10-07T13:00:00Z,2026-10-17T13:00:00Z
B29,HALL-B,2026-10-09T13:00:00Z,2026-10-19T13:00:00Z
B30,HALL-B,2026-10-10T13:00:00Z,2026-10-20T13:00:00Z
B31,HALL-B,2026-10-12T13:00:00Z,2026-10-22T13:00:00Z
B32,HALL-B,2026-10-13T13:00:00Z,2026-10-23T13:00:00Z
