date,outdoor_c,facility_kwh,it_kwh,cooling_kwh,power_loss_kwh,other_kwh
2025-09-29,29.0,113476.1,70769.9,28344.8,4752.3,9609.2
2025-09-30,27.2,112275.3,71120.8,26807.8,4751.2,9595.4
2025-10-01,22.4,109158.9,71654.2,23182.4,4736.9,9585.5
2025-10-02,20.5,108727.3,72383.8,22014.4,4755.2,9573.9
2025-10-03,20.7,108934.8,72306.1,22272.6,4754.8,9601.3
2025-10-04,21.3,107476.4,71039.9,22138.6,4701.2,9596.6
2025-10-05,22.6,109478.2,71622.5,23516.4,4739.1,9600.2
2025-10-06,23.1,109600.2,71210.6,24050.9,4727.5,9611.2
2025-10-07,20.8,104292.6,68650.1,21444.9,4595.8,9601.8
2025-10-08,20.0,105718.4,70171.6,21288.6,4657.0,9601.2
2025-10-09,19.5,107500.4,71946.9,21228.4,4729.5,9595.6
2025-10-10,22.1,109666.6,72024.7,23286.6,4753.4,9601.9
2025-10-11,21.6,107517.5,70623.1,22600.5,4688.7,9605.2
2025-10-12,23.1,109613.5,71592.8,23695.5,4739.5,9585.7
2025-10-13,22.3,107955.4,70554.5,23112.1,4691.0,9597.8
2025-10-14,21.6,106836.0,70192.6,22379.3,4668.7,9595.4
2025-10-15,22.9,107831.8,70156.9,23391.4,4677.4,9606.0
2025-10-16,25.9,112652.5,71749.5,26539.6,4774.4,9589.0
2025-10-17,25.2,110955.2,71266.7,25349.7,4742.7,9596.1
2025-10-18,26.2,110849.3,70384.7,26144.9,4714.4,9605.5
2025-10-19,25.9,111203.1,70847.0,26035.5,4732.2,9588.4
2025-10-20,23.6,110618.6,71935.6,24309.0,4760.0,9614.0
2025-10-21,24.4,112901.1,73209.5,25271.4,4822.0,9598.2
2025-10-22,24.9,112535.7,72616.8,25524.5,4800.1,9594.3
2025-10-23,25.0,110355.1,70782.1,25260.6,4721.8,9590.6
2025-10-24,22.2,108753.7,71443.5,22984.1,4726.4,9599.7
2025-10-25,22.9,107181.6,69754.0,23166.1,4658.5,9602.9
2025-10-26,22.2,106805.6,69778.2,22773.1,4655.6,9598.8
2025-10-27,23.5,113483.3,74112.4,24904.6,4855.7,9610.5
2025-10-28,23.0,109491.8,71371.1,23795.8,4731.4,9593.5
2025-10-29,22.5,109455.7,71661.6,23462.1,4740.1,9592.0
2025-10-30,22.9,111004.1,72390.3,24239.3,4777.9,9596.6
2025-10-31,21.3,109515.6,72355.8,22783.7,4762.1,9614.0
2025-11-01,14.3,104571.8,71849.0,18417.4,4697.5,9608.0
2025-11-02,13.5,101377.9,70492.8,16737.8,4623.9,9523.3
2025-11-03,13.9,101155.7,69967.8,16989.3,4605.5,9593.2
2025-11-04,16.2,104440.9,71891.1,18253.4,4697.5,9598.9
2025-11-05,19.6,106258.9,71147.1,20823.1,4692.5,9596.2
2025-11-06,18.1,107360.4,72777.5,20235.0,4753.8,9594.1
2025-11-07,16.0,103472.7,70860.5,18362.0,4656.0,9594.2
2025-11-08,12.5,103489.4,72150.2,17037.2,4696.1,9605.8
2025-11-09,13.0,100553.2,70061.3,16289.6,4602.4,9599.8
2025-11-10,12.4,100859.5,70243.8,16404.4,4611.1,9600.3
2025-11-11,15.6,104425.8,72217.1,17904.4,4707.4,9596.9
2025-11-12,16.5,104146.0,71207.8,18669.4,4673.5,9595.4
2025-11-13,13.9,101816.5,70227.9,17366.9,4620.1,9601.5
2025-11-14,14.7,102199.8,70818.6,17134.5,4642.1,9604.6
2025-11-15,17.9,104961.8,71356.5,19310.4,4686.1,9608.7
2025-11-16,19.2,104612.9,69962.4,20414.3,4639.6,9596.7
2025-11-17,20.0,106277.6,70803.6,21201.0,4682.1,9590.9
2025-11-18,19.3,108221.1,72897.0,20949.9,4766.0,9608.1
2025-11-19,17.8,105925.9,71898.1,19711.5,4712.4,9603.7
2025-11-20,17.9,104001.0,70317.7,19419.8,4644.5,9619.1
2025-11-21,17.6,104107.3,70619.1,19237.3,4654.9,9596.0
2025-11-22,18.8,106533.9,72037.1,20181.9,4722.7,9592.1
2025-11-23,18.1,105179.5,71111.6,19792.1,4680.7,9595.1
2025-11-24,17.5,105101.3,71496.2,19316.1,4691.8,9597.1
2025-11-25,13.8,104184.0,72102.0,17776.0,4701.5,9604.5
2025-11-26,12.6,101473.8,70664.2,16586.3,4630.2,9593.0
2025-11-27,14.1,104667.0,73094.3,17234.0,4737.0,9601.7
2025-11-28,14.1,102855.1,71273.7,17320.4,4662.7,9598.2
2025-11-29,13.2,105231.8,73663.8,17204.5,4760.2,9603.3
2025-11-30,14.5,101305.3,69950.2,17158.9,4606.4,9589.8
2025-12-01,9.2,102608.4,71812.6,16516.8,4676.9,9602.2
2025-12-02,7.5,100304.8,70893.2,15204.0,4625.7,9582.0
2025-12-03,5.5,101365.7,71949.2,15161.2,4668.9,9586.5
2025-12-04,4.7,101749.0,72378.4,15082.2,4685.9,9602.5
2025-12-05,4.8,101351.5,72281.5,14790.5,4679.0,9600.5
2025-12-06,9.6,101147.1,71457.2,15436.4,4651.5,9602.0
2025-12-07,11.3,101736.4,71359.0,16119.5,4654.3,9603.6
2025-12-08,8.9,102527.8,72314.4,15935.7,4691.7,9586.1
2025-12-09,9.3,100303.6,70768.0,15314.6,4621.8,9599.1
2025-12-10,9.5,100038.0,70430.9,15394.8,4608.7,9603.6
2025-12-11,12.7,100155.3,70090.6,15872.6,4599.4,9592.6
2025-12-12,12.7,102690.7,71608.4,16800.0,4671.4,9610.9
2025-12-13,12.6,99333.7,68928.9,16256.7,4555.3,9592.8
2025-12-14,16.1,103616.8,71402.9,17933.8,4674.2,9605.8
2025-12-15,15.3,107028.3,73994.0,18648.2,4788.2,9597.9
2025-12-16,13.5,105280.5,73534.4,17379.7,4756.6,9609.7
2025-12-17,14.4,107028.8,74859.7,17751.4,4814.9,9602.7
2025-12-18,12.6,103644.3,72177.9,17166.3,4698.5,9601.5
2025-12-19,11.8,102554.1,71865.1,16410.2,4678.0,9600.8
2025-12-20,12.3,103714.9,72703.3,16683.2,4715.4,9613.1
2025-12-21,13.2,102457.4,71441.6,16745.2,4664.0,9606.6
2025-12-22,13.8,101524.6,70422.4,16877.7,4623.2,9601.4
2025-12-23,10.5,103217.5,72487.5,16422.9,4703.8,9603.4
2025-12-24,9.2,101041.1,71430.7,15358.4,4649.6,9602.4
2025-12-25,8.3,101022.8,71379.8,15393.6,4647.8,9601.6
2025-12-26,10.3,99686.5,70135.7,15370.5,4596.1,9584.1
2025-12-27,9.2,100221.0,70243.6,15776.0,4604.8,9596.6
2025-12-28,9.7,101051.8,71218.0,15611.5,4643.1,9579.2
2025-12-29,11.7,104594.9,73895.5,16342.5,4761.0,9595.9
2025-12-30,11.0,100990.8,70616.6,16144.2,4623.9,9606.1
2025-12-31,11.2,101605.9,71279.3,16079.6,4650.5,9596.4
2026-01-01,10.2,100474.7,70518.4,15743.6,4615.8,9597.0
2026-01-02,11.6,102132.5,71831.2,16028.2,4672.8,9600.4
2026-01-03,10.3,102090.4,71815.2,16013.1,4671.9,9590.2
2026-01-04,9.4,102570.5,72457.9,15806.3,4696.5,9609.8
2026-01-05,9.7,101830.7,71975.9,15573.4,4674.3,9607.1
2026-01-06,10.6,101724.6,71741.8,15707.0,4666.0,9609.8
2026-01-07,13.7,101290.7,70407.6,16674.0,4620.4,9588.7
2026-01-08,13.5,101539.2,70536.1,16780.2,4626.9,9596.1
2026-01-09,11.2,103903.4,73135.2,16447.1,4730.7,9590.4
2026-01-10,9.5,104078.9,73764.8,15957.9,4751.9,9604.4
2026-01-11,9.1,101675.3,71986.9,15426.6,4673.1,9588.7
2026-01-12,8.9,100255.5,70754.3,15279.4,4620.9,9600.9
2026-01-13,10.1,103330.5,73123.0,15893.6,4724.6,9589.3
2026-01-14,10.3,102551.2,72462.4,15795.3,4696.5,9597.0
2026-01-15,10.5,100923.9,70915.0,15770.1,4632.5,9606.4
2026-01-16,9.4,99185.7,69596.9,15402.6,4574.5,9611.8
2026-01-17,11.0,101509.0,71515.8,15726.5,4656.9,9609.8
2026-01-18,11.8,103332.5,72709.7,16317.9,4711.8,9593.1
2026-01-19,12.3,101495.9,70899.9,16357.6,4637.7,9600.8
2026-01-20,13.4,101699.8,70825.4,16642.5,4637.4,9594.5
2026-01-21,15.2,102271.4,70513.7,17530.7,4633.4,9593.7
2026-01-22,16.7,105034.3,72020.3,18706.9,4707.4,9599.7
2026-01-23,16.5,103125.5,70449.2,18428.4,4639.9,9608.0
2026-01-24,16.1,105472.4,72587.5,18558.8,4729.3,9596.9
2026-01-25,14.3,104823.2,72718.2,17771.9,4726.9,9606.3
2026-01-26,11.8,102717.1,71929.9,16528.1,4681.6,9577.6
2026-01-27,11.7,100759.8,70477.8,16058.5,4617.3,9606.1
2026-01-28,12.5,101148.6,70536.8,16385.0,4623.0,9603.7
2026-01-29,11.5,102538.4,72080.7,16184.0,4684.5,9589.2
2026-01-30,11.1,101669.5,71342.1,16083.6,4653.1,9590.8
2026-01-31,11.9,103670.0,72834.8,16530.1,4719.1,9586.1
2026-02-01,11.4,103091.2,72636.7,16146.9,4707.2,9600.3
2026-02-02,11.3,102461.2,72114.6,16056.4,4684.8,9605.3
2026-02-03,12.6,102989.0,72246.7,16449.4,4694.1,9598.8
2026-02-04,13.7,103780.5,72306.0,17171.7,4703.8,9599.1
2026-02-05,12.6,103879.1,72634.3,16921.4,4714.9,9608.4
2026-02-06,14.8,103847.2,71920.1,17636.0,4692.5,9598.6
2026-02-07,15.6,106640.8,73709.1,18553.7,4775.5,9602.4
2026-02-08,13.9,102675.5,71048.1,17375.5,4654.0,9598.0
2026-02-09,14.3,102507.6,70988.2,17276.3,4650.4,9592.7
2026-02-10,15.8,103928.2,71642.6,18000.6,4684.7,9600.3
2026-02-11,16.5,105362.4,72247.8,18792.2,4717.7,9604.7
2026-02-12,15.4,104144.1,71789.5,18076.3,4691.4,9586.9
2026-02-13,13.5,106662.9,74545.2,17712.2,4801.6,9603.8
2026-02-14,14.7,102380.1,70721.3,17412.0,4640.9,9605.9
2026-02-15,14.7,105963.9,73719.7,17869.4,4769.1,9605.7
2026-02-16,13.3,102108.0,70956.6,16904.3,4645.5,9601.5
2026-02-17,14.1,104767.6,73171.7,17263.2,4740.3,9592.3
2026-02-18,13.9,102952.7,71383.4,17297.0,4667.1,9605.3
2026-02-19,13.0,102895.7,71668.2,16946.2,4675.3,9606.0
2026-02-20,14.4,105172.8,73104.5,17729.3,4742.3,9596.8
2026-02-21,14.0,102965.4,71508.2,17196.1,4671.1,9590.0
2026-02-22,13.5,102490.2,71411.5,16816.2,4663.4,9599.1
2026-02-23,12.1,100991.3,70349.1,16432.8,4615.7,9593.8
2026-02-24,11.2,102308.0,71816.2,16216.6,4674.1,9601.1
2026-02-25,14.5,101606.0,70411.4,16965.2,4623.7,9605.7
2026-02-26,15.8,104622.2,71968.9,18362.8,4701.7,9588.8
2026-02-27,14.3,103752.4,71910.6,17539.5,4691.3,9611.0
2026-02-28,14.1,101153.2,70095.2,16847.1,4609.4,9601.5
2026-03-01,16.3,103732.3,71318.7,18144.8,4672.8,9596.1
2026-03-02,16.4,106368.9,73167.4,18852.8,4756.1,9592.6
2026-03-03,17.2,106533.7,73138.9,19030.5,4756.8,9607.5
2026-03-04,18.2,105005.0,71236.6,19504.2,4682.8,9581.4
2026-03-05,17.3,104536.4,71094.8,19170.7,4673.8,9597.1
2026-03-06,15.3,104192.0,71892.0,18002.2,4695.1,9602.6
2026-03-07,14.7,103466.0,71628.8,17574.0,4679.7,9583.4
2026-03-08,17.6,104372.9,71024.6,18998.9,4670.0,9679.3
2026-03-09,17.0,104275.3,71001.4,18998.1,4668.3,9607.5
2026-03-10,16.0,104132.7,71552.8,18294.1,4684.0,9601.9
2026-03-11,15.2,103884.9,71709.1,17897.8,4686.4,9591.7
2026-03-12,16.4,103824.4,71220.2,18319.8,4670.7,9613.8
2026-03-13,18.1,105119.7,71192.3,19646.3,4682.6,9598.5
2026-03-14,18.4,106584.6,72010.0,20260.1,4722.4,9592.1
2026-03-15,15.1,103242.9,70841.8,18158.3,4653.2,9589.7
2026-03-16,16.5,102988.6,70516.6,18232.7,4640.6,9598.7
2026-03-17,17.5,105235.9,71650.1,19275.6,4697.9,9612.2
2026-03-18,19.3,104969.0,70284.6,20424.7,4653.0,9606.7
2026-03-19,19.3,108134.4,72779.1,20997.4,4761.5,9596.4
2026-03-20,19.4,107775.3,72476.8,20940.4,4748.6,9609.5
2026-03-21,17.0,105350.0,71767.3,19277.5,4702.7,9602.5
2026-03-22,16.4,104365.3,71655.4,18418.9,4689.5,9601.5
2026-03-23,15.0,103725.9,71597.0,17851.0,4681.3,9596.5
2026-03-24,14.6,102378.2,70728.1,17424.0,4641.1,9584.9
2026-03-25,14.4,102472.0,70951.8,17273.0,4649.0,9598.2
2026-03-26,13.4,102965.6,71597.1,17092.4,4673.8,9602.3
2026-03-27,13.4,101342.2,70540.3,16578.1,4625.0,9598.8
2026-03-28,11.7,100354.9,69968.5,16194.7,4597.6,9594.0
2026-03-29,12.7,100944.6,70275.1,16453.9,4612.9,9602.7
2026-03-30,13.0,102631.5,71630.8,16731.4,4671.5,9597.8
2026-03-31,10.9,102322.4,71690.3,16356.8,4670.3,9604.9
2026-04-01,17.0,105196.3,72033.4,18847.5,4709.4,9606.0
2026-04-02,19.2,105384.8,70713.2,20390.2,4670.4,9611.0
2026-04-03,20.4,109242.8,72950.7,21922.9,4777.8,9591.3
2026-04-04,18.4,106335.8,71856.6,20153.8,4715.2,9610.1
2026-04-05,20.0,108123.6,72363.0,21411.1,4748.6,9601.1
2026-04-06,18.8,108547.8,73362.2,20802.1,4783.7,9599.9
2026-04-07,18.7,105027.2,70706.6,20056.3,4666.7,9597.6
2026-04-08,20.8,108312.1,71946.0,22035.3,4737.5,9593.3
2026-04-09,20.6,107445.2,71396.4,21731.4,4712.0,9605.5
2026-04-10,22.3,108591.1,70951.3,23321.6,4709.5,9608.7
2026-04-11,22.1,106009.4,69234.2,22564.1,4630.9,9580.3
2026-04-12,22.5,109596.1,71762.4,23493.0,4744.6,9596.1
2026-04-13,21.4,108502.8,71608.6,22569.7,4729.0,9595.6
2026-04-14,22.1,108226.0,71094.8,22829.5,4710.4,9591.4
2026-04-15,23.3,110903.2,72346.3,24179.1,4775.6,9602.2
2026-04-16,22.3,108924.7,71427.8,23169.9,4727.6,9599.4
2026-04-17,20.3,108211.7,72094.6,21774.7,4741.1,9601.3
2026-04-18,19.9,108865.1,72802.8,21691.1,4769.5,9601.7
2026-04-19,18.2,106330.4,71787.1,20226.4,4713.0,9603.9
2026-04-20,18.8,107452.6,72596.6,20503.2,4749.1,9603.6
2026-04-21,19.8,106868.5,71323.0,21231.7,4704.0,9609.8
2026-04-22,21.7,106943.6,70254.9,22426.9,4671.7,9590.1
2026-04-23,23.4,111093.2,72412.2,24311.2,4779.5,9590.3
2026-04-24,24.1,108963.6,70287.8,24377.6,4692.7,9605.6
2026-04-25,21.7,107499.8,70510.0,22712.7,4685.1,9592.0
2026-04-26,18.3,107700.3,73017.0,20328.1,4764.6,9590.5
2026-04-27,19.0,105291.7,70844.1,20182.0,4673.5,9591.9
2026-04-28,20.4,110158.3,73469.9,22280.2,4802.9,9605.2
2026-04-29,20.4,108172.9,71935.3,21913.9,4735.8,9587.9
2026-04-30,21.9,107142.1,70156.0,22719.5,4670.6,9596.0
2026-05-01,23.8,111044.7,72018.0,24662.3,4766.8,9597.6
2026-05-02,23.6,110950.9,72152.7,24418.1,4770.0,9610.0
2026-05-03,25.0,111311.6,71531.2,25429.6,4754.4,9596.4
2026-05-04,26.9,113949.5,72296.3,27245.3,4804.2,9603.8
2026-05-05,25.2,112129.5,72162.9,25593.4,4782.0,9591.2
2026-05-06,27.0,112921.2,71599.1,26948.2,4772.4,9601.5
2026-05-07,28.8,113651.4,70959.0,28334.9,4759.9,9597.7
2026-05-08,27.7,114827.7,72475.8,27929.6,4818.4,9603.8
2026-05-09,26.1,111864.7,71419.2,26086.3,4756.4,9602.8
2026-05-10,24.7,107936.8,69148.3,24543.5,4647.3,9597.7
2026-05-11,24.3,112217.8,72678.4,25147.8,4798.9,9592.8
2026-05-12,26.2,113195.2,72223.8,26581.9,4794.5,9595.1
2026-05-13,24.0,109962.4,71279.3,24354.0,4733.2,9595.9
2026-05-14,24.9,111698.7,71797.0,25539.4,4766.5,9595.8
2026-05-15,23.6,109763.3,71204.3,24235.1,4729.0,9595.0
2026-05-16,24.5,111727.3,72061.8,25297.9,4774.9,9592.8
2026-05-17,23.5,111636.3,72850.2,24393.8,4798.4,9593.9
2026-05-18,25.4,111973.6,71687.7,25904.6,4765.8,9615.5
2026-05-19,24.8,112580.3,72679.9,25491.5,4802.5,9606.4
2026-05-20,21.9,107602.4,70604.0,22699.7,4689.0,9609.7
2026-05-21,21.3,106539.3,70019.0,22255.4,4660.4,9604.6
2026-05-22,23.7,109570.1,70997.5,24256.0,4720.7,9595.9
2026-05-23,23.8,109641.3,70806.3,24512.3,4715.4,9607.2
2026-05-24,23.3,112974.9,73775.6,24757.8,4840.3,9601.3
2026-05-25,23.5,110391.1,71819.0,24234.4,4754.2,9583.5
2026-05-26,23.3,112114.5,73245.5,24451.4,4815.4,9602.2
2026-05-27,23.7,110417.2,71482.7,24587.8,4744.0,9602.7
2026-05-28,22.6,109435.6,71536.0,23561.2,4736.0,9602.4
2026-05-29,21.0,106732.3,70568.8,21876.2,4679.3,9608.0
2026-05-30,20.1,109159.4,73037.4,21754.3,4779.7,9588.1
2026-05-31,22.5,111467.1,73146.4,23927.8,4805.9,9587.1
2026-06-01,26.2,110676.4,70355.2,26012.7,4711.7,9596.8
2026-06-02,27.9,114641.4,72239.1,28001.9,4809.3,9591.2
2026-06-03,29.5,116078.0,72219.6,29433.7,4822.9,9601.9
2026-06-04,29.7,114712.0,71275.5,29047.1,4780.2,9609.3
2026-06-05,26.3,111102.3,70815.0,25953.3,4730.2,9603.7
2026-06-06,26.0,111454.8,70959.1,26146.8,4738.1,9610.8
2026-06-07,27.1,112492.9,71209.7,26930.6,4756.2,9596.4
2026-06-08,27.1,113725.0,72003.9,27323.6,4792.9,9604.6
2026-06-09,26.4,111408.0,70841.1,26232.1,4734.0,9600.7
2026-06-10,23.6,110041.0,71530.2,24167.3,4741.8,9601.6
2026-06-11,22.0,107675.9,70479.7,22899.9,4685.9,9610.3
2026-06-12,24.5,110370.0,70955.3,25083.6,4727.3,9603.9
2026-06-13,25.0,110034.6,70486.8,25234.7,4709.5,9603.6
2026-06-14,24.6,109026.3,70006.7,24728.6,4684.6,9606.4
2026-06-15,24.5,111441.2,71938.2,25131.7,4768.3,9603.0
2026-06-16,28.3,114151.2,71452.0,28327.0,4780.1,9592.2
2026-06-17,28.5,111374.5,69422.8,27660.1,4689.8,9601.9
2026-06-18,27.3,115025.7,72886.2,27705.2,4833.1,9601.2
2026-06-19,28.0,114811.8,72346.6,28047.5,4814.3,9603.5
2026-06-20,29.2,114701.6,71562.1,28733.8,4788.9,9616.8
2026-06-21,27.9,113833.6,71688.7,27750.6,4784.2,9610.1
2026-06-22,27.5,111414.5,70040.6,27061.2,4709.3,9603.4
2026-06-23,26.9,113930.1,72376.4,27152.3,4806.5,9594.9
2026-06-24,24.4,111407.1,72236.7,24796.8,4777.2,9596.4
2026-06-25,25.2,111914.7,71808.0,25749.8,4768.9,9587.9
2026-06-26,24.0,113111.7,73627.6,25054.3,4837.1,9592.9
2026-06-27,24.3,109012.9,70128.0,24599.9,4688.2,9596.7
2026-06-28,25.7,110690.5,70586.8,25784.5,4719.0,9600.1
2026-06-29,25.6,110386.4,70651.8,25400.9,4718.0,9615.7
2026-06-30,23.6,110964.3,72260.5,24314.4,4773.5,9615.9
2026-07-01,27.0,113702.2,71924.8,27398.1,4790.2,9589.1
2026-07-02,30.2,119089.8,74225.1,30354.6,4914.7,9595.3
2026-07-03,29.3,112459.5,69933.0,28205.9,4716.3,9604.4
2026-07-04,29.7,114987.7,71464.3,29142.6,4788.7,9592.2
2026-07-05,27.6,112423.4,70879.0,27202.1,4745.2,9597.1
2026-07-06,27.9,115107.5,72601.5,28080.9,4825.1,9600.0
2026-07-07,26.9,114446.4,72843.6,27166.0,4826.0,9610.8
2026-07-08,27.7,112351.1,70570.0,27445.0,4735.0,9601.2
2026-07-09,29.6,112897.1,69829.8,28754.5,4717.5,9595.3
2026-07-10,31.6,115814.9,70967.5,30470.4,4781.6,9595.5
2026-07-11,32.4,117918.1,71986.9,31492.0,4833.9,9605.3
2026-07-12,32.6,118544.3,72449.9,31640.4,4854.4,9599.5
2026-07-13,32.7,119410.4,72969.7,31953.9,4879.1,9607.8
2026-07-14,31.8,117661.9,72103.4,31121.6,4835.0,9601.9
2026-07-15,31.0,115826.1,71356.5,30067.8,4793.7,9608.1
2026-07-16,31.4,118679.5,72972.9,31236.8,4871.9,9597.8
2026-07-17,30.2,116657.5,72430.4,29782.3,4835.1,9609.7
2026-07-18,30.3,116574.8,72292.2,29840.3,4830.0,9612.3
2026-07-19,29.6,114347.4,71039.2,28924.2,4769.2,9614.8
2026-07-20,29.9,114598.5,71107.2,29108.6,4773.8,9608.7
2026-07-21,29.6,117143.6,73105.7,29577.0,4860.8,9600.0
2026-07-22,30.5,114695.5,70762.6,29548.4,4764.1,9620.3
2026-07-23,30.0,113098.9,69936.7,28836.5,4722.8,9603.0
2026-07-24,32.6,119955.1,73390.6,32070.2,4897.5,9596.7
2026-07-25,34.5,119758.4,72233.9,33061.4,4859.8,9603.5
2026-07-26,33.2,119257.4,72366.6,32428.9,4858.9,9603.0
2026-07-27,31.9,119063.5,73091.9,31489.5,4879.4,9602.7
2026-07-28,32.4,115507.0,70278.6,30869.0,4757.2,9602.2
2026-07-29,30.5,114448.2,70594.6,29499.1,4756.5,9598.1
2026-07-30,30.6,113027.0,69315.9,29409.8,4702.9,9598.4
2026-07-31,29.4,114201.2,71177.9,28648.1,4772.1,9603.1
2026-08-01,28.5,114340.8,71628.7,28328.3,4787.4,9596.4
2026-08-02,28.7,112510.4,70312.1,27883.5,4728.6,9586.1
2026-08-03,26.8,111406.8,70562.2,26523.8,4725.4,9595.4
2026-08-04,26.0,113252.8,72410.6,26444.3,4800.8,9597.0
2026-08-05,27.2,116170.8,73725.1,27980.1,4870.4,9595.2
2026-08-06,28.7,115581.8,72507.4,28653.7,4826.9,9593.8
2026-08-07,28.2,113034.3,70778.0,27923.4,4748.2,9584.7
2026-08-08,29.0,117536.8,73783.5,29263.3,4885.7,9604.3
2026-08-09,28.9,114026.5,71342.0,28301.5,4775.4,9607.6
2026-08-10,29.3,111097.1,68795.2,28032.2,4667.7,9602.0
2026-08-11,27.1,114278.4,72633.6,27234.1,4817.9,9592.8
2026-08-12,25.9,111277.6,70965.9,25969.8,4736.6,9605.3
2026-08-13,27.9,113636.5,71483.8,27779.9,4776.0,9596.8
2026-08-14,27.6,111494.5,70043.1,27133.8,4710.2,9607.4
2026-08-15,26.0,112479.5,71896.7,26215.8,4777.3,9589.7
2026-08-16,26.9,113054.0,71654.6,27030.0,4775.5,9593.9
2026-08-17,27.8,111913.2,70268.5,27314.0,4721.3,9609.3
2026-08-18,29.2,113839.6,70975.9,28498.9,4762.3,9602.5
2026-08-19,31.7,115854.5,70895.2,30589.5,4779.7,9590.0
2026-08-20,31.8,115927.0,70812.8,30738.6,4777.9,9597.7
2026-08-21,32.6,118776.0,72575.8,31734.5,4860.6,9605.1
2026-08-22,28.9,114418.9,71711.8,28314.3,4790.8,9602.1
2026-08-23,29.5,115080.1,71532.6,29161.9,4791.8,9593.8
2026-08-24,29.7,114687.2,71364.8,28933.0,4782.7,9606.7
2026-08-25,29.1,111779.9,69460.4,28031.7,4695.0,9592.8
2026-08-26,31.6,117092.0,71851.1,30817.3,4821.5,9602.2
2026-08-27,29.3,111883.8,69387.0,28212.0,4693.8,9591.1
2026-08-28,30.0,116728.6,72546.2,29765.2,4839.4,9577.9
2026-08-29,31.3,116316.4,71455.4,30470.4,4801.6,9589.0
2026-08-30,31.3,116480.1,71409.3,30661.9,4801.8,9607.1
