hour,outdoor_c,fw_supply_c,utility_kwh,generator_kwh,ups_in_a_kwh,ups_out_a_kwh,ups_in_b_kwh,ups_out_b_kwh,mech_a_kwh,mech_b_kwh,chillers_kwh,pumps_kwh,crah_kwh,house_kwh
2026-08-31T00:00:00Z,35.2,19.8,4848.2,0.0,3053.7,2933.0,30.0,0.0,221.4,243.5,848.1,13.5,30.1,360.0
2026-08-31T01:00:00Z,34.6,20.1,5044.0,0.0,3234.9,3108.7,30.0,0.0,220.8,238.8,861.9,15.2,30.0,362.4
2026-08-31T02:00:00Z,33.5,20.2,4903.5,0.0,3153.5,3029.8,30.0,0.0,224.5,234.6,807.8,14.5,29.8,360.3
2026-08-31T03:00:00Z,32.2,19.9,4907.9,0.0,3185.8,3061.1,30.0,0.0,225.0,229.7,783.5,14.7,29.8,360.7
2026-08-31T04:00:00Z,30.6,20.0,4808.3,0.0,3137.7,3014.5,30.0,0.0,224.2,230.5,734.0,14.3,29.9,360.2
2026-08-31T05:00:00Z,26.5,20.1,4641.3,0.0,3069.2,2948.0,30.0,0.0,221.8,237.9,630.8,13.7,30.0,362.0
2026-08-31T06:00:00Z,24.8,20.1,4576.2,0.0,3073.4,2952.1,30.0,0.0,217.2,243.5,565.8,13.7,30.0,357.3
2026-08-31T07:00:00Z,23.2,20.2,4500.4,0.0,3068.8,2947.6,30.0,0.0,214.4,249.3,489.7,13.7,30.0,360.0
2026-08-31T08:00:00Z,21.9,20.4,4345.2,0.0,2988.8,2870.1,30.0,0.0,213.7,247.4,418.7,13.0,30.0,360.7
2026-08-31T09:00:00Z,20.9,20.1,4241.9,0.0,2938.4,2821.1,30.0,0.0,214.8,241.6,371.7,12.4,30.0,361.1
2026-08-31T10:00:00Z,20.2,19.9,4196.5,0.0,2925.7,2808.8,30.0,0.0,215.9,234.2,347.4,12.3,30.1,359.4
2026-08-31T11:00:00Z,20.0,20.1,4207.9,0.0,2954.4,2836.7,30.0,0.0,216.9,224.3,340.6,12.4,30.0,357.6
2026-08-31T12:00:00Z,20.2,19.9,4380.2,0.0,3018.5,2898.8,30.0,0.0,223.9,223.6,355.8,13.1,29.9,442.0
2026-08-31T13:00:00Z,20.9,20.0,4360.0,0.0,2976.5,2858.1,30.0,0.0,231.1,224.7,375.2,12.8,29.9,436.6
2026-08-31T14:00:00Z,21.9,20.1,4438.8,0.0,2994.7,2875.7,30.0,0.0,239.9,225.6,420.3,13.0,30.0,441.5
2026-08-31T15:00:00Z,23.2,20.0,4582.5,0.0,3056.1,2935.4,30.0,0.0,247.5,230.9,490.8,13.7,30.0,438.1
2026-08-31T16:00:00Z,24.8,20.0,4790.2,0.0,3165.2,3041.2,30.0,0.0,247.6,232.9,579.8,14.8,30.0,442.5
2026-08-31T17:00:00Z,26.5,20.0,4826.4,0.0,3131.6,3008.6,30.0,0.0,238.7,240.2,653.3,14.3,30.0,440.4
2026-08-31T18:00:00Z,28.2,19.8,4787.7,0.0,3086.4,2964.7,30.0,0.0,227.8,245.4,669.3,14.0,29.9,437.5
2026-08-31T19:00:00Z,29.7,20.2,4777.2,0.0,3047.7,2927.2,30.0,0.0,218.7,251.2,698.9,13.5,30.1,439.8
2026-08-31T20:00:00Z,31.1,19.9,4763.7,0.0,3021.5,2901.8,30.0,0.0,213.2,250.2,721.2,13.2,29.7,437.6
2026-08-31T21:00:00Z,32.1,20.0,4731.1,0.0,2975.5,2857.1,30.0,0.0,215.6,245.7,736.1,12.8,30.1,438.5
2026-08-31T22:00:00Z,32.8,20.1,4816.9,0.0,3035.7,2915.5,30.0,0.0,217.0,238.6,764.4,13.3,30.1,440.2
2026-08-31T23:00:00Z,33.0,20.1,4935.5,0.0,3131.2,3008.2,30.0,0.0,218.5,235.2,790.6,14.2,30.0,437.1
2026-09-01T00:00:00Z,32.8,19.8,4866.1,0.0,3151.7,3028.1,30.0,0.0,223.2,229.4,779.2,14.4,30.0,360.0
2026-09-01T01:00:00Z,32.1,20.1,4914.3,0.0,3191.9,3067.1,30.0,0.0,229.0,222.7,785.9,14.8,30.0,361.2
2026-09-01T02:00:00Z,31.1,20.1,4840.7,0.0,3162.5,3038.5,30.0,0.0,233.7,219.6,744.3,14.5,29.9,358.2
2026-09-01T03:00:00Z,29.7,20.1,4745.4,0.0,3107.6,2985.3,30.0,0.0,238.8,214.8,703.7,13.8,30.0,359.8
2026-09-01T04:00:00Z,28.2,19.9,4735.0,0.0,3121.8,2999.1,30.0,0.0,240.9,213.3,678.0,14.1,30.1,360.0
2026-09-01T05:00:00Z,22.1,20.1,4489.8,0.0,3112.7,2990.2,30.0,0.0,241.8,215.7,439.5,14.1,30.1,361.4
2026-09-01T06:00:00Z,20.4,19.8,4374.5,0.0,3067.0,2945.9,30.0,0.0,241.5,220.7,367.0,13.6,29.9,361.5
2026-09-01T07:00:00Z,18.8,20.1,4276.6,0.0,3029.7,2909.7,30.0,0.0,242.0,223.0,307.1,13.4,30.0,359.0
2026-09-01T08:00:00Z,17.5,19.8,4279.9,0.0,3076.1,2954.7,30.0,0.0,242.0,222.0,264.9,13.7,29.9,358.9
2026-09-01T09:00:00Z,16.4,20.0,4313.7,0.0,3143.8,3020.4,30.0,0.0,242.2,218.3,234.3,14.4,29.9,358.1
2026-09-01T10:00:00Z,15.8,20.0,4184.0,0.0,3044.0,2923.6,30.0,0.0,244.2,210.6,208.4,13.4,30.0,362.0
2026-09-01T11:00:00Z,15.6,19.9,4111.6,0.0,2986.4,2867.7,30.0,0.0,247.5,205.1,198.6,12.8,30.0,360.5
2026-09-01T12:00:00Z,15.8,20.0,4210.1,0.0,2999.5,2880.4,30.0,0.0,245.9,205.8,206.3,12.9,30.0,438.0
2026-09-01T13:00:00Z,16.4,20.0,4222.3,0.0,2993.7,2874.8,30.0,0.0,240.6,212.2,223.5,12.9,30.2,437.4
2026-09-01T14:00:00Z,17.5,19.9,4366.1,0.0,3086.7,2965.0,30.0,0.0,237.7,219.4,264.4,13.9,30.1,440.7
2026-09-01T15:00:00Z,18.8,19.9,4401.4,0.0,3079.1,2957.6,30.0,0.0,231.6,226.9,309.0,13.7,29.9,437.6
2026-09-01T16:00:00Z,20.4,19.8,4588.6,0.0,3187.6,3062.9,30.0,0.0,229.2,232.8,377.6,14.8,30.0,441.1
2026-09-01T17:00:00Z,22.1,19.9,4574.9,0.0,3106.7,2984.4,30.0,0.0,227.3,239.5,441.4,14.1,29.9,440.8
2026-09-01T18:00:00Z,23.7,20.0,4781.7,0.0,3214.7,3089.1,30.0,0.0,223.8,244.8,535.5,15.3,29.8,440.5
2026-09-01T19:00:00Z,25.3,20.0,4720.0,0.0,3090.0,2968.2,30.0,0.0,221.3,250.2,596.7,14.0,30.1,441.1
2026-09-01T20:00:00Z,26.6,19.9,4770.8,0.0,3093.5,2971.6,30.0,0.0,220.6,251.6,644.1,14.0,30.0,439.8
2026-09-01T21:00:00Z,27.7,19.7,4812.6,0.0,3110.2,2987.8,30.0,0.0,221.4,249.1,668.8,14.2,30.0,441.2
2026-09-01T22:00:00Z,28.3,19.7,4822.5,0.0,3106.7,2984.4,30.0,0.0,224.0,245.7,683.6,14.0,30.1,440.6
2026-09-01T23:00:00Z,28.6,20.1,4839.1,0.0,3119.8,2997.1,30.0,0.0,227.0,241.7,690.2,14.2,30.0,438.3
2026-09-02T00:00:00Z,28.3,19.9,4791.3,0.0,3149.5,3025.9,30.0,0.0,228.8,240.6,689.6,14.6,29.9,360.9
2026-09-02T01:00:00Z,27.7,19.8,4783.0,0.0,3158.6,3034.7,30.0,0.0,227.9,240.9,676.0,14.6,29.8,357.8
2026-09-02T02:00:00Z,26.6,20.0,4732.8,0.0,3124.4,3001.6,30.0,0.0,231.3,245.2,650.9,14.3,30.1,359.7
2026-09-02T03:00:00Z,25.3,20.2,4689.8,0.0,3127.8,3004.9,30.0,0.0,233.4,247.1,601.3,14.5,30.1,359.2
2026-09-02T04:00:00Z,23.7,19.8,4475.1,0.0,3010.5,2891.0,30.0,0.0,228.7,251.5,509.0,13.4,30.2,357.5
2026-09-02T05:00:00Z,26.4,20.0,4614.4,0.0,3028.4,2908.5,30.0,0.0,220.8,255.9,629.5,13.5,29.8,360.8
2026-09-02T06:00:00Z,24.8,20.1,4587.3,0.0,3063.3,2942.3,30.0,0.0,214.1,264.9,563.7,13.8,29.8,362.2
2026-09-02T07:00:00Z,23.2,20.1,4530.2,0.0,3083.3,2961.7,30.0,0.0,205.7,273.5,489.1,14.1,29.9,359.7
2026-09-02T08:00:00Z,21.9,19.9,4473.6,0.0,3088.0,2966.3,30.0,0.0,205.3,267.9,431.0,13.9,30.2,362.9
2026-09-02T09:00:00Z,20.8,20.1,4478.6,0.0,3128.1,3005.2,30.0,0.0,214.3,264.6,395.3,14.4,30.1,357.4
2026-09-02T10:00:00Z,20.2,20.0,4473.1,0.0,3146.9,3023.4,30.0,0.0,219.7,258.3,371.6,14.6,30.2,357.4
2026-09-02T11:00:00Z,19.9,20.0,4433.6,0.0,3120.4,2997.7,30.0,0.0,226.5,251.5,356.0,14.4,30.2,360.7
2026-09-02T12:00:00Z,20.2,20.0,4611.9,0.0,3201.4,3076.2,30.0,0.0,229.3,247.3,374.4,15.3,30.2,438.4
2026-09-02T13:00:00Z,20.8,19.9,4568.9,0.0,3148.5,3024.9,30.0,0.0,224.6,241.1,395.6,14.5,30.1,439.4
2026-09-02T14:00:00Z,21.9,19.9,4593.8,0.0,3145.0,3021.6,30.0,0.0,220.3,235.9,435.2,14.4,30.3,437.3
2026-09-02T15:00:00Z,23.2,19.8,4650.2,0.0,3152.1,3028.4,30.0,0.0,213.9,228.8,496.2,14.3,29.8,439.2
2026-09-02T16:00:00Z,24.8,20.2,4673.9,0.0,3099.1,2977.0,30.0,0.0,216.4,229.1,565.1,13.8,30.0,444.0
2026-09-02T17:00:00Z,26.4,20.3,4768.2,0.0,3108.8,2986.4,30.0,0.0,223.6,232.1,641.2,14.0,29.8,441.4
2026-09-02T18:00:00Z,28.1,20.0,4868.5,0.0,3159.4,3035.5,30.0,0.0,228.9,237.8,682.3,14.7,30.0,437.1
2026-09-02T19:00:00Z,29.7,19.9,4844.8,0.0,3106.9,2984.6,30.0,0.0,233.5,239.0,704.0,14.1,30.1,439.1
2026-09-02T20:00:00Z,31.0,19.8,4898.4,0.0,3110.4,2988.0,30.0,0.0,237.7,246.6,742.6,14.3,30.1,438.1
2026-09-02T21:00:00Z,32.1,20.2,4927.0,0.0,3102.3,2980.2,30.0,0.0,242.8,249.9,767.4,14.3,29.9,441.7
2026-09-02T22:00:00Z,32.7,20.0,4971.2,0.0,3109.8,2987.4,30.0,0.0,248.2,256.0,795.9,14.5,30.2,437.3
2026-09-02T23:00:00Z,32.9,19.8,5063.0,0.0,3173.0,3048.7,30.0,0.0,251.8,262.8,811.6,15.3,29.8,438.6
2026-09-03T00:00:00Z,32.7,20.1,4972.5,0.0,3167.3,3043.2,30.0,0.0,255.5,260.9,803.1,15.0,29.9,361.7
2026-09-03T01:00:00Z,32.1,19.9,4790.2,0.0,3042.4,2922.0,30.0,0.0,256.4,248.2,762.0,13.8,30.1,360.0
2026-09-03T02:00:00Z,31.0,20.1,4629.3,0.0,2942.2,2824.9,30.0,0.0,254.2,237.6,715.5,12.7,30.0,361.3
2026-09-03T03:00:00Z,29.7,19.9,4665.8,0.0,3020.6,2900.9,30.0,0.0,254.2,226.5,688.3,13.4,29.7,357.0
2026-09-03T04:00:00Z,28.1,20.1,4691.7,0.0,3067.5,2946.4,30.0,0.0,252.9,220.7,670.7,13.8,29.9,359.8
2026-09-03T05:00:00Z,26.4,20.1,4645.3,0.0,3064.8,2943.7,30.0,0.0,245.3,221.5,635.8,13.6,29.8,358.5
2026-09-03T06:00:00Z,24.8,20.0,4762.8,0.0,3229.4,3103.4,30.0,0.0,244.0,220.3,586.6,15.2,30.1,360.1
2026-09-03T07:00:00Z,23.2,20.0,4680.8,0.0,3222.1,3096.3,30.0,0.0,240.5,223.7,511.4,15.3,29.9,361.4
2026-09-03T08:00:00Z,21.9,20.2,4431.6,0.0,3061.5,2940.6,30.0,0.0,236.9,228.0,427.3,13.6,30.1,360.3
2026-09-03T09:00:00Z,20.8,20.0,4351.4,0.0,3020.9,2901.2,30.0,0.0,235.0,236.8,380.7,13.3,29.9,361.6
2026-09-03T10:00:00Z,20.2,20.1,4402.5,0.0,3080.6,2959.1,30.0,0.0,230.6,249.4,360.3,14.0,30.2,363.9
2026-09-03T11:00:00Z,19.9,20.0,4478.3,0.0,3151.7,3028.0,30.0,0.0,230.3,257.4,359.3,14.7,30.1,360.6
2026-09-03T12:00:00Z,20.2,20.2,4583.8,0.0,3163.2,3039.2,30.0,0.0,226.4,260.8,371.2,14.8,29.9,442.1
2026-09-03T13:00:00Z,20.8,19.9,4642.9,0.0,3199.3,3074.2,30.0,0.0,228.4,255.3,399.8,15.1,29.8,439.2
2026-09-03T14:00:00Z,21.9,19.9,4656.3,0.0,3171.1,3046.9,30.0,0.0,229.4,252.0,444.6,14.8,30.3,437.9
2026-09-03T15:00:00Z,23.2,19.8,4719.8,0.0,3177.2,3052.8,30.0,0.0,230.9,245.8,504.5,14.8,30.0,439.9
2026-09-03T16:00:00Z,24.8,19.9,4684.9,0.0,3088.7,2966.9,30.0,0.0,229.6,238.2,568.2,13.9,30.1,439.9
2026-09-03T17:00:00Z,26.4,19.9,4731.7,0.0,3080.0,2958.5,30.0,0.0,225.3,231.2,633.5,13.8,30.0,441.1
2026-09-03T18:00:00Z,28.1,20.2,4860.9,0.0,3164.9,3040.8,30.0,0.0,219.5,224.8,688.5,14.5,30.1,440.4
2026-09-03T19:00:00Z,29.7,20.3,4868.2,0.0,3163.4,3039.4,30.0,0.0,215.0,217.6,710.1,14.3,29.9,439.7
2026-09-03T20:00:00Z,31.0,20.0,4837.9,0.0,3112.9,2990.4,30.0,0.0,214.9,213.8,733.4,13.8,29.9,441.3
2026-09-03T21:00:00Z,32.1,19.7,4995.1,0.0,3203.2,3078.0,30.0,0.0,221.2,218.6,787.0,14.7,29.8,441.1
2026-09-03T22:00:00Z,32.7,20.0,5039.1,0.0,3224.7,3098.8,30.0,0.0,224.6,222.1,803.2,15.0,29.9,439.7
2026-09-03T23:00:00Z,32.9,20.0,4931.2,0.0,3126.7,3003.8,30.0,0.0,228.2,224.9,787.1,14.1,30.1,441.2
2026-09-04T00:00:00Z,32.7,20.2,4791.7,0.0,3074.3,2953.0,30.0,0.0,227.5,230.1,779.3,13.7,30.2,359.2
2026-09-04T01:00:00Z,32.1,19.9,4800.7,0.0,3099.6,2977.5,30.0,0.0,225.5,235.0,760.5,14.0,29.7,358.8
2026-09-04T02:00:00Z,31.0,19.8,4699.3,0.0,3032.7,2912.6,30.0,0.0,222.8,242.9,722.5,13.4,30.1,358.5
2026-09-04T03:00:00Z,29.7,19.9,4752.8,0.0,3098.8,2976.7,30.0,0.0,220.4,247.0,706.5,14.0,30.1,359.0
2026-09-04T04:00:00Z,28.1,19.9,4747.4,0.0,3114.2,2991.6,30.0,0.0,219.7,249.8,680.5,14.3,29.8,362.1
2026-09-04T05:00:00Z,26.1,19.9,4788.4,0.0,3190.9,3066.1,30.0,0.0,222.7,245.1,649.8,14.8,30.2,357.5
2026-09-04T06:00:00Z,24.4,20.0,4776.5,0.0,3251.4,3124.7,30.0,0.0,223.4,244.8,572.2,15.6,30.1,361.7
2026-09-04T07:00:00Z,22.8,19.8,4673.8,0.0,3228.5,3102.6,30.0,0.0,228.7,242.7,490.1,15.4,30.2,362.0
2026-09-04T08:00:00Z,21.5,20.2,4549.1,0.0,3174.6,3050.2,30.0,0.0,229.1,240.3,425.0,14.7,30.0,360.5
2026-09-04T09:00:00Z,20.5,20.2,4494.3,0.0,3174.2,3049.8,30.0,0.0,222.7,234.1,382.8,14.8,29.9,361.3
2026-09-04T10:00:00Z,19.8,19.9,4433.7,0.0,3161.9,3037.9,30.0,0.0,213.5,228.2,351.8,14.3,30.0,360.0
2026-09-04T11:00:00Z,19.6,19.9,4457.5,0.0,3198.2,3073.2,30.0,0.0,207.6,222.3,349.8,14.7,30.0,360.8
2026-09-04T12:00:00Z,19.8,19.7,4549.2,0.0,3203.5,3078.3,30.0,0.0,207.2,220.9,356.8,14.7,29.8,441.3
2026-09-04T13:00:00Z,20.5,19.7,4604.4,0.0,3222.8,3097.0,30.0,0.0,213.1,222.7,384.4,15.0,30.2,440.5
2026-09-04T14:00:00Z,21.5,19.8,4659.3,0.0,3223.6,3097.8,30.0,0.0,220.0,224.4,430.1,15.0,30.3,439.9
2026-09-04T15:00:00Z,22.8,20.0,4538.3,0.0,3065.4,2944.3,30.0,0.0,225.9,224.3,466.6,13.5,30.1,437.6
2026-09-04T16:00:00Z,24.4,19.9,4559.0,0.0,3007.7,2888.3,30.0,0.0,226.9,230.9,535.7,13.1,30.1,439.5
2026-09-04T17:00:00Z,26.1,19.9,4711.7,0.0,3070.8,2949.6,30.0,0.0,221.4,235.2,622.8,13.7,29.8,441.2
2026-09-04T18:00:00Z,27.8,19.8,4827.5,0.0,3139.4,3016.1,30.0,0.0,215.0,244.3,668.2,14.3,30.0,438.6
2026-09-04T19:00:00Z,29.3,19.9,4881.5,0.0,3148.8,3025.3,30.0,0.0,209.8,251.1,709.5,14.4,30.0,439.5
2026-09-04T20:00:00Z,30.7,19.6,4858.2,0.0,3108.0,2985.7,30.0,0.0,206.8,254.7,727.7,14.1,30.0,438.9
2026-09-04T21:00:00Z,31.7,20.1,4980.1,0.0,3182.6,3058.0,30.0,0.0,209.4,255.5,770.2,14.8,30.1,438.1
2026-09-04T22:00:00Z,32.4,19.8,4907.8,0.0,3098.2,2976.1,30.0,0.0,213.6,256.8,777.5,14.1,30.0,439.2
2026-09-04T23:00:00Z,32.6,20.1,5004.2,0.0,3165.7,3041.7,30.0,0.0,214.9,257.7,800.1,14.8,30.2,441.3
2026-09-05T00:00:00Z,32.4,19.7,4813.1,0.0,3086.6,2964.9,30.0,0.0,216.4,259.9,769.2,14.0,30.1,359.3
2026-09-05T01:00:00Z,31.7,20.1,4863.3,0.0,3066.1,2945.0,93.4,61.5,220.0,260.8,767.4,14.5,30.1,363.0
2026-09-05T02:00:00Z,30.7,20.1,4806.5,0.0,2988.6,2869.9,148.8,115.2,221.9,260.9,732.8,14.2,29.9,361.8
2026-09-05T03:00:00Z,29.3,19.9,4711.2,0.0,2935.2,2818.1,148.8,115.2,222.1,260.8,696.4,13.7,29.9,357.6
2026-09-05T04:00:00Z,27.8,20.0,4732.2,0.0,2972.4,2854.2,148.8,115.2,225.1,261.6,672.5,14.1,30.0,360.9
2026-09-05T05:00:00Z,26.0,19.7,4566.4,0.0,2913.7,2797.2,102.9,70.7,229.9,252.6,617.9,13.1,30.2,360.8
2026-09-05T06:00:00Z,24.3,20.0,4540.0,0.0,2960.3,2842.4,108.7,76.3,234.9,246.5,541.7,13.6,30.1,359.5
2026-09-05T07:00:00Z,22.7,19.8,4599.9,0.0,3036.5,2916.3,148.8,115.2,238.9,243.4,481.3,14.8,30.0,360.6
2026-09-05T08:00:00Z,21.4,19.9,4592.6,0.0,3085.1,2963.5,148.8,115.2,242.2,238.4,425.6,15.2,30.0,361.9
2026-09-05T09:00:00Z,20.4,20.2,4640.4,0.0,3164.2,3040.2,148.8,115.2,250.1,236.2,391.7,16.1,29.9,357.5
2026-09-05T10:00:00Z,19.7,19.9,4461.3,0.0,3064.8,2943.7,102.9,70.8,254.2,237.4,352.1,14.6,30.2,360.9
2026-09-05T11:00:00Z,19.5,20.1,4509.5,0.0,3106.3,2984.0,108.7,76.3,260.7,236.5,346.1,15.3,29.9,361.5
2026-09-05T12:00:00Z,19.7,20.1,4637.2,0.0,3100.8,2978.7,148.8,115.2,257.6,236.6,361.3,15.5,30.1,440.7
2026-09-05T13:00:00Z,20.4,20.3,4649.8,0.0,3099.7,2977.6,148.8,115.2,248.2,235.6,385.5,15.4,30.1,440.5
2026-09-05T14:00:00Z,21.4,19.8,4707.7,0.0,3126.0,3003.1,148.8,115.2,238.6,232.1,429.1,15.5,30.0,441.1
2026-09-05T15:00:00Z,22.7,20.0,4776.3,0.0,3189.5,3064.7,102.9,70.8,228.6,229.9,494.2,15.5,30.0,438.5
2026-09-05T16:00:00Z,24.3,20.0,4815.5,0.0,3162.5,3038.5,108.7,76.3,220.9,230.0,562.2,15.3,29.8,438.3
2026-09-05T17:00:00Z,26.0,20.0,4923.7,0.0,3136.1,3012.9,148.8,115.2,216.5,233.4,655.5,15.4,30.0,439.2
2026-09-05T18:00:00Z,27.7,19.9,5003.6,0.0,3168.3,3044.2,148.8,115.2,212.0,234.2,701.8,15.7,30.1,443.0
2026-09-05T19:00:00Z,29.2,20.1,5002.2,0.0,3143.4,3020.0,148.8,115.2,208.7,236.8,727.3,15.4,30.0,442.3
2026-09-05T20:00:00Z,30.6,20.1,5044.7,0.0,3174.2,3049.9,126.7,93.8,212.7,238.4,757.5,15.6,30.2,439.5
2026-09-05T21:00:00Z,31.6,20.3,5173.9,0.0,3138.1,3014.8,227.5,191.5,228.2,243.2,800.1,16.4,30.0,439.2
2026-09-05T22:00:00Z,32.3,20.0,5233.8,0.0,3113.9,2991.4,267.6,230.5,245.0,244.1,824.3,16.8,30.0,440.3
2026-09-05T23:00:00Z,32.5,20.1,5256.2,0.0,3106.4,2984.1,267.6,230.5,261.0,247.0,836.2,16.8,30.0,439.2
2026-09-06T00:00:00Z,32.3,20.0,5120.4,0.0,3083.8,2962.2,250.4,213.8,264.6,247.0,818.1,16.6,29.9,359.2
2026-09-06T01:00:00Z,31.6,19.8,5023.7,0.0,3133.0,3009.9,153.0,119.3,253.3,244.9,786.9,16.0,29.9,357.1
2026-09-06T02:00:00Z,30.6,19.9,5041.2,0.0,3103.9,2981.7,227.5,191.5,245.4,240.0,770.3,16.1,30.0,358.0
2026-09-06T03:00:00Z,29.2,19.9,5109.0,0.0,3157.5,3033.6,267.6,230.5,233.2,236.2,756.9,17.1,30.2,359.8
2026-09-06T04:00:00Z,27.7,19.9,5106.0,0.0,3191.0,3066.2,267.6,230.5,232.2,233.7,723.2,17.6,30.2,359.9
2026-09-06T05:00:00Z,24.7,20.0,4914.5,0.0,3129.7,3006.7,250.4,213.8,241.7,232.3,605.4,16.6,29.9,359.9
2026-09-06T06:00:00Z,23.0,20.0,4720.7,0.0,3127.5,3004.6,153.0,119.3,250.7,231.7,505.3,15.6,30.2,360.1
2026-09-06T07:00:00Z,21.4,20.1,4689.7,0.0,3080.0,2958.5,227.5,191.5,260.1,231.1,437.5,16.0,29.8,361.3
2026-09-06T08:00:00Z,20.1,19.9,4641.3,0.0,3053.0,2932.3,267.6,230.5,255.0,233.0,381.0,16.0,30.0,359.9
2026-09-06T09:00:00Z,19.1,19.9,4701.3,0.0,3164.7,3040.7,267.6,230.5,237.4,228.7,347.2,17.1,30.1,361.9
2026-09-06T10:00:00Z,18.4,19.9,4622.1,0.0,3155.4,3031.6,250.4,213.8,219.4,225.2,319.6,16.7,30.1,359.6
2026-09-06T11:00:00Z,18.2,19.9,4508.6,0.0,3179.0,3054.5,153.0,119.3,203.3,220.5,303.4,15.5,29.8,359.6
2026-09-06T12:00:00Z,18.4,20.0,4624.5,0.0,3127.4,3004.5,227.5,191.5,201.0,222.9,314.9,15.8,30.0,439.3
2026-09-06T13:00:00Z,19.1,20.1,4640.5,0.0,3065.2,2944.1,267.6,230.5,211.9,229.3,335.2,15.7,30.2,439.5
2026-09-06T14:00:00Z,20.1,20.0,4682.2,0.0,3047.5,2926.9,267.6,230.5,224.7,235.2,377.5,15.7,30.1,437.6
2026-09-06T15:00:00Z,21.4,19.9,4696.0,0.0,3007.1,2887.7,250.4,213.8,235.2,238.2,432.6,15.4,30.0,440.7
2026-09-06T16:00:00Z,23.0,20.0,4537.4,0.0,2904.6,2788.4,153.0,119.3,234.6,242.1,473.3,13.3,29.9,441.6
2026-09-06T17:00:00Z,24.7,19.9,4741.6,0.0,2945.7,2828.2,227.5,191.5,225.5,241.3,568.0,14.5,29.8,442.5
2026-09-06T18:00:00Z,26.4,20.4,4923.7,0.0,3007.5,2888.1,267.6,230.5,216.2,239.9,659.7,15.3,30.1,438.9
2026-09-06T19:00:00Z,27.9,19.9,4916.6,0.0,2975.3,2857.0,267.6,230.5,207.4,240.0,690.9,14.9,30.1,441.8
2026-09-06T20:00:00Z,29.3,19.9,5041.2,0.0,3077.4,2956.0,250.4,213.8,209.8,234.2,730.9,15.7,30.0,442.8
2026-09-06T21:00:00Z,30.3,20.1,5142.6,0.0,3161.9,3038.0,224.2,188.4,225.4,227.9,767.2,16.4,30.0,438.7
2026-09-06T22:00:00Z,31.0,20.2,5300.7,0.0,3140.9,3017.6,346.3,306.8,241.3,223.6,809.0,17.7,29.8,439.8
2026-09-06T23:00:00Z,31.2,19.8,5333.8,0.0,3112.0,2989.5,386.4,345.7,256.4,217.1,819.2,17.9,29.8,442.2
2026-09-07T00:00:00Z,31.0,20.0,5187.6,0.0,3058.5,2937.7,386.4,345.7,261.0,218.9,802.0,17.4,29.9,362.0
2026-09-07T01:00:00Z,30.3,19.7,4998.2,0.0,2971.9,2853.6,317.6,279.0,264.2,224.3,763.6,15.8,29.9,361.3
2026-09-07T02:00:00Z,29.3,20.2,4814.1,0.0,2923.2,2806.4,237.4,201.1,262.8,230.3,707.8,14.6,29.9,360.5
2026-09-07T03:00:00Z,27.9,20.0,5154.1,0.0,3109.3,2986.9,346.3,306.8,262.2,238.9,737.8,17.8,29.9,360.9
2026-09-07T04:00:00Z,26.4,20.0,5099.8,0.0,3059.9,2939.0,386.4,345.7,252.1,237.1,705.9,17.5,30.1,360.3
2026-09-07T05:00:00Z,23.7,19.8,5058.5,0.0,3159.9,3036.0,386.4,345.7,239.6,237.5,576.5,18.5,29.9,360.2
2026-09-07T06:00:00Z,22.0,19.8,4778.0,0.0,3073.3,2952.0,317.6,279.0,227.6,234.0,472.3,16.7,30.0,359.1
2026-09-07T07:00:00Z,20.4,20.0,4516.7,0.0,3007.0,2887.7,237.4,201.2,210.3,231.8,381.4,14.9,30.1,359.2
2026-09-07T08:00:00Z,19.1,20.0,4631.3,0.0,3048.3,2927.8,346.3,306.8,208.2,231.5,346.3,16.4,29.9,358.5
2026-09-07T09:00:00Z,18.1,19.8,4651.5,0.0,3049.5,2928.9,386.4,345.7,213.7,235.8,310.8,17.0,30.0,362.3
2026-09-07T10:00:00Z,17.4,20.1,4678.7,0.0,3084.7,2963.1,386.4,345.7,220.8,241.2,289.0,17.6,30.0,362.7
2026-09-07T11:00:00Z,17.2,19.9,4653.3,0.0,3131.8,3008.7,317.6,279.0,227.5,243.4,280.2,17.3,30.0,359.4
2026-09-07T12:00:00Z,17.4,20.0,4669.5,0.0,3142.6,3019.3,237.4,201.1,228.1,243.6,283.9,16.5,30.3,440.8
2026-09-07T13:00:00Z,18.1,20.2,4854.9,0.0,3194.1,3069.2,346.3,306.8,221.8,239.5,318.7,18.3,30.0,438.3
2026-09-07T14:00:00Z,19.1,20.3,4888.7,0.0,3152.7,3029.0,386.4,345.7,215.5,238.6,358.6,18.1,29.8,440.7
2026-09-07T15:00:00Z,20.4,20.1,4981.7,0.0,3197.2,3072.2,386.4,345.7,206.8,234.4,418.3,18.5,29.7,441.1
2026-09-07T16:00:00Z,22.0,19.7,4970.9,0.0,3187.5,3062.8,317.6,279.0,210.3,235.8,480.3,17.8,30.0,442.3
2026-09-07T17:00:00Z,23.7,19.8,5007.1,0.0,3209.7,3084.3,237.4,201.1,225.6,240.3,558.0,17.2,30.1,439.2
2026-09-07T18:00:00Z,25.4,20.1,5217.1,0.0,3176.3,3051.9,346.3,306.8,237.9,244.9,672.5,18.2,29.9,439.5
2026-09-07T19:00:00Z,26.9,20.1,5037.8,0.0,2921.4,2804.7,386.4,345.7,252.1,249.7,690.5,16.3,29.9,441.7
2026-09-07T20:00:00Z,28.3,19.9,5078.0,0.0,2932.7,2815.7,386.4,345.7,252.7,249.7,720.7,16.2,30.0,439.3
2026-09-07T21:00:00Z,29.3,20.0,4997.2,0.0,2934.5,2817.4,317.6,279.0,242.0,244.7,723.8,15.4,30.1,439.7
2026-09-07T22:00:00Z,30.0,19.8,5064.1,0.0,3067.5,2946.4,237.4,201.1,231.6,242.0,749.7,15.8,30.2,439.8
2026-09-07T23:00:00Z,30.2,20.2,5255.5,0.0,3133.2,3010.1,346.3,306.8,218.3,235.3,781.7,17.6,30.2,440.9
2026-09-08T00:00:00Z,30.0,19.8,5241.8,0.0,3153.8,3030.1,386.4,345.7,218.4,234.5,789.7,18.3,30.0,358.8
2026-09-08T01:00:00Z,29.3,19.9,5216.5,0.0,3131.8,3008.7,386.4,345.7,231.2,233.8,774.0,18.1,30.0,359.7
2026-09-08T02:00:00Z,28.3,19.8,5124.8,0.0,3132.9,3009.8,317.6,279.0,242.3,232.0,741.3,17.4,30.1,360.4
2026-09-08T03:00:00Z,26.9,19.8,4958.7,0.0,3088.7,2966.9,237.3,201.1,255.7,233.5,687.7,16.3,30.0,360.4
2026-09-08T04:00:00Z,25.4,20.1,5005.7,0.0,3060.4,2939.5,346.3,306.8,260.5,232.6,649.7,17.1,29.9,359.6
2026-09-08T05:00:00Z,27.2,19.9,5164.8,0.0,3099.8,2977.7,386.4,345.7,257.0,235.9,727.3,18.0,29.8,359.5
2026-09-08T06:00:00Z,25.5,20.1,5154.9,0.0,3141.1,3017.7,386.4,345.7,254.6,238.2,677.4,18.5,29.9,357.9
2026-09-08T07:00:00Z,24.0,19.9,4986.2,0.0,3137.7,3014.4,317.6,279.0,253.2,240.2,580.0,17.6,29.8,360.7
2026-09-08T08:00:00Z,22.6,19.8,4740.4,0.0,3071.6,2950.4,237.3,201.1,247.3,237.9,493.4,15.9,30.0,359.9
2026-09-08T09:00:00Z,21.6,20.0,4799.5,0.0,3066.4,2945.3,346.3,306.8,239.8,235.2,457.6,16.9,29.7,360.1
2026-09-08T10:00:00Z,20.9,19.9,4818.6,0.0,3083.2,2961.6,386.4,345.7,231.3,228.9,434.4,17.5,29.9,359.2
2026-09-08T11:00:00Z,20.7,20.1,4859.5,0.0,3144.6,3021.1,386.4,345.7,225.9,224.0,427.0,17.9,29.9,355.8
2026-09-08T12:00:00Z,20.9,19.9,4896.4,0.0,3126.4,3003.5,317.6,279.0,220.7,226.2,468.7,17.1,30.0,441.3
2026-09-08T13:00:00Z,21.6,19.9,4791.0,0.0,3073.7,2952.4,237.4,201.1,222.7,231.7,492.0,15.8,30.2,440.2
2026-09-08T14:00:00Z,22.6,20.2,4998.3,0.0,3112.9,2990.4,346.3,306.8,224.5,239.6,538.5,17.4,30.1,439.7
2026-09-08T15:00:00Z,24.0,19.8,5009.4,0.0,3024.9,2905.1,386.4,345.7,225.0,246.8,593.8,16.9,30.0,436.0
2026-09-08T16:00:00Z,25.5,20.0,5172.4,0.0,3101.0,2978.9,386.4,345.7,226.5,249.7,672.5,17.9,30.2,437.2
2026-09-08T17:00:00Z,27.2,20.1,5140.2,0.0,3104.1,2981.9,317.6,279.0,228.9,242.2,710.8,17.0,30.1,438.8
2026-09-08T18:00:00Z,28.9,20.1,4984.0,0.0,3028.9,2908.9,237.4,201.1,231.9,234.9,718.2,15.3,29.8,438.3
2026-09-08T19:00:00Z,30.5,19.9,5208.8,0.0,3077.9,2956.4,346.3,306.8,234.7,231.6,783.1,17.1,30.2,436.4
2026-09-08T20:00:00Z,31.8,19.8,5455.3,0.0,3218.0,3092.3,386.4,345.7,233.6,223.4,851.7,18.9,30.0,439.4
2026-09-08T21:00:00Z,32.9,20.2,5463.8,0.0,3204.6,3079.3,386.4,345.7,228.5,220.8,881.4,18.7,30.1,439.3
2026-09-08T22:00:00Z,33.5,20.2,5333.9,0.0,3158.5,3034.6,317.6,279.0,226.3,217.2,875.9,17.3,29.9,438.3
2026-09-08T23:00:00Z,33.7,20.1,5099.4,0.0,3056.6,2935.8,237.3,201.1,220.6,211.8,835.2,15.4,30.1,441.7
2026-09-09T00:00:00Z,33.5,20.2,5153.6,0.0,3051.3,2930.6,346.3,306.8,225.4,217.3,856.5,16.4,30.1,359.4
2026-09-09T01:00:00Z,32.9,19.9,5172.9,0.0,3028.2,2908.2,386.4,345.7,234.7,225.3,839.5,16.8,30.0,360.8
2026-09-09T02:00:00Z,31.8,20.1,5259.2,0.0,3096.2,2974.2,386.4,345.7,246.0,235.1,836.2,17.9,30.0,359.4
2026-09-09T03:00:00Z,30.5,20.2,5198.0,0.0,3078.3,2956.9,363.1,323.1,257.4,245.6,794.7,17.6,30.0,359.7
2026-09-09T04:00:00Z,28.9,20.1,5128.7,0.0,3053.7,2933.0,356.2,316.4,259.5,247.8,751.2,17.4,29.8,362.4
2026-09-09T05:00:00Z,24.1,19.9,5091.5,0.0,3078.4,2957.0,465.0,422.0,249.5,239.5,601.0,18.6,30.1,358.9
2026-09-09T06:00:00Z,22.5,20.1,4970.1,0.0,3024.1,2904.3,505.2,460.9,238.3,233.9,509.3,18.2,29.8,362.1
2026-09-09T07:00:00Z,20.9,19.8,4951.0,0.0,3122.5,2999.8,472.2,428.9,228.6,229.2,439.8,18.8,30.1,360.7
2026-09-09T08:00:00Z,19.6,19.9,4687.6,0.0,3029.4,2909.5,383.4,342.8,224.8,231.2,365.7,16.7,30.0,360.0
2026-09-09T09:00:00Z,18.5,19.7,4674.2,0.0,3068.8,2947.6,356.2,316.4,225.9,243.5,327.1,16.9,30.1,359.4
2026-09-09T10:00:00Z,17.9,19.9,4751.9,0.0,3039.8,2919.5,465.0,422.0,228.0,252.3,308.4,18.1,30.2,363.1
2026-09-09T11:00:00Z,17.6,19.9,4818.6,0.0,3054.4,2933.7,505.2,460.9,231.0,265.6,306.2,18.9,29.6,360.0
2026-09-09T12:00:00Z,17.9,20.1,5030.5,0.0,3198.1,3073.0,472.2,428.9,231.3,267.1,324.6,20.3,29.9,437.3
2026-09-09T13:00:00Z,18.5,20.0,5021.8,0.0,3260.0,3133.1,383.4,342.8,231.1,262.0,346.6,19.8,29.9,439.3
2026-09-09T14:00:00Z,19.6,20.0,4973.3,0.0,3214.8,3089.2,356.2,316.4,228.5,254.8,380.8,18.9,29.9,440.2
2026-09-09T15:00:00Z,20.9,19.9,5148.1,0.0,3218.7,3093.0,465.0,422.0,228.0,248.2,449.7,20.1,30.0,437.3
2026-09-09T16:00:00Z,22.5,19.8,5240.0,0.0,3191.2,3066.4,505.2,460.9,230.0,239.8,531.9,20.1,30.1,440.0
2026-09-09T17:00:00Z,24.1,20.0,5319.2,0.0,3221.0,3095.2,472.2,428.9,233.6,231.2,622.0,20.0,29.9,436.7
2026-09-09T18:00:00Z,25.8,19.8,5341.8,0.0,3249.2,3122.6,383.4,342.8,239.0,223.0,706.3,19.3,29.9,438.9
2026-09-09T19:00:00Z,27.4,20.0,5295.7,0.0,3204.1,3078.9,356.1,316.4,244.2,211.2,739.5,18.4,30.0,439.7
2026-09-09T20:00:00Z,28.7,20.0,5432.2,0.0,3181.6,3057.1,465.0,422.0,245.5,212.8,781.2,19.5,30.2,442.5
2026-09-09T21:00:00Z,29.8,20.0,5577.1,0.0,3122.4,2999.7,618.0,570.4,244.4,220.8,824.9,20.7,30.1,440.4
2026-09-09T22:00:00Z,30.4,20.0,5472.4,0.0,3036.0,2915.8,591.0,544.2,242.7,230.3,827.7,19.3,30.0,441.2
2026-09-09T23:00:00Z,30.6,20.1,5451.7,0.0,3094.1,2972.2,502.2,458.0,240.4,239.0,832.8,19.1,30.2,439.9
2026-09-10T00:00:00Z,30.4,20.3,5191.4,0.0,2976.9,2858.5,474.9,431.6,242.0,243.0,794.1,17.5,30.2,361.3
2026-09-10T01:00:00Z,29.8,20.2,5172.2,0.0,2952.4,2834.8,502.2,458.0,244.0,243.9,773.5,17.5,29.9,357.5
2026-09-10T02:00:00Z,28.7,20.3,5385.6,0.0,3030.1,2910.1,611.9,564.4,246.5,244.5,789.9,19.8,30.1,359.5
2026-09-10T03:00:00Z,27.4,20.2,5453.0,0.0,3135.5,3012.4,585.9,539.2,246.8,247.1,773.5,20.9,30.1,359.2
2026-09-10T04:00:00Z,25.8,19.9,5271.4,0.0,3109.5,2987.1,497.0,453.0,243.8,245.7,714.0,19.4,30.1,359.6
2026-09-10T05:00:00Z,24.0,20.1,5117.7,0.0,3120.9,2998.2,453.5,410.7,237.3,249.0,597.6,19.0,30.1,359.6
2026-09-10T06:00:00Z,22.3,20.1,5066.1,0.0,3158.3,3034.5,456.3,413.5,232.1,247.2,513.2,19.4,30.0,359.5
2026-09-10T07:00:00Z,20.7,20.2,5038.0,0.0,3128.9,3006.0,533.7,488.6,227.4,247.1,441.1,19.8,30.2,359.9
2026-09-10T08:00:00Z,19.4,19.6,4989.6,0.0,3168.9,3044.7,505.0,460.8,222.7,246.9,385.2,20.0,30.0,361.4
2026-09-10T09:00:00Z,18.3,20.0,4823.5,0.0,3163.8,3039.8,416.2,374.6,215.5,241.1,330.6,18.6,30.0,359.9
2026-09-10T10:00:00Z,17.7,20.2,4657.5,0.0,3026.1,2906.2,437.0,394.8,210.2,235.3,295.2,17.2,30.1,360.2
2026-09-10T11:00:00Z,17.5,20.0,4702.0,0.0,2988.7,2869.9,529.2,484.2,203.6,233.3,292.1,17.7,29.8,361.0
2026-09-10T12:00:00Z,17.7,20.0,4756.8,0.0,2884.2,2768.6,610.0,562.6,200.5,230.1,299.6,17.3,30.1,437.8
2026-09-10T13:00:00Z,18.3,19.9,4708.5,0.0,2841.1,2726.8,586.3,539.6,200.4,232.5,315.5,16.7,29.8,439.5
2026-09-10T14:00:00Z,19.4,20.0,4805.4,0.0,2978.4,2860.0,492.5,448.6,200.1,236.8,362.8,17.1,29.9,440.3
2026-09-10T15:00:00Z,20.7,20.0,4952.5,0.0,3041.8,2921.5,511.1,466.7,199.1,237.2,428.3,18.2,30.0,437.8
2026-09-10T16:00:00Z,22.3,20.0,5121.2,0.0,3101.0,2978.9,532.6,487.5,205.4,235.5,507.7,19.0,30.0,439.3
2026-09-10T17:00:00Z,24.0,19.9,5249.5,0.0,3045.1,2924.7,610.0,562.6,219.9,231.6,602.6,19.5,29.8,439.2
2026-09-10T18:00:00Z,25.6,20.0,5400.1,0.0,3103.5,2981.3,581.4,534.8,233.6,223.3,714.4,19.8,29.8,440.8
2026-09-10T19:00:00Z,27.2,20.3,5392.1,0.0,3135.3,3012.1,492.5,448.6,250.5,221.3,748.4,19.4,30.3,441.1
2026-09-10T20:00:00Z,28.6,20.0,5529.4,0.0,3209.7,3084.3,516.1,471.5,251.3,215.6,791.2,20.5,29.9,440.4
2026-09-10T21:00:00Z,29.6,19.9,5512.4,0.0,3163.4,3039.4,532.7,487.6,242.0,213.1,814.9,20.0,30.2,441.6
2026-09-10T22:00:00Z,30.2,19.9,5507.3,0.0,3085.8,2964.1,610.0,562.6,233.9,208.0,826.0,19.8,30.0,439.3
2026-09-10T23:00:00Z,30.5,20.2,5571.4,0.0,3169.0,3044.9,581.3,534.7,225.1,204.6,844.4,20.3,30.2,441.4
2026-09-11T00:00:00Z,30.2,20.3,5306.2,0.0,3123.5,3000.7,492.5,448.6,219.2,201.7,806.8,18.7,30.0,361.1
2026-09-11T01:00:00Z,29.6,20.1,5250.3,0.0,3074.6,2953.3,511.1,466.7,219.3,202.1,782.7,18.2,30.1,360.1
2026-09-11T02:00:00Z,28.6,20.3,5223.2,0.0,3054.0,2933.3,532.6,487.5,219.5,203.1,753.2,18.3,29.9,360.8
2026-09-11T03:00:00Z,27.2,19.9,5430.1,0.0,3163.6,3039.6,615.0,567.4,219.4,203.5,763.2,20.4,30.2,360.9
2026-09-11T04:00:00Z,25.6,20.2,5331.2,0.0,3152.1,3028.4,581.4,534.8,220.3,208.3,705.5,20.2,29.9,360.6
2026-09-11T05:00:00Z,27.6,20.1,5152.5,0.0,3034.1,2914.0,492.5,448.6,223.4,216.7,729.4,17.9,30.0,357.5
2026-09-11T06:00:00Z,25.9,20.0,5233.6,0.0,3103.5,2981.3,511.1,466.7,223.5,226.5,706.3,19.0,29.9,362.0
2026-09-11T07:00:00Z,24.3,20.1,5130.3,0.0,3065.8,2944.7,532.7,487.6,226.7,236.6,608.6,18.9,29.9,360.4
2026-09-11T08:00:00Z,23.0,20.1,5179.0,0.0,3082.6,2961.0,610.0,562.6,228.8,239.3,556.3,20.1,30.1,360.5
2026-09-11T09:00:00Z,21.9,19.8,5072.6,0.0,3055.8,2935.0,581.4,534.8,229.9,243.9,501.0,19.5,29.8,361.2
2026-09-11T10:00:00Z,21.3,19.9,4904.0,0.0,3017.0,2897.4,497.5,453.5,230.3,247.3,454.9,18.2,30.0,360.2
2026-09-11T11:00:00Z,21.1,20.0,4987.4,0.0,3081.6,2960.1,511.1,466.7,233.6,248.8,453.5,19.0,29.9,360.4
2026-09-11T12:00:00Z,21.3,20.0,5102.1,0.0,3083.5,2961.9,532.6,487.5,235.0,249.0,464.4,19.5,29.8,437.7
2026-09-11T13:00:00Z,21.9,19.9,5199.7,0.0,3068.7,2947.5,610.0,562.6,234.4,243.8,500.7,20.0,29.9,440.8
2026-09-11T14:00:00Z,23.0,20.1,5201.3,0.0,3059.7,2938.8,581.3,534.8,234.8,239.0,546.1,19.6,30.2,439.1
2026-09-11T15:00:00Z,24.3,20.1,5232.4,0.0,3110.1,2987.7,492.5,448.6,235.1,233.1,621.2,19.0,30.2,439.4
2026-09-11T16:00:00Z,25.9,20.1,5266.4,0.0,3050.1,2929.5,511.1,466.7,234.2,230.0,700.5,18.6,30.1,439.8
2026-09-11T17:00:00Z,27.6,19.9,5429.9,0.0,3125.7,3002.8,537.6,492.3,229.1,233.0,759.7,19.6,29.8,441.6
2026-09-11T18:00:00Z,29.3,20.1,5564.9,0.0,3137.9,3014.7,603.2,556.0,226.7,233.6,815.7,20.6,30.0,442.1
2026-09-11T19:00:00Z,30.8,20.1,5537.8,0.0,3111.5,2989.0,577.6,531.2,224.2,234.5,844.1,19.9,30.0,441.2
2026-09-11T20:00:00Z,32.2,20.0,5488.1,0.0,3066.5,2945.4,540.4,495.1,226.7,236.3,873.3,19.0,29.9,441.6
2026-09-11T21:00:00Z,33.2,20.1,5533.8,0.0,3069.0,2947.9,545.5,500.0,236.2,236.1,904.3,19.2,30.2,438.6
2026-09-11T22:00:00Z,33.9,20.0,5477.7,0.0,3014.8,2895.3,528.9,483.9,245.2,235.9,912.1,18.5,29.9,438.2
2026-09-11T23:00:00Z,34.1,20.0,5673.6,0.0,3079.7,2958.2,606.3,559.0,253.8,235.2,954.1,20.5,30.1,437.8
2026-09-12T00:00:00Z,33.9,19.8,5720.1,0.0,3109.6,2987.2,681.3,631.8,257.6,237.1,967.1,21.7,30.2,359.0
2026-09-12T01:00:00Z,33.2,20.0,5663.7,0.0,3106.3,2984.0,659.2,610.3,254.4,238.1,938.7,21.3,30.1,359.5
2026-09-12T02:00:00Z,32.2,20.0,5535.9,0.0,3033.6,2913.5,660.6,611.6,248.1,238.1,888.1,20.3,30.2,362.2
2026-09-12T03:00:00Z,30.8,19.8,5369.5,0.0,2939.0,2821.7,651.4,602.8,242.1,243.6,830.0,19.1,29.9,361.1
2026-09-12T04:00:00Z,29.3,20.2,5358.1,0.0,2967.2,2849.1,656.3,607.5,240.1,240.1,791.5,19.4,29.8,360.6
2026-09-12T05:00:00Z,25.2,20.2,5297.5,0.0,2998.4,2879.3,679.2,629.7,237.9,233.7,684.5,19.9,30.0,361.5
2026-09-12T06:00:00Z,23.5,19.7,5116.3,0.0,2956.9,2839.1,662.9,613.9,235.9,226.7,574.9,19.2,30.0,359.0
2026-09-12T07:00:00Z,21.9,19.8,5121.2,0.0,3033.2,2913.1,665.6,616.5,234.7,220.8,504.1,20.1,30.1,362.0
2026-09-12T08:00:00Z,20.6,20.0,5060.2,0.0,3062.0,2941.1,647.7,599.1,233.8,217.1,440.8,20.1,30.2,358.3
2026-09-12T09:00:00Z,19.6,20.0,5060.2,0.0,3083.3,2961.7,660.0,611.1,240.9,216.9,398.8,20.6,29.9,359.7
2026-09-12T10:00:00Z,18.9,20.0,5001.4,0.0,3027.0,2907.1,679.3,629.8,249.5,217.4,368.5,20.3,29.8,360.1
2026-09-12T11:00:00Z,18.7,20.2,5000.6,0.0,3052.4,2931.8,659.2,610.3,255.1,215.2,357.2,20.4,30.0,361.5
2026-09-12T12:00:00Z,18.9,20.1,5187.8,0.0,3132.3,3009.3,664.3,615.3,257.3,220.1,372.6,21.5,30.0,438.3
2026-09-12T13:00:00Z,19.6,19.9,5069.4,0.0,3025.0,2905.1,627.7,579.8,255.2,228.3,391.4,19.9,30.2,441.5
2026-09-12T14:00:00Z,20.6,20.1,5157.1,0.0,3026.6,2906.7,660.7,611.8,252.2,235.7,439.6,20.2,29.8,441.2
2026-09-12T15:00:00Z,21.9,19.9,5430.3,0.0,3170.9,3046.7,687.4,637.6,253.0,243.9,529.8,22.5,30.0,439.0
2026-09-12T16:00:00Z,23.5,20.2,5421.5,0.0,3117.3,2994.6,663.6,614.6,245.7,244.1,604.9,21.5,30.0,440.7
2026-09-12T17:00:00Z,25.2,20.2,5322.7,0.0,2969.0,2850.9,665.0,616.0,238.0,237.1,672.4,19.4,30.1,438.9
2026-09-12T18:00:00Z,26.9,19.8,5401.1,0.0,2997.3,2878.3,655.8,607.1,229.1,230.0,745.2,19.6,30.1,440.5
2026-09-12T19:00:00Z,28.4,20.0,5459.8,0.0,3024.9,2905.0,660.7,611.8,218.2,224.9,787.4,19.6,30.2,439.9
2026-09-12T20:00:00Z,29.8,20.2,5469.7,0.0,2993.0,2874.1,683.6,634.0,217.3,221.4,812.2,19.6,30.1,438.4
2026-09-12T21:00:00Z,30.8,20.0,5546.1,0.0,3028.9,2908.9,667.3,618.2,226.9,226.6,849.7,20.0,29.8,442.1
2026-09-12T22:00:00Z,31.5,19.9,5616.4,0.0,3069.6,2948.4,661.9,612.9,235.0,231.7,870.8,20.5,30.0,441.2
2026-09-12T23:00:00Z,31.7,19.9,5532.0,0.0,3001.4,2882.2,650.0,601.4,239.2,233.4,864.4,19.7,30.0,439.3
2026-09-13T00:00:00Z,31.5,20.0,5421.6,0.0,2970.9,2852.7,664.4,615.4,238.8,233.7,853.9,19.4,30.0,356.7
2026-09-13T01:00:00Z,30.8,19.8,5487.9,0.0,3040.1,2919.8,683.6,634.0,223.7,228.5,848.0,20.3,30.1,359.2
2026-09-13T02:00:00Z,29.8,20.0,5414.0,0.0,3044.9,2924.5,663.6,614.6,210.1,224.2,810.6,19.9,30.1,357.0
2026-09-13T03:00:00Z,28.4,20.0,5256.5,0.0,2948.9,2831.4,668.7,619.6,196.5,218.5,763.6,18.6,29.9,359.6
2026-09-13T04:00:00Z,26.9,20.1,5259.1,0.0,2996.8,2877.8,652.1,603.5,195.6,218.3,737.7,19.0,29.8,357.5
2026-09-13T05:00:00Z,23.2,20.1,5189.5,0.0,3069.6,2948.4,660.7,611.8,204.0,226.2,565.6,20.1,30.0,361.9
2026-09-13T06:00:00Z,21.5,20.1,5150.7,0.0,3065.0,2944.0,687.4,637.6,216.6,231.3,487.6,20.6,30.0,361.1
2026-09-13T07:00:00Z,19.9,20.3,5009.1,0.0,3008.2,2888.8,663.6,614.6,228.2,237.5,411.6,19.8,30.1,360.6
2026-09-13T08:00:00Z,18.6,20.0,4959.1,0.0,3010.6,2891.2,665.0,616.0,230.8,242.5,350.6,20.1,30.0,360.4
2026-09-13T09:00:00Z,17.6,20.0,5012.3,0.0,3085.5,2963.8,677.6,628.2,226.8,246.4,315.6,20.9,29.9,360.0
2026-09-13T10:00:00Z,16.9,19.9,5042.1,0.0,3038.4,2918.1,779.5,727.0,222.7,245.4,295.8,21.7,29.8,358.9
2026-09-13T11:00:00Z,16.7,20.0,5143.1,0.0,3116.3,2993.7,802.4,749.3,216.4,247.8,294.5,22.9,30.1,361.7
2026-09-13T12:00:00Z,16.9,20.0,5269.0,0.0,3093.1,2971.2,786.1,733.4,216.7,252.4,376.3,22.5,30.0,439.6
2026-09-13T13:00:00Z,17.6,20.2,5158.9,0.0,2984.2,2865.6,768.0,715.9,222.6,253.7,386.7,20.9,30.0,441.8
2026-09-13T14:00:00Z,18.6,20.0,5137.1,0.0,2995.6,2876.6,700.7,650.6,226.0,255.3,418.0,20.3,30.1,440.3
2026-09-13T15:00:00Z,19.9,20.1,5236.4,0.0,2948.3,2830.7,783.2,730.6,231.5,259.9,470.9,20.8,30.0,440.0
2026-09-13T16:00:00Z,21.5,20.2,5318.4,0.0,2943.9,2826.5,802.4,749.3,233.3,257.3,536.8,21.0,29.9,441.2
2026-09-13T17:00:00Z,23.2,20.0,5397.1,0.0,2987.9,2869.1,779.2,726.8,227.3,250.2,606.5,21.2,30.2,441.1
2026-09-13T18:00:00Z,24.9,20.2,5551.2,0.0,3070.3,2949.1,769.7,717.5,225.6,241.7,693.9,21.9,30.1,443.0
2026-09-13T19:00:00Z,26.4,20.2,5523.4,0.0,3066.9,2945.8,700.7,650.6,222.4,235.9,750.2,21.0,30.2,441.4
2026-09-13T20:00:00Z,27.8,19.8,5695.0,0.0,3105.6,2983.4,779.5,727.0,220.7,236.3,804.1,22.3,30.1,439.9
2026-09-13T21:00:00Z,28.8,20.0,5832.9,0.0,3166.1,3042.0,806.1,752.9,221.2,243.2,842.8,23.7,30.0,441.9
2026-09-13T22:00:00Z,29.5,19.9,5989.9,0.0,3224.4,3098.6,855.6,800.9,220.2,250.2,886.7,25.0,29.9,438.5
2026-09-13T23:00:00Z,29.7,20.1,5956.1,0.0,3149.7,3026.1,886.8,831.1,220.1,257.1,887.6,24.5,30.2,441.2
2026-09-14T00:00:00Z,29.5,20.1,5678.5,0.0,3059.5,2938.6,823.2,769.4,219.5,258.4,847.7,22.5,30.1,361.3
2026-09-14T01:00:00Z,28.8,19.9,5688.3,0.0,3019.5,2899.8,898.3,842.2,217.6,249.8,837.1,23.0,30.1,356.6
2026-09-14T02:00:00Z,27.8,19.9,5631.8,0.0,3027.9,2907.9,868.2,813.1,216.5,244.3,807.0,22.4,30.1,359.7
2026-09-14T03:00:00Z,26.4,20.2,5662.4,0.0,3081.7,2960.1,871.9,816.7,215.3,237.1,787.0,23.0,30.0,360.4
2026-09-14T04:00:00Z,24.9,20.0,5672.7,0.0,3139.6,3016.3,884.8,829.2,217.7,230.5,729.4,24.2,30.1,360.3
2026-09-14T05:00:00Z,21.7,19.9,5412.0,0.0,3125.7,3002.9,810.3,756.9,224.3,227.4,558.8,23.0,30.0,358.9
2026-09-14T06:00:00Z,20.0,20.0,5511.5,0.0,3184.9,3060.3,895.7,839.7,229.9,224.3,506.9,24.9,30.3,360.1
2026-09-14T07:00:00Z,18.4,20.0,5450.2,0.0,3189.0,3064.2,891.2,835.4,233.1,221.6,445.2,24.8,30.2,361.1
2026-09-14T08:00:00Z,17.1,19.9,5350.0,0.0,3101.5,2979.4,928.6,871.6,237.2,220.3,394.3,24.2,30.0,361.2
2026-09-14T09:00:00Z,16.0,20.0,5300.3,0.0,3093.8,2971.9,918.9,862.2,236.2,226.3,358.8,24.2,30.0,359.7
2026-09-14T10:00:00Z,15.4,20.0,5088.9,0.0,3026.5,2906.6,811.4,758.0,234.1,231.7,323.8,21.7,30.0,359.3
2026-09-14T11:00:00Z,15.2,19.8,5165.0,0.0,3015.6,2896.0,888.1,832.3,235.5,237.3,325.2,22.8,30.1,359.3
2026-09-14T12:00:00Z,15.4,20.2,5273.5,0.0,3039.1,2918.9,890.2,834.4,233.3,233.6,331.8,23.1,30.1,440.1
2026-09-14T13:00:00Z,16.0,20.4,5373.3,0.0,3110.3,2987.9,905.6,849.3,227.6,222.6,359.0,24.1,30.2,440.7
2026-09-14T14:00:00Z,17.1,19.9,5413.9,0.0,3129.3,3006.3,907.9,851.6,223.6,211.4,395.0,24.2,30.0,438.8
2026-09-14T15:00:00Z,18.4,20.2,5299.0,0.0,3128.7,3005.7,779.5,727.0,219.5,199.2,427.1,21.9,29.9,440.7
2026-09-14T16:00:00Z,20.0,19.8,5501.2,0.0,3195.2,3070.2,838.7,784.4,217.7,203.0,497.8,23.9,30.0,440.5
2026-09-14T17:00:00Z,21.7,20.0,5666.9,0.0,3213.3,3087.8,882.7,827.1,220.3,216.3,580.9,24.7,29.9,442.6
2026-09-14T18:00:00Z,23.4,20.0,5731.1,0.0,3151.5,3027.8,919.9,863.2,219.0,229.6,657.2,24.7,30.2,442.2
2026-09-14T19:00:00Z,24.9,20.2,5853.3,0.0,3209.0,3083.6,887.0,831.3,219.4,244.4,740.0,25.3,29.8,440.6
2026-09-14T20:00:00Z,26.3,19.7,5756.1,0.0,3169.5,3045.4,784.4,731.8,222.4,245.7,784.1,23.4,30.0,439.5
2026-09-14T21:00:00Z,27.3,20.1,5821.1,0.0,3111.9,2989.4,883.9,828.3,225.9,235.0,812.0,23.9,30.0,440.9
2026-09-14T22:00:00Z,27.9,19.9,5749.5,0.0,3053.5,2932.8,877.4,822.0,232.0,222.6,813.4,23.0,30.0,440.7
2026-09-14T23:00:00Z,28.2,20.0,5782.7,0.0,3077.3,2955.9,877.2,821.7,237.1,210.7,830.7,23.2,30.0,439.3
2026-09-15T00:00:00Z,27.9,20.1,5838.2,0.0,3133.9,3010.8,939.3,882.0,236.5,210.5,844.7,24.6,30.0,361.0
2026-09-15T01:00:00Z,27.3,19.8,5815.0,0.0,3181.7,3057.2,881.5,826.0,236.7,213.8,829.4,24.5,30.0,359.8
2026-09-15T02:00:00Z,26.3,19.8,5828.2,0.0,3215.2,3089.6,883.7,828.1,234.1,222.9,796.7,25.1,29.9,363.0
2026-09-15T03:00:00Z,24.9,20.1,5713.3,0.0,3163.5,3039.5,885.7,830.0,233.0,228.4,731.2,24.4,29.8,360.9
2026-09-15T04:00:00Z,23.4,19.9,5710.2,0.0,3186.4,3061.7,925.3,868.4,233.4,230.9,661.9,25.5,30.1,360.2
2026-09-15T05:00:00Z,25.3,19.8,5828.9,0.0,3195.9,3070.9,926.2,869.3,238.7,232.5,762.4,25.6,30.0,359.8
2026-09-15T06:00:00Z,23.6,20.0,5675.8,0.0,3173.6,3049.3,885.3,829.7,246.3,234.5,665.6,24.9,30.0,359.4
2026-09-15T07:00:00Z,22.1,20.1,5624.8,0.0,3175.2,3050.9,890.2,834.4,252.0,236.5,597.8,25.1,30.0,362.3
2026-09-15T08:00:00Z,20.7,20.0,5431.9,0.0,3151.6,3027.9,804.2,750.9,250.5,235.3,523.0,23.6,29.9,360.2
2026-09-15T09:00:00Z,19.7,19.9,5189.6,0.0,3023.3,2903.5,768.8,716.6,245.1,226.3,464.8,21.4,30.1,358.5
2026-09-15T10:00:00Z,19.0,20.0,5348.0,0.0,3107.9,2985.6,856.6,801.8,238.9,221.4,457.5,23.4,30.1,359.3
2026-09-15T11:00:00Z,18.8,19.9,5355.2,0.0,3176.2,3051.8,809.6,756.2,233.9,215.3,453.3,23.5,29.9,360.5
2026-09-15T12:00:00Z,19.0,19.8,5460.6,0.0,3178.9,3054.5,830.7,776.7,232.5,211.2,460.7,23.8,30.0,438.6
2026-09-15T13:00:00Z,19.7,19.9,5452.6,0.0,3114.9,2992.4,861.4,806.5,234.3,213.2,481.3,23.5,29.9,440.1
2026-09-15T14:00:00Z,20.7,20.0,5631.8,0.0,3168.4,3044.3,926.2,869.3,234.5,214.2,539.4,25.1,30.1,438.2
2026-09-15T15:00:00Z,22.1,20.4,5625.4,0.0,3087.6,2965.9,946.8,889.3,238.3,216.3,587.5,24.2,29.8,439.1
2026-09-15T16:00:00Z,23.6,20.0,5589.8,0.0,3042.6,2922.3,892.4,836.5,239.1,215.4,652.1,22.8,29.9,440.2
2026-09-15T17:00:00Z,25.3,20.1,5640.4,0.0,3049.9,2929.3,855.9,801.1,236.5,217.0,729.7,22.6,30.0,443.0
2026-09-15T18:00:00Z,27.0,20.1,5679.4,0.0,3039.3,2919.0,855.8,801.0,233.6,217.8,783.7,22.5,30.0,440.5
2026-09-15T19:00:00Z,28.6,20.1,5960.7,0.0,3047.3,2926.8,1041.4,981.1,232.9,218.1,863.5,25.0,30.0,443.5
2026-09-15T20:00:00Z,29.9,19.9,6100.3,0.0,3147.1,3023.6,1025.8,965.9,232.0,221.4,915.5,26.2,30.2,441.7
2026-09-15T21:00:00Z,30.9,19.8,6044.9,0.0,3131.7,3008.6,959.4,901.5,238.2,226.4,934.4,25.2,30.0,439.8
2026-09-15T22:00:00Z,31.6,20.3,6118.1,0.0,3149.4,3025.8,974.7,916.4,243.9,230.8,960.5,26.0,30.0,442.2
2026-09-15T23:00:00Z,31.8,19.9,5976.2,0.0,3155.9,3032.2,839.3,785.0,249.3,236.7,940.2,24.4,29.9,441.4
2026-09-16T00:00:00Z,31.6,20.0,5957.8,0.0,3099.5,2977.4,954.6,896.9,252.1,239.6,940.0,25.0,30.2,357.8
2026-09-16T01:00:00Z,30.9,20.2,6015.5,0.0,3150.9,3027.3,957.0,899.2,252.0,242.6,938.7,25.8,30.1,359.0
2026-09-16T02:00:00Z,29.9,20.0,5950.9,0.0,3178.4,3054.0,900.0,843.9,254.6,245.8,900.0,25.5,29.8,357.9
2026-09-16T03:00:00Z,28.6,19.8,5863.8,0.0,3139.7,3016.4,888.6,832.9,256.0,246.7,861.4,24.8,30.2,358.3
2026-09-16T04:00:00Z,27.0,20.2,5595.0,0.0,3016.6,2897.0,823.7,769.9,256.1,245.6,786.7,22.4,30.0,358.4
2026-09-16T05:00:00Z,28.8,20.0,5712.6,0.0,3051.1,2930.5,870.5,815.3,248.4,233.5,841.7,23.0,30.0,357.6
2026-09-16T06:00:00Z,27.1,20.0,5712.9,0.0,3060.3,2939.4,903.1,846.9,245.0,224.8,809.6,23.5,29.8,360.2
2026-09-16T07:00:00Z,25.6,20.0,5658.7,0.0,2985.2,2866.6,990.9,932.1,241.5,216.1,756.6,23.4,30.0,358.9
2026-09-16T08:00:00Z,24.2,19.8,5602.5,0.0,3017.4,2897.8,983.6,925.0,234.1,212.1,685.0,23.9,30.2,360.8
2026-09-16T09:00:00Z,23.2,20.2,5517.4,0.0,3057.9,2937.0,919.7,863.0,227.4,213.7,630.7,23.4,29.9,360.0
2026-09-16T10:00:00Z,22.5,20.1,5653.8,0.0,3120.1,2997.4,1009.9,950.5,217.2,216.1,620.1,25.3,29.9,359.3
2026-09-16T11:00:00Z,22.3,20.0,5625.7,0.0,3145.5,3022.1,970.8,912.5,213.7,218.4,607.6,25.0,29.9,359.0
2026-09-16T12:00:00Z,22.5,20.0,5611.2,0.0,3092.3,2970.4,925.7,868.8,214.1,221.3,606.2,23.8,29.9,442.3
2026-09-16T13:00:00Z,23.2,20.2,5537.9,0.0,2956.2,2838.4,960.2,902.3,225.7,226.4,623.6,22.7,30.1,438.2
2026-09-16T14:00:00Z,24.2,20.1,5378.5,0.0,2808.1,2694.8,915.4,858.9,236.0,229.5,644.8,20.4,29.9,441.2
2026-09-16T15:00:00Z,25.6,19.8,5832.8,0.0,3014.2,2894.6,1009.5,950.1,247.9,234.4,774.6,24.7,30.0,439.7
2026-09-16T16:00:00Z,27.1,19.9,5983.5,0.0,3057.3,2936.5,1051.5,990.9,249.0,234.6,834.5,25.8,30.4,441.2
2026-09-16T17:00:00Z,28.8,20.1,5930.9,0.0,3080.1,2958.6,955.1,897.3,243.1,233.7,867.5,24.7,29.9,437.9
2026-09-16T18:00:00Z,30.5,20.1,5859.8,0.0,3049.5,2928.9,907.4,851.1,237.0,228.4,886.7,23.4,29.9,439.5
2026-09-16T19:00:00Z,32.1,19.9,6047.1,0.0,3155.1,3031.3,912.7,856.2,230.4,230.2,963.1,24.9,29.8,441.0
2026-09-16T20:00:00Z,33.4,19.9,6357.0,0.0,3252.2,3125.5,1033.1,973.0,223.7,232.1,1055.3,27.7,29.9,440.2
2026-09-16T21:00:00Z,34.4,20.2,6393.5,0.0,3230.4,3104.4,1049.9,989.3,218.9,241.5,1093.3,27.8,30.0,438.3
2026-09-16T22:00:00Z,35.1,20.2,6406.7,0.0,3248.2,3121.6,1021.3,961.6,213.0,249.8,1114.7,27.8,29.9,438.7
2026-09-16T23:00:00Z,35.3,19.8,6399.9,0.0,3171.3,3047.0,1081.6,1020.1,209.4,255.7,1118.7,27.4,30.0,442.5
2026-09-17T00:00:00Z,35.1,20.1,6166.4,0.0,3181.6,3057.1,953.8,896.1,213.8,257.4,1083.6,26.1,29.9,359.2
2026-09-17T01:00:00Z,34.4,19.9,6339.0,0.0,3221.3,3095.5,1068.7,1007.5,225.8,248.0,1094.5,27.9,30.1,359.8
2026-09-17T02:00:00Z,33.4,20.0,6181.7,0.0,3183.9,3059.3,1014.8,955.3,238.4,238.3,1031.3,26.8,29.9,357.0
2026-09-17T03:00:00Z,32.1,20.1,5942.4,0.0,3141.2,3017.9,890.3,834.4,252.3,229.9,956.1,24.5,30.0,359.3
2026-09-17T04:00:00Z,30.5,19.9,6057.4,0.0,3173.7,3049.4,986.5,927.8,255.8,229.8,934.5,26.6,30.1,360.5
2026-09-17T05:00:00Z,30.6,20.1,6112.3,0.0,3188.3,3063.6,1012.5,953.0,253.5,237.4,942.7,27.1,30.0,360.1
2026-09-17T06:00:00Z,28.9,20.0,6199.4,0.0,3210.3,3084.9,1102.5,1040.4,248.5,246.7,910.5,28.9,30.1,360.5
2026-09-17T07:00:00Z,27.3,19.7,6135.1,0.0,3128.8,3005.8,1151.3,1087.7,245.1,258.6,871.6,28.4,30.0,360.6
2026-09-17T08:00:00Z,26.0,20.1,5995.4,0.0,3136.2,3013.0,1056.1,995.3,239.7,260.9,826.7,27.1,29.9,359.5
2026-09-17T09:00:00Z,25.0,20.1,5834.1,0.0,3017.0,2897.4,1098.3,1036.3,235.1,257.8,753.0,25.9,30.2,359.2
2026-09-17T10:00:00Z,24.3,20.0,5769.3,0.0,3049.3,2928.7,1049.9,989.3,227.9,256.6,714.5,25.6,30.0,358.3
2026-09-17T11:00:00Z,24.1,20.1,5967.0,0.0,3117.7,2995.1,1161.6,1097.6,220.0,257.3,731.8,28.0,30.0,361.4
2026-09-17T12:00:00Z,24.3,20.1,6144.3,0.0,3195.4,3070.4,1159.0,1095.1,222.3,252.5,753.6,29.2,30.0,441.6
2026-09-17T13:00:00Z,25.0,20.0,5962.7,0.0,3116.8,2994.2,1055.8,995.0,225.7,249.2,759.2,26.7,29.9,440.5
2026-09-17T14:00:00Z,26.0,19.9,6084.9,0.0,3141.6,3018.2,1078.0,1016.5,232.7,247.2,827.8,27.2,30.1,440.1
2026-09-17T15:00:00Z,27.3,19.8,5898.4,0.0,3084.6,2962.9,945.5,888.1,239.2,245.6,830.3,24.7,30.0,440.1
2026-09-17T16:00:00Z,28.9,20.1,6010.8,0.0,3001.6,2882.4,1098.9,1036.9,242.9,239.8,873.5,25.5,30.0,439.1
2026-09-17T17:00:00Z,30.6,20.1,6191.6,0.0,3047.7,2927.1,1162.6,1098.6,247.4,234.4,943.5,27.2,29.9,437.7
2026-09-17T18:00:00Z,32.3,20.0,6153.3,0.0,3072.2,2950.9,1052.2,991.6,252.4,228.9,988.3,25.8,29.9,442.7
2026-09-17T19:00:00Z,33.8,19.9,6322.6,0.0,3118.1,2995.5,1106.1,1043.8,254.9,221.5,1060.9,27.4,29.8,441.3
2026-09-17T20:00:00Z,35.2,20.1,6313.4,0.0,3145.7,3022.3,1041.7,981.3,250.9,216.5,1098.1,26.5,30.2,441.2
2026-09-17T21:00:00Z,36.2,20.3,6441.7,0.0,3095.6,2973.6,1165.0,1100.9,246.2,207.5,1165.5,27.3,29.9,440.9
2026-09-17T22:00:00Z,36.9,20.1,6259.7,0.0,2941.5,2824.2,1169.9,1105.7,236.6,201.5,1155.6,25.2,30.1,437.3
2026-09-17T23:00:00Z,37.1,20.0,6277.4,0.0,3006.6,2887.3,1130.0,1067.0,229.2,193.5,1160.1,25.3,30.0,440.4
2026-09-18T00:00:00Z,36.9,20.0,6230.9,0.0,3075.7,2954.3,1099.8,1037.7,225.6,194.3,1158.1,25.7,30.0,360.0
2026-09-18T01:00:00Z,36.2,20.3,6233.5,0.0,3166.2,3042.1,1020.8,961.1,227.6,205.4,1135.8,26.2,29.9,359.8
2026-09-18T02:00:00Z,35.2,20.0,6313.1,0.0,3115.8,2993.2,1158.8,1094.9,229.9,215.2,1114.5,27.3,30.0,359.2
2026-09-18T03:00:00Z,33.8,20.0,6360.9,0.0,3165.5,3041.4,1178.5,1114.0,230.9,224.3,1079.6,28.7,30.2,360.3
2026-09-18T04:00:00Z,32.3,19.9,6236.6,0.0,3153.2,3029.5,1127.9,1065.0,228.8,233.0,1015.4,27.8,30.0,358.8
2026-09-18T05:00:00Z,29.3,19.9,6103.5,0.0,3186.9,3062.2,1067.7,1006.6,226.5,235.9,909.3,27.5,30.0,359.3
2026-09-18T06:00:00Z,27.6,20.1,5976.1,0.0,3134.0,3010.9,1053.4,992.7,222.7,238.7,851.8,26.4,29.9,360.0
2026-09-18T07:00:00Z,26.0,20.0,5921.3,0.0,3014.0,2894.5,1159.8,1095.9,218.2,241.9,813.2,26.3,29.9,359.5
2026-09-18T08:00:00Z,24.7,19.9,5742.8,0.0,2908.5,2792.2,1176.9,1112.5,222.1,237.3,728.0,24.9,30.1,358.0
2026-09-18T09:00:00Z,23.6,20.1,5707.3,0.0,2973.8,2855.5,1127.9,1065.0,233.5,225.4,675.1,25.3,30.1,359.7
2026-09-18T10:00:00Z,23.0,19.8,5496.9,0.0,2961.4,2843.4,987.5,928.8,246.8,212.4,620.2,23.3,30.1,360.8
2026-09-18T11:00:00Z,22.8,19.9,5460.7,0.0,2947.1,2829.6,976.6,918.2,260.4,199.6,608.0,23.0,30.1,361.8
2026-09-18T12:00:00Z,23.0,20.1,5862.7,0.0,3099.4,2977.3,1082.9,1021.3,261.4,203.3,656.5,26.4,30.2,444.6
2026-09-18T13:00:00Z,23.6,20.2,6087.6,0.0,3241.0,3114.7,1091.5,1029.7,253.4,221.7,718.5,29.0,30.2,442.0
2026-09-18T14:00:00Z,24.7,20.2,6117.2,0.0,3271.9,3144.6,1034.8,974.7,246.3,242.1,763.8,28.7,30.1,439.1
2026-09-18T15:00:00Z,26.0,20.1,6209.9,0.0,3275.5,3148.1,1026.1,966.3,238.9,261.6,845.6,28.8,30.0,441.9
2026-09-18T16:00:00Z,27.6,20.0,6218.3,0.0,3286.8,3159.1,990.9,932.1,235.9,264.3,882.4,28.3,30.0,438.2
2026-09-18T17:00:00Z,29.3,20.1,6265.8,0.0,3146.6,3023.1,1138.3,1075.1,238.4,256.5,927.5,28.5,30.0,437.9
2026-09-18T18:00:00Z,30.9,20.1,6231.1,0.0,3058.6,2937.8,1165.3,1101.2,242.2,248.7,957.9,27.5,29.8,439.4
2026-09-18T19:00:00Z,32.5,19.9,6123.5,0.0,3052.0,2931.3,1047.9,987.4,248.0,238.8,979.1,25.5,30.2,441.3
2026-09-18T20:00:00Z,33.8,20.0,6271.8,0.0,3098.5,2976.5,1085.8,1024.1,244.1,232.6,1055.0,26.8,30.2,436.7
2026-09-18T21:00:00Z,34.9,19.9,6401.7,0.0,3289.8,3162.0,972.0,913.7,237.8,227.8,1113.1,27.8,29.9,440.0
2026-09-18T22:00:00Z,35.5,20.1,6468.4,0.0,3236.2,3110.0,1069.7,1008.5,230.7,224.4,1144.9,28.0,29.9,440.6
2026-09-18T23:00:00Z,35.8,19.9,6494.6,0.0,3251.0,3124.4,1078.6,1017.2,223.2,219.3,1159.6,28.3,30.0,440.4
2026-09-19T00:00:00Z,35.5,20.1,6440.9,0.0,3275.4,3148.1,1093.4,1031.5,220.0,220.8,1150.7,29.0,30.0,357.9
2026-09-19T01:00:00Z,34.9,20.2,6411.5,0.0,3194.2,3069.2,1164.2,1100.1,218.7,229.5,1123.2,29.0,30.0,359.3
2026-09-19T02:00:00Z,33.8,19.8,6245.9,0.0,3145.5,3022.0,1095.6,1033.6,215.1,240.2,1071.7,27.0,30.1,358.8
2026-09-19T03:00:00Z,32.5,20.2,6291.9,0.0,3221.6,3095.8,1091.7,1029.8,217.0,248.1,1032.2,28.5,29.9,360.6
2026-09-19T04:00:00Z,30.9,20.2,6220.7,0.0,3218.7,3093.0,1076.1,1014.7,220.4,255.3,972.0,28.2,30.0,358.3
2026-09-19T05:00:00Z,27.0,20.0,5946.7,0.0,3148.6,3025.1,1005.4,946.1,227.6,252.0,840.0,26.4,30.0,357.8
2026-09-19T06:00:00Z,25.3,19.8,5913.4,0.0,3082.6,2961.0,1086.8,1025.1,236.6,251.4,782.1,26.5,29.9,358.9
2026-09-19T07:00:00Z,23.8,20.0,5908.8,0.0,3120.8,2998.1,1105.7,1043.5,244.0,252.4,712.3,27.5,30.0,357.6
2026-09-19T08:00:00Z,22.4,20.0,5860.0,0.0,3089.1,2967.3,1152.4,1088.7,250.9,249.1,642.8,27.9,29.9,360.0
2026-09-19T09:00:00Z,21.4,20.0,5886.5,0.0,3061.0,2940.1,1250.3,1183.7,254.6,244.0,602.9,28.9,30.0,356.5
2026-09-19T10:00:00Z,20.7,20.0,5989.4,0.0,3200.1,3075.0,1226.6,1160.7,259.6,238.9,585.8,30.4,30.0,358.6
2026-09-19T11:00:00Z,20.5,19.9,5971.7,0.0,3192.3,3067.4,1278.9,1211.5,267.3,234.8,517.0,31.3,30.2,360.8
2026-09-19T12:00:00Z,20.7,20.1,5958.8,0.0,3171.4,3047.2,1211.9,1146.5,266.9,230.6,518.1,29.8,30.0,440.9
2026-09-19T13:00:00Z,21.4,20.0,5826.9,0.0,3020.1,2900.4,1211.5,1146.0,261.0,235.3,542.9,27.7,30.0,440.8
2026-09-19T14:00:00Z,22.4,19.9,5812.8,0.0,2901.7,2785.5,1271.7,1204.4,256.7,235.8,592.9,26.8,30.0,439.8
2026-09-19T15:00:00Z,23.8,20.1,6034.2,0.0,3073.0,2951.7,1222.4,1156.6,251.2,239.4,692.6,28.4,30.0,437.5
2026-09-19T16:00:00Z,25.3,20.1,6228.4,0.0,3095.2,2973.3,1274.8,1207.4,247.0,241.8,808.6,29.7,30.1,439.4
2026-09-19T17:00:00Z,27.0,20.2,6294.8,0.0,3150.2,3026.6,1218.2,1152.5,246.9,236.9,883.9,29.6,30.0,436.8
2026-09-19T18:00:00Z,28.7,19.9,6363.9,0.0,3203.8,3078.6,1186.9,1122.2,244.3,236.9,929.3,29.8,30.2,439.8
2026-09-19T19:00:00Z,30.3,19.9,6458.8,0.0,3187.7,3062.9,1245.8,1179.4,243.1,236.0,981.7,30.4,29.9,440.3
2026-09-19T20:00:00Z,31.6,20.0,6485.8,0.0,3190.7,3065.9,1235.8,1169.7,244.4,229.8,1021.8,30.4,30.1,438.5
2026-09-19T21:00:00Z,32.6,19.7,6515.7,0.0,3134.0,3010.9,1288.5,1220.7,246.6,225.0,1058.4,30.1,30.0,438.7
2026-09-19T22:00:00Z,33.3,20.0,6457.1,0.0,3135.9,3012.7,1223.9,1158.1,250.1,219.8,1066.4,29.1,30.3,437.9
2026-09-19T23:00:00Z,33.5,20.1,6510.2,0.0,3168.4,3044.3,1225.2,1159.4,255.0,212.3,1083.5,29.7,30.3,441.4
2026-09-20T00:00:00Z,33.3,19.8,6299.4,0.0,3008.1,2888.7,1293.8,1225.9,252.1,213.4,1052.5,28.4,29.9,359.0
2026-09-20T01:00:00Z,32.6,19.9,6356.7,0.0,3039.7,2919.4,1328.1,1259.2,240.5,224.7,1042.0,29.2,29.8,359.7
2026-09-20T02:00:00Z,31.6,19.8,6280.7,0.0,2940.2,2822.9,1392.6,1321.7,229.8,236.4,998.7,28.6,30.1,362.1
2026-09-20T03:00:00Z,30.3,20.1,6286.8,0.0,3022.7,2902.9,1355.5,1285.8,219.4,244.3,963.0,29.1,30.1,360.5
2026-09-20T04:00:00Z,28.7,19.6,6354.5,0.0,3127.6,3004.7,1334.2,1265.1,221.9,251.6,933.0,30.9,30.1,362.5
2026-09-20T05:00:00Z,26.8,19.8,6072.6,0.0,3043.8,2923.4,1209.1,1143.8,237.0,252.2,853.6,27.9,30.0,358.9
2026-09-20T06:00:00Z,25.2,19.9,6172.3,0.0,3082.6,2961.1,1306.0,1237.7,252.6,255.3,794.1,30.1,29.9,360.6
2026-09-20T07:00:00Z,23.6,20.2,6161.2,0.0,3052.1,2931.4,1404.1,1332.8,265.4,255.7,701.4,31.2,29.9,360.6
2026-09-20T08:00:00Z,22.2,19.9,6025.1,0.0,3066.0,2944.9,1340.3,1271.0,269.3,253.5,613.9,30.6,29.9,362.0
2026-09-20T09:00:00Z,21.2,20.1,5958.9,0.0,3097.1,2975.1,1324.5,1255.7,261.0,242.4,553.7,30.8,29.9,360.5
2026-09-20T10:00:00Z,20.6,20.2,5882.6,0.0,3081.3,2959.8,1323.0,1254.2,250.9,235.5,515.3,30.1,29.9,358.4
2026-09-20T11:00:00Z,20.3,19.9,6001.5,0.0,3191.9,3067.0,1347.1,1277.6,241.6,226.5,514.7,31.8,30.1,358.3
2026-09-20T12:00:00Z,20.6,19.8,6097.7,0.0,3162.1,3038.2,1386.2,1315.5,236.6,225.1,526.3,32.1,30.1,438.9
2026-09-20T13:00:00Z,21.2,20.0,6087.9,0.0,3175.8,3051.4,1330.9,1261.9,236.5,227.5,555.7,31.4,30.2,439.6
2026-09-20T14:00:00Z,22.2,19.9,6145.8,0.0,3198.5,3073.5,1300.9,1232.8,235.7,232.4,615.4,31.3,29.9,440.9
2026-09-20T15:00:00Z,23.6,19.9,6197.0,0.0,3236.6,3110.4,1220.3,1154.6,235.7,237.5,704.5,30.6,30.1,440.4
2026-09-20T16:00:00Z,25.2,20.2,6253.1,0.0,3181.4,3056.8,1236.8,1170.6,236.9,240.4,796.1,30.2,30.0,439.4
2026-09-20T17:00:00Z,26.8,20.0,6510.1,0.0,3206.6,3081.3,1341.7,1272.3,243.2,244.3,909.2,32.4,30.0,438.2
2026-09-20T18:00:00Z,28.5,20.0,6514.0,0.0,3123.3,3000.5,1388.8,1318.1,247.2,244.8,943.7,31.7,30.1,439.8
2026-09-20T19:00:00Z,30.1,20.2,6533.2,0.0,3168.0,3043.9,1303.2,1235.0,254.6,247.8,992.1,31.4,30.0,441.4
2026-09-20T20:00:00Z,31.4,19.9,6581.9,0.0,3181.6,3057.0,1299.2,1231.1,254.1,245.6,1036.4,31.4,30.1,438.5
2026-09-20T21:00:00Z,32.5,20.0,6578.0,0.0,3114.0,2991.5,1346.0,1276.5,249.4,239.5,1065.7,30.9,30.0,437.4
2026-09-20T22:00:00Z,33.1,20.2,6704.5,0.0,3147.4,3023.9,1410.7,1339.3,243.0,232.9,1103.4,32.4,30.1,438.1
2026-09-20T23:00:00Z,33.3,20.1,6726.6,0.0,3172.0,3047.8,1407.9,1336.6,238.5,227.0,1112.8,32.4,29.9,439.5
2026-09-21T00:00:00Z,33.1,20.2,6399.1,0.0,3072.2,2951.0,1314.4,1245.8,233.7,228.3,1066.9,29.4,29.9,360.9
2026-09-21T01:00:00Z,32.5,19.9,6441.5,0.0,3125.8,3002.9,1308.5,1240.1,230.2,239.9,1052.0,30.3,30.0,361.1
2026-09-21T02:00:00Z,31.4,20.0,6458.3,0.0,3141.4,3018.0,1323.1,1254.3,228.7,248.4,1031.3,30.9,30.1,360.5
2026-09-21T03:00:00Z,30.1,20.3,6520.0,0.0,3137.0,3013.8,1409.1,1337.7,228.9,259.6,999.5,31.9,30.1,359.5
2026-09-21T04:00:00Z,28.5,20.0,6458.2,0.0,3125.3,3002.5,1406.2,1334.9,227.1,261.5,953.1,32.1,30.0,358.9
2026-09-21T05:00:00Z,27.9,19.8,6327.2,0.0,3131.5,3008.5,1318.0,1249.4,226.7,253.8,917.2,30.6,29.8,356.9
2026-09-21T06:00:00Z,26.2,19.9,6384.1,0.0,3221.1,3095.4,1319.4,1250.8,225.6,242.5,890.8,31.9,30.1,359.4
2026-09-21T07:00:00Z,24.7,19.9,6221.7,0.0,3163.4,3039.4,1341.7,1272.4,224.3,235.8,772.8,31.3,30.1,360.6
2026-09-21T08:00:00Z,23.3,19.9,6152.6,0.0,3130.1,3007.1,1396.5,1325.5,227.3,230.8,684.1,31.3,29.9,361.7
2026-09-21T09:00:00Z,22.3,20.1,6058.1,0.0,3057.5,2936.7,1439.9,1367.6,234.2,225.6,618.8,31.1,30.0,361.1
2026-09-21T10:00:00Z,21.6,20.1,6106.3,0.0,3131.5,3008.5,1434.2,1362.1,241.3,221.0,594.7,32.3,29.8,360.9
2026-09-21T11:00:00Z,21.4,19.9,6089.8,0.0,3119.4,2996.7,1441.7,1369.4,251.0,218.1,576.6,32.4,30.3,360.0
2026-09-21T12:00:00Z,21.6,20.0,6162.9,0.0,3107.0,2984.6,1436.1,1363.9,251.5,218.8,589.0,32.0,30.1,437.4
2026-09-21T13:00:00Z,22.3,20.0,5983.9,0.0,2989.9,2871.1,1358.1,1288.3,247.3,225.7,603.9,29.2,30.0,440.4
2026-09-21T14:00:00Z,23.3,20.0,6084.7,0.0,2989.5,2870.7,1392.9,1322.0,241.5,230.9,672.7,29.6,30.0,437.3
2026-09-21T15:00:00Z,24.7,20.1,6065.0,0.0,2967.7,2849.6,1318.1,1249.5,237.6,238.1,741.4,28.1,30.1,443.9
2026-09-21T16:00:00Z,26.2,19.9,6184.6,0.0,2974.7,2856.3,1333.0,1263.9,234.4,240.5,842.6,28.5,29.9,439.8
2026-09-21T17:00:00Z,27.9,19.9,6028.5,0.0,2793.6,2680.7,1350.3,1280.7,232.1,236.2,861.9,26.0,29.8,438.9
2026-09-21T18:00:00Z,29.6,20.2,6210.7,0.0,2921.7,2805.0,1339.0,1269.7,229.8,234.4,927.7,27.6,29.9,439.2
2026-09-21T19:00:00Z,31.2,20.0,6340.9,0.0,2983.3,2864.7,1350.8,1281.2,226.8,235.3,985.5,28.5,30.1,437.8
2026-09-21T20:00:00Z,32.5,19.9,6395.0,0.0,3008.8,2889.5,1340.1,1270.8,227.9,231.5,1027.7,28.7,29.8,437.2
2026-09-21T21:00:00Z,33.5,20.1,6643.9,0.0,3076.4,2955.0,1432.6,1360.5,231.1,230.0,1103.0,31.3,30.2,443.6
2026-09-21T22:00:00Z,34.2,19.9,6746.8,0.0,3137.0,3013.8,1432.9,1360.8,231.6,226.9,1146.8,32.2,30.0,442.8
2026-09-21T23:00:00Z,34.4,20.0,6730.1,0.0,3061.4,2940.4,1485.5,1411.8,235.2,226.6,1151.0,31.9,30.0,441.7
2026-09-22T00:00:00Z,34.2,19.9,6614.1,0.0,3052.1,2931.4,1474.9,1401.6,237.9,229.5,1132.7,31.8,29.9,359.9
2026-09-22T01:00:00Z,33.5,20.1,6601.3,0.0,3096.1,2974.1,1428.9,1356.9,239.8,233.9,1114.5,31.7,30.0,361.0
2026-09-22T02:00:00Z,32.5,19.7,6487.1,0.0,3070.9,2949.6,1386.5,1315.8,242.8,240.0,1063.1,30.7,29.9,359.1
2026-09-22T03:00:00Z,31.2,20.1,6573.5,0.0,3111.3,2988.9,1442.1,1369.7,247.5,244.2,1040.1,32.5,29.9,360.8
2026-09-22T04:00:00Z,29.6,20.0,6560.1,0.0,3122.5,2999.7,1468.3,1395.2,247.2,248.3,986.9,33.0,30.2,358.7
2026-09-22T05:00:00Z,27.5,20.2,6457.7,0.0,3071.6,2950.3,1483.9,1410.3,239.0,249.3,926.0,32.4,29.8,361.7
2026-09-22T06:00:00Z,25.8,19.8,6288.8,0.0,3022.7,2902.9,1441.9,1369.6,235.6,250.0,854.6,31.0,29.9,360.8
2026-09-22T07:00:00Z,24.2,20.0,6145.5,0.0,3010.8,2891.3,1434.0,1361.8,228.7,250.4,739.0,30.5,30.0,361.4
2026-09-22T08:00:00Z,22.9,19.9,6102.6,0.0,3055.3,2934.5,1433.7,1361.6,226.3,249.0,657.6,31.2,29.9,359.1
2026-09-22T09:00:00Z,21.8,20.1,6040.3,0.0,3015.7,2896.1,1481.8,1408.3,229.4,241.2,591.6,31.4,29.9,359.5
2026-09-22T10:00:00Z,21.2,19.8,6108.5,0.0,3136.9,3013.7,1454.4,1381.7,231.8,233.2,569.7,32.3,30.1,359.7
2026-09-22T11:00:00Z,21.0,19.9,6180.6,0.0,3242.4,3116.1,1430.6,1358.6,233.5,226.2,563.6,33.9,30.2,359.1
2026-09-22T12:00:00Z,21.2,19.9,6270.0,0.0,3233.9,3107.8,1436.8,1364.6,235.0,223.4,575.6,33.7,29.9,439.5
2026-09-22T13:00:00Z,21.8,19.9,6141.9,0.0,3158.2,3034.4,1375.8,1305.4,225.2,223.3,596.5,31.4,29.8,440.8
2026-09-22T14:00:00Z,22.9,19.8,6220.2,0.0,3142.5,3019.1,1405.2,1333.9,219.3,227.3,662.2,31.5,30.1,440.5
2026-09-22T15:00:00Z,24.2,20.1,6201.9,0.0,3058.5,2937.6,1409.2,1337.8,212.2,226.3,735.5,30.3,30.1,438.4
2026-09-22T16:00:00Z,25.8,20.2,6219.0,0.0,3023.2,2903.4,1364.2,1294.2,213.3,226.4,832.0,29.0,30.0,439.4
2026-09-22T17:00:00Z,27.5,20.2,6333.5,0.0,2992.3,2873.4,1435.1,1362.9,221.9,229.3,894.2,29.8,30.0,438.2
2026-09-22T18:00:00Z,29.2,20.0,6674.5,0.0,3121.9,2999.2,1537.7,1462.5,231.4,231.4,984.0,33.6,30.0,438.2
2026-09-22T19:00:00Z,30.7,19.9,6909.3,0.0,3193.6,3068.7,1607.8,1530.5,239.4,231.8,1060.1,36.2,29.9,442.0
2026-09-22T20:00:00Z,32.1,20.2,6755.8,0.0,3022.5,2902.7,1603.0,1525.9,245.1,229.9,1083.5,33.4,30.1,441.5
2026-09-22T21:00:00Z,33.1,19.9,6627.5,0.0,3072.7,2951.4,1421.1,1349.4,242.4,232.3,1092.3,31.1,30.1,440.0
2026-09-22T22:00:00Z,33.8,19.8,6897.3,0.0,3207.1,3081.8,1474.2,1400.9,244.9,231.8,1164.4,34.4,29.9,442.2
2026-09-22T23:00:00Z,34.0,19.9,6867.1,0.0,3067.9,2946.7,1595.5,1518.5,247.6,231.8,1153.1,34.1,30.0,439.2
2026-09-23T00:00:00Z,33.8,20.1,6735.7,0.0,3117.3,2994.7,1497.1,1423.0,243.4,235.9,1150.2,33.1,30.1,362.0
2026-09-23T01:00:00Z,33.1,20.0,6747.9,0.0,3122.5,2999.7,1522.3,1447.6,237.9,243.8,1130.7,33.7,30.1,360.2
2026-09-23T02:00:00Z,32.1,19.8,6771.4,0.0,3223.2,3097.4,1478.9,1405.4,232.4,249.1,1099.7,34.9,29.8,356.4
2026-09-23T03:00:00Z,30.7,19.9,6596.0,0.0,3121.7,2998.9,1470.8,1397.6,229.6,257.6,1028.9,32.8,29.9,359.5
2026-09-23T04:00:00Z,29.2,20.0,6609.8,0.0,3143.7,3020.3,1502.3,1428.1,223.7,257.4,993.4,33.7,30.1,360.1
2026-09-23T05:00:00Z,29.5,19.9,6659.4,0.0,3177.4,3052.9,1515.8,1441.3,217.1,253.8,1005.8,34.0,30.1,359.5
2026-09-23T06:00:00Z,27.8,20.0,6632.9,0.0,3223.1,3097.3,1500.0,1425.9,211.8,246.8,961.6,34.5,29.9,359.4
2026-09-23T07:00:00Z,26.2,20.1,6386.4,0.0,3186.0,3061.3,1380.0,1309.5,204.1,241.5,888.8,31.9,30.1,360.8
2026-09-23T08:00:00Z,24.9,20.0,6531.8,0.0,3248.9,3122.3,1516.2,1441.7,208.7,235.5,832.4,35.1,30.0,360.3
2026-09-23T09:00:00Z,23.8,20.1,6449.2,0.0,3173.5,3049.2,1582.0,1505.4,219.9,233.3,751.6,35.2,29.9,359.9
2026-09-23T10:00:00Z,23.2,20.1,6499.4,0.0,3222.6,3096.8,1605.5,1528.3,230.0,230.4,722.4,36.3,30.2,357.7
2026-09-23T11:00:00Z,23.0,19.9,6421.8,0.0,3200.8,3075.7,1565.8,1489.8,242.9,226.8,695.4,35.6,30.0,360.9
2026-09-23T12:00:00Z,23.2,19.9,6304.5,0.0,3163.2,3039.2,1409.6,1338.2,249.3,225.4,693.8,32.6,30.0,438.1
2026-09-23T13:00:00Z,23.8,20.2,6278.7,0.0,3064.0,2943.0,1446.5,1374.0,250.2,226.9,727.4,31.4,30.1,440.1
2026-09-23T14:00:00Z,24.9,20.5,6512.4,0.0,3082.0,2960.4,1563.5,1487.5,253.2,229.1,816.9,33.7,30.0,439.6
2026-09-23T15:00:00Z,26.2,20.0,6587.0,0.0,3072.4,2951.1,1558.2,1482.3,254.9,228.8,902.2,33.6,30.1,441.8
2026-09-23T16:00:00Z,27.8,20.1,6506.7,0.0,3053.4,2932.7,1480.1,1406.6,249.6,232.7,925.4,32.3,30.0,438.7
2026-09-23T17:00:00Z,29.5,19.8,6450.1,0.0,3082.4,2960.8,1369.9,1299.7,235.0,239.2,960.8,30.4,30.1,438.4
2026-09-23T18:00:00Z,31.1,19.9,6648.9,0.0,3154.3,3030.6,1432.9,1360.8,218.0,243.5,1033.3,32.5,29.9,438.6
2026-09-23T19:00:00Z,32.7,20.3,6898.3,0.0,3189.4,3064.7,1549.6,1474.0,203.8,253.5,1129.7,34.8,29.9,439.3
2026-09-23T20:00:00Z,34.1,19.8,6819.7,0.0,3128.2,3005.3,1510.7,1436.3,201.7,250.4,1153.5,32.9,29.9,444.9
2026-09-23T21:00:00Z,35.1,20.1,6992.0,0.0,3163.1,3039.1,1573.3,1497.0,209.1,244.6,1226.4,34.7,30.0,441.6
2026-09-23T22:00:00Z,35.7,20.1,6809.0,0.0,3114.6,2992.1,1453.9,1381.2,219.1,237.4,1217.6,32.2,30.1,436.7
2026-09-23T23:00:00Z,36.0,20.0,6947.7,0.0,3147.0,3023.5,1522.0,1447.2,225.9,232.4,1250.2,33.7,29.8,437.7
2026-09-24T00:00:00Z,35.7,20.2,6871.3,0.0,3097.6,2975.6,1577.5,1501.1,232.7,232.1,1241.7,34.0,29.9,357.8
2026-09-24T01:00:00Z,35.1,20.1,6622.0,0.0,3023.3,2903.5,1473.6,1400.3,235.7,237.2,1163.4,31.3,30.0,362.0
2026-09-24T02:00:00Z,34.1,20.3,6816.0,0.0,3172.4,3048.1,1500.9,1426.7,240.0,242.3,1169.6,34.3,30.0,358.9
2026-09-24T03:00:00Z,32.7,19.9,6616.6,0.0,3120.6,2997.9,1418.7,1347.1,243.9,244.9,1097.5,32.3,30.0,363.0
2026-09-24T04:00:00Z,31.1,20.0,6772.3,0.0,3159.0,3035.1,1560.8,1484.8,245.7,243.5,1069.0,35.2,30.0,362.2
2026-09-24T05:00:00Z,27.5,20.1,6830.0,0.0,3238.8,3112.6,1637.0,1558.8,240.7,233.8,983.6,37.7,29.9,360.8
2026-09-24T06:00:00Z,25.8,19.7,6609.4,0.0,3200.4,3075.3,1562.0,1486.1,237.2,221.1,899.0,35.4,29.9,359.0
2026-09-24T07:00:00Z,24.2,20.1,6401.9,0.0,3107.8,2985.4,1594.2,1517.3,232.9,210.0,771.0,33.8,29.9,358.9
2026-09-24T08:00:00Z,22.9,19.9,6127.9,0.0,3070.1,2948.9,1469.1,1396.0,236.0,211.0,659.7,31.3,30.0,360.1
2026-09-24T09:00:00Z,21.8,20.3,6270.7,0.0,3145.5,3022.1,1553.9,1478.2,244.6,219.7,618.0,34.4,29.9,362.5
2026-09-24T10:00:00Z,21.2,19.8,6262.3,0.0,3085.4,2963.7,1628.1,1550.2,253.4,228.9,579.5,34.9,30.1,360.1
2026-09-24T11:00:00Z,21.0,19.9,6159.3,0.0,3022.1,2902.3,1594.6,1517.7,259.6,238.3,558.4,33.5,29.9,361.9
2026-09-24T12:00:00Z,21.2,20.0,6217.2,0.0,3042.6,2922.2,1539.6,1464.3,256.5,239.3,573.0,33.0,29.9,441.7
2026-09-24T13:00:00Z,21.8,20.1,6104.3,0.0,2946.7,2829.2,1530.1,1455.1,246.4,230.4,589.4,31.0,29.9,439.9
2026-09-24T14:00:00Z,22.9,19.8,6071.2,0.0,2897.0,2781.0,1516.7,1442.1,231.6,222.9,644.4,29.9,30.0,438.5
2026-09-24T15:00:00Z,24.2,19.8,6408.8,0.0,3026.1,2906.2,1624.3,1546.5,218.7,215.4,760.4,33.1,29.9,437.5
2026-09-24T16:00:00Z,25.8,20.0,6554.8,0.0,3085.4,2963.7,1589.9,1513.1,214.6,216.0,879.2,33.5,30.3,441.0
2026-09-24T17:00:00Z,27.5,20.1,6612.2,0.0,3073.1,2951.8,1586.5,1509.8,221.8,226.1,936.6,33.3,30.0,439.5
2026-09-24T18:00:00Z,29.1,20.1,6698.6,0.0,3186.1,3061.4,1490.8,1417.0,225.4,235.1,990.5,33.9,30.0,440.5
2026-09-24T19:00:00Z,30.7,19.7,6659.2,0.0,3201.6,3076.5,1384.7,1314.1,231.8,245.9,1028.7,32.7,30.2,437.6
2026-09-24T20:00:00Z,32.1,20.2,6796.3,0.0,3189.1,3064.3,1464.0,1391.0,230.7,249.4,1091.3,33.8,30.1,440.7
2026-09-24T21:00:00Z,33.1,20.1,2049.0,4693.7,3163.6,3039.6,1433.7,1361.6,228.3,248.6,1099.5,32.8,29.9,439.6
2026-09-24T22:00:00Z,33.7,20.2,6755.0,0.0,3163.0,3039.0,1420.0,1348.3,225.2,246.5,1135.6,32.7,30.0,435.1
2026-09-24T23:00:00Z,34.0,20.1,6607.3,0.0,3055.2,2934.4,1395.9,1324.9,221.9,246.0,1122.3,30.4,30.0,440.2
2026-09-25T00:00:00Z,33.7,19.8,6579.1,0.0,3008.0,2888.7,1505.1,1430.8,220.4,238.2,1121.1,31.1,30.1,360.0
2026-09-25T01:00:00Z,33.1,20.1,6774.9,0.0,3076.7,2955.3,1633.9,1555.8,222.6,225.3,1125.6,34.6,30.0,359.2
2026-09-25T02:00:00Z,32.1,20.0,6679.7,0.0,3086.6,2964.9,1577.6,1501.2,226.8,212.2,1085.3,33.4,30.2,361.5
2026-09-25T03:00:00Z,30.7,19.9,6584.8,0.0,3047.1,2926.6,1592.8,1515.9,231.8,198.0,1026.4,33.0,30.1,360.4
2026-09-25T04:00:00Z,29.1,20.1,6642.1,0.0,3215.3,3089.7,1519.0,1444.3,229.9,194.0,993.2,34.2,29.9,360.6
2026-09-25T05:00:00Z,26.1,20.0,6619.2,0.0,3222.2,3096.5,1554.0,1478.3,233.0,198.7,919.5,35.1,30.1,361.0
2026-09-25T06:00:00Z,24.4,20.0,6525.9,0.0,3154.1,3030.4,1642.5,1564.1,233.8,200.9,804.5,35.2,30.1,360.1
2026-09-25T07:00:00Z,22.9,20.0,6252.4,0.0,3140.8,3017.5,1520.1,1445.4,231.8,204.9,670.5,33.2,30.1,359.1
2026-09-25T08:00:00Z,21.5,19.8,5964.4,0.0,3041.1,2920.7,1431.0,1359.0,235.6,207.2,569.0,30.6,30.1,360.8
2026-09-25T09:00:00Z,20.5,19.8,5934.3,0.0,3093.0,2971.1,1393.8,1322.9,241.4,210.9,515.7,30.8,30.1,359.7
2026-09-25T10:00:00Z,19.8,19.9,5924.7,0.0,3050.7,2930.1,1455.7,1382.9,247.4,211.2,481.9,31.2,29.9,358.1
2026-09-25T11:00:00Z,19.6,19.8,6110.1,0.0,3157.8,3033.9,1517.6,1443.0,251.5,210.6,488.5,34.0,30.0,359.6
2026-09-25T12:00:00Z,19.8,20.3,6294.3,0.0,3199.2,3074.1,1550.8,1475.2,251.7,216.9,506.3,35.1,29.9,442.2
2026-09-25T13:00:00Z,20.5,20.0,6324.3,0.0,3151.6,3028.0,1589.9,1513.1,248.5,222.7,547.4,35.3,29.8,436.6
2026-09-25T14:00:00Z,21.5,19.9,6355.2,0.0,3161.6,3037.7,1553.0,1477.3,243.5,230.7,600.5,34.6,30.0,438.2
2026-09-25T15:00:00Z,22.9,19.8,6491.2,0.0,3151.7,3028.0,1604.6,1527.4,237.0,237.1,691.6,35.5,30.0,439.6
2026-09-25T16:00:00Z,24.4,20.0,6591.0,0.0,3173.2,3048.9,1577.9,1501.5,232.8,241.0,795.2,35.4,29.8,440.5
2026-09-25T17:00:00Z,26.1,20.1,6474.1,0.0,3047.5,2926.9,1503.0,1428.8,229.6,243.7,886.5,32.1,30.1,437.4
2026-09-25T18:00:00Z,27.8,19.9,6502.8,0.0,3068.7,2947.6,1465.8,1392.8,227.4,247.8,926.5,31.9,29.9,440.2
2026-09-25T19:00:00Z,29.4,20.0,6544.6,0.0,3062.0,2941.1,1471.6,1398.3,224.5,248.8,970.0,31.9,30.1,440.9
2026-09-25T20:00:00Z,30.7,20.1,6809.3,0.0,3097.8,2975.7,1611.3,1533.9,223.7,253.4,1049.4,35.0,30.1,441.3
2026-09-25T21:00:00Z,31.7,20.0,6835.5,0.0,3063.9,2942.9,1623.6,1545.7,232.9,255.1,1087.9,34.5,30.0,440.0
2026-09-25T22:00:00Z,32.4,20.0,6795.5,0.0,3060.5,2939.6,1566.5,1490.4,240.5,257.9,1101.0,33.5,30.0,438.2
2026-09-25T23:00:00Z,32.6,20.0,6859.5,0.0,3125.7,3002.8,1542.6,1467.2,248.3,259.0,1114.4,34.6,29.9,437.2
2026-09-26T00:00:00Z,32.4,19.9,6681.7,0.0,3043.7,2923.2,1551.3,1475.7,252.4,251.7,1092.1,33.4,30.0,361.0
2026-09-26T01:00:00Z,31.7,20.0,6748.4,0.0,3065.1,2944.1,1620.5,1542.8,250.3,237.8,1082.3,34.4,29.9,361.3
2026-09-26T02:00:00Z,30.7,19.9,6654.1,0.0,3053.2,2932.5,1602.0,1524.9,249.2,224.4,1035.4,33.9,30.1,360.0
2026-09-26T03:00:00Z,29.4,20.3,6413.4,0.0,3029.7,2909.7,1484.5,1410.9,248.3,209.8,956.3,31.2,30.0,360.0
2026-09-26T04:00:00Z,27.8,20.0,6398.6,0.0,3056.1,2935.3,1479.5,1406.0,246.9,207.7,924.2,31.6,30.2,359.1
2026-09-26T05:00:00Z,25.2,20.0,6336.6,0.0,3078.9,2957.5,1469.6,1396.4,245.2,227.4,828.9,31.9,29.7,362.2
2026-09-26T06:00:00Z,23.5,19.9,6333.8,0.0,3111.8,2989.3,1524.8,1449.9,240.3,243.7,730.0,33.7,30.0,356.9
2026-09-26T07:00:00Z,22.0,19.8,6252.7,0.0,3106.7,2984.4,1539.4,1464.1,238.3,261.0,623.3,34.3,30.1,357.7
2026-09-26T08:00:00Z,20.6,20.2,6205.4,0.0,3079.4,2957.9,1590.3,1513.5,235.4,269.5,543.7,34.7,29.9,361.0
2026-09-26T09:00:00Z,19.6,20.3,6217.3,0.0,3096.8,2974.8,1637.0,1558.8,235.9,268.8,490.8,35.6,29.8,361.0
2026-09-26T10:00:00Z,18.9,20.1,6187.9,0.0,3172.3,3048.0,1565.0,1489.0,235.0,267.8,462.6,35.6,29.9,358.4
2026-09-26T11:00:00Z,18.7,20.0,6306.8,0.0,3241.1,3114.7,1615.2,1537.6,230.7,268.0,461.8,37.7,30.1,359.9
2026-09-26T12:00:00Z,18.9,20.1,6294.9,0.0,3144.8,3021.3,1618.9,1541.2,232.2,265.0,463.6,35.9,30.1,442.1
2026-09-26T13:00:00Z,19.6,20.0,6231.3,0.0,3030.7,2910.6,1634.8,1556.6,238.8,266.4,491.3,34.2,30.0,443.5
2026-09-26T14:00:00Z,20.6,19.9,6289.1,0.0,3032.3,2912.3,1639.8,1561.5,242.4,264.3,547.4,34.6,30.0,436.0
2026-09-26T15:00:00Z,22.0,19.8,6321.0,0.0,3058.7,2937.9,1560.5,1484.6,248.4,264.4,623.1,33.6,30.1,439.7
2026-09-26T16:00:00Z,23.5,19.9,6685.8,0.0,3231.2,3105.2,1619.4,1541.7,246.8,260.1,754.1,37.8,29.9,440.3
2026-09-26T17:00:00Z,25.2,19.9,6785.3,0.0,3238.5,3112.3,1606.0,1528.7,242.0,253.7,872.6,37.3,30.0,438.0
2026-09-26T18:00:00Z,26.9,20.2,6753.0,0.0,3153.8,3030.1,1601.0,1523.9,234.2,248.6,941.5,35.6,29.8,441.7
2026-09-26T19:00:00Z,28.5,19.9,6605.9,0.0,3137.1,3013.9,1469.4,1396.2,230.3,241.9,957.2,32.9,30.2,441.5
2026-09-26T20:00:00Z,29.8,20.0,6433.8,0.0,3082.0,2960.4,1361.8,1291.8,222.8,237.1,966.2,30.2,29.8,440.2
2026-09-26T21:00:00Z,30.8,20.1,6693.1,0.0,3149.8,3026.2,1487.9,1414.2,215.1,234.6,1035.5,33.1,29.9,440.8
2026-09-26T22:00:00Z,31.5,20.0,6897.0,0.0,3198.2,3073.1,1597.7,1520.7,207.1,233.4,1086.4,35.7,30.0,440.3
2026-09-26T23:00:00Z,31.7,19.8,6854.0,0.0,3232.4,3106.3,1530.8,1455.8,198.5,230.7,1087.8,34.9,30.2,440.9
2026-09-27T00:00:00Z,31.5,19.8,6665.6,0.0,3191.2,3066.4,1495.5,1421.5,197.7,227.6,1064.1,33.5,29.7,360.2
2026-09-27T01:00:00Z,30.8,20.1,6504.4,0.0,3104.7,2982.5,1464.5,1391.4,205.6,228.9,1015.5,32.0,30.0,358.8
2026-09-27T02:00:00Z,29.8,19.8,6404.8,0.0,2986.3,2867.6,1523.5,1448.7,211.8,231.0,970.7,31.1,30.0,357.1
2026-09-27T03:00:00Z,28.5,19.9,6426.2,0.0,3009.0,2889.6,1537.0,1461.8,220.0,231.0,947.1,31.4,29.9,357.1
2026-09-27T04:00:00Z,26.9,20.3,6289.7,0.0,2951.3,2833.7,1517.1,1442.5,224.0,229.8,886.3,30.5,30.2,358.3
2026-09-27T05:00:00Z,22.5,19.8,5976.8,0.0,2922.4,2805.6,1503.2,1429.0,220.7,231.7,620.5,30.0,29.8,359.3
2026-09-27T06:00:00Z,20.8,20.0,5926.8,0.0,3016.0,2896.5,1444.3,1371.9,218.5,236.1,532.7,30.4,30.1,360.0
2026-09-27T07:00:00Z,19.2,19.8,5983.1,0.0,3000.2,2881.1,1584.6,1508.0,218.1,238.5,457.2,32.1,30.0,363.2
2026-09-27T08:00:00Z,17.9,19.9,5973.2,0.0,3017.6,2898.0,1614.4,1536.9,220.3,244.8,393.9,33.4,29.9,359.7
2026-09-27T09:00:00Z,16.9,20.1,5965.8,0.0,3076.3,2954.9,1576.6,1500.2,231.6,248.0,348.4,33.9,30.1,361.7
2026-09-27T10:00:00Z,16.2,20.1,5935.1,0.0,3123.7,3000.9,1515.4,1440.9,238.1,253.0,322.4,33.8,29.8,360.1
2026-09-27T11:00:00Z,16.0,20.0,5852.2,0.0,3131.0,3008.0,1422.7,1350.9,249.1,259.3,306.0,32.9,30.1,363.2
2026-09-27T12:00:00Z,16.2,19.9,5997.9,0.0,3089.6,2967.8,1517.6,1442.9,254.3,255.1,319.4,33.8,30.0,438.9
2026-09-27T13:00:00Z,16.9,20.1,6047.8,0.0,3065.0,2944.0,1560.2,1484.3,253.8,250.8,353.0,33.8,29.9,441.4
2026-09-27T14:00:00Z,17.9,19.9,6157.9,0.0,3075.8,2954.4,1615.6,1538.1,252.3,243.5,404.3,34.7,29.9,440.7
2026-09-27T15:00:00Z,19.2,20.0,6158.4,0.0,3021.6,2901.9,1618.1,1540.5,252.0,235.1,464.8,33.9,30.0,441.9
2026-09-27T16:00:00Z,20.8,19.9,6180.1,0.0,3080.4,2958.9,1508.1,1433.7,250.0,230.0,549.8,32.8,29.9,437.9
2026-09-27T17:00:00Z,22.5,20.1,6384.2,0.0,3116.0,2993.4,1568.2,1492.1,245.8,229.1,658.6,34.3,29.8,439.1
2026-09-27T18:00:00Z,24.2,19.9,6532.2,0.0,3132.4,3009.3,1588.6,1511.9,238.9,223.7,776.3,34.6,29.9,443.0
2026-09-27T19:00:00Z,25.7,20.1,6616.9,0.0,3150.6,3027.0,1553.7,1477.9,233.0,222.2,889.1,34.1,29.9,438.8
2026-09-27T20:00:00Z,27.1,19.9,6660.6,0.0,3183.6,3059.0,1523.0,1448.2,232.4,222.3,932.7,34.1,30.0,436.6
2026-09-27T21:00:00Z,28.1,20.0,6545.2,0.0,3182.9,3058.3,1398.6,1327.5,231.6,221.5,942.0,32.3,30.0,441.5
2026-09-27T22:00:00Z,28.8,20.4,6677.0,0.0,3228.6,3102.6,1445.9,1373.4,233.5,221.2,975.5,34.0,30.3,442.0
2026-09-27T23:00:00Z,29.0,20.1,6629.0,0.0,3168.0,3043.8,1463.3,1390.3,233.0,222.9,973.8,33.2,30.0,439.2
