timestamp,badge_id,person_id,door,direction
2026-08-30T23:47:25Z,B40147,RSS-021,OPS-MAIN,in
2026-08-30T23:47:28Z,B40154,RSS-022,OPS-MAIN,in
2026-08-30T23:53:38Z,B40140,RSS-020,OPS-MAIN,in
2026-08-30T23:53:44Z,B40133,RSS-019,OPS-MAIN,in
2026-08-30T23:56:57Z,B40161,RSS-023,OPS-MAIN,in
2026-08-30T23:57:44Z,B40168,RSS-024,OPS-MAIN,in
2026-08-31T04:34:27Z,B40147,RSS-021,HALL-A,in
2026-08-31T05:02:06Z,B40147,RSS-021,HALL-A,out
2026-08-31T11:46:23Z,B40021,RSS-003,OPS-MAIN,in
2026-08-31T11:47:11Z,B40028,RSS-004,OPS-MAIN,in
2026-08-31T11:47:13Z,B40014,RSS-002,OPS-MAIN,in
2026-08-31T11:47:20Z,B40035,RSS-005,OPS-MAIN,in
2026-08-31T11:47:28Z,B40007,RSS-001,OPS-MAIN,in
2026-08-31T11:50:59Z,B40042,RSS-006,OPS-MAIN,in
2026-08-31T11:53:05Z,B40063,RSS-009,OPS-MAIN,in
2026-08-31T11:53:15Z,B40056,RSS-008,OPS-MAIN,in
2026-08-31T11:53:37Z,B40049,RSS-007,OPS-MAIN,in
2026-08-31T12:01:24Z,B40154,RSS-022,OPS-MAIN,out
2026-08-31T12:03:35Z,B40147,RSS-021,OPS-MAIN,out
2026-08-31T12:04:03Z,B40140,RSS-020,OPS-MAIN,out
2026-08-31T12:05:34Z,B40161,RSS-023,OPS-MAIN,out
2026-08-31T12:09:06Z,B40168,RSS-024,OPS-MAIN,out
2026-08-31T12:09:39Z,B40133,RSS-019,OPS-MAIN,out
2026-08-31T21:57:56Z,B40035,RSS-005,HALL-A,in
2026-08-31T22:39:29Z,B40035,RSS-005,HALL-A,out
2026-08-31T23:47:16Z,B40154,RSS-022,OPS-MAIN,in
2026-08-31T23:48:39Z,B40168,RSS-024,OPS-MAIN,in
2026-08-31T23:48:42Z,B40140,RSS-020,OPS-MAIN,in
2026-08-31T23:53:06Z,B40133,RSS-019,OPS-MAIN,in
2026-08-31T23:56:26Z,B40161,RSS-023,OPS-MAIN,in
2026-08-31T23:57:17Z,B40147,RSS-021,OPS-MAIN,in
2026-09-01T00:00:23Z,B40007,RSS-001,OPS-MAIN,out
2026-09-01T00:00:32Z,B40014,RSS-002,OPS-MAIN,out
2026-09-01T00:01:28Z,B40021,RSS-003,OPS-MAIN,out
2026-09-01T00:03:29Z,B40028,RSS-004,OPS-MAIN,out
2026-09-01T00:03:42Z,B40056,RSS-008,OPS-MAIN,out
2026-09-01T00:04:42Z,B40063,RSS-009,OPS-MAIN,out
2026-09-01T00:05:17Z,B40049,RSS-007,OPS-MAIN,out
2026-09-01T00:07:48Z,B40035,RSS-005,OPS-MAIN,out
2026-09-01T00:11:40Z,B40042,RSS-006,OPS-MAIN,out
2026-09-01T00:53:19Z,B40168,RSS-024,HALL-A,in
2026-09-01T01:17:10Z,B40168,RSS-024,HALL-A,out
2026-09-01T06:13:14Z,B40147,RSS-021,HALL-A,in
2026-09-01T07:43:09Z,B40147,RSS-021,HALL-A,out
2026-09-01T11:45:21Z,B40028,RSS-004,OPS-MAIN,in
2026-09-01T11:46:07Z,B40007,RSS-001,OPS-MAIN,in
2026-09-01T11:50:45Z,B40014,RSS-002,OPS-MAIN,in
2026-09-01T11:53:28Z,B40042,RSS-006,OPS-MAIN,in
2026-09-01T11:57:46Z,B40056,RSS-008,OPS-MAIN,in
2026-09-01T11:57:52Z,B40049,RSS-007,OPS-MAIN,in
2026-09-01T11:57:55Z,B40063,RSS-009,OPS-MAIN,in
2026-09-01T12:08:17Z,B40133,RSS-019,OPS-MAIN,out
2026-09-01T12:08:17Z,B40168,RSS-024,OPS-MAIN,out
2026-09-01T12:08:36Z,B40140,RSS-020,OPS-MAIN,out
2026-09-01T12:09:47Z,B40154,RSS-022,OPS-MAIN,out
2026-09-01T12:10:49Z,B40161,RSS-023,OPS-MAIN,out
2026-09-01T12:14:33Z,B40147,RSS-021,OPS-MAIN,out
2026-09-01T15:28:01Z,B40028,RSS-004,HALL-A,in
2026-09-01T16:18:06Z,B40028,RSS-004,HALL-A,out
2026-09-01T23:50:41Z,B40147,RSS-021,OPS-MAIN,in
2026-09-01T23:50:52Z,B40161,RSS-023,OPS-MAIN,in
2026-09-01T23:50:55Z,B40154,RSS-022,OPS-MAIN,in
2026-09-01T23:54:49Z,B40133,RSS-019,OPS-MAIN,in
2026-09-01T23:55:18Z,B40140,RSS-020,OPS-MAIN,in
2026-09-01T23:56:40Z,B40168,RSS-024,OPS-MAIN,in
2026-09-02T00:05:13Z,B40056,RSS-008,OPS-MAIN,out
2026-09-02T00:08:27Z,B40007,RSS-001,OPS-MAIN,out
2026-09-02T00:10:39Z,B40063,RSS-009,OPS-MAIN,out
2026-09-02T00:15:18Z,B40028,RSS-004,OPS-MAIN,out
2026-09-02T00:16:05Z,B40049,RSS-007,OPS-MAIN,out
2026-09-02T00:16:18Z,B40042,RSS-006,OPS-MAIN,out
2026-09-02T00:19:56Z,B40014,RSS-002,OPS-MAIN,out
2026-09-02T11:45:02Z,B40014,RSS-002,OPS-MAIN,in
2026-09-02T11:45:19Z,B40021,RSS-003,OPS-MAIN,in
2026-09-02T11:47:24Z,B40042,RSS-006,OPS-MAIN,in
2026-09-02T11:48:38Z,B40049,RSS-007,OPS-MAIN,in
2026-09-02T11:49:23Z,B40035,RSS-005,OPS-MAIN,in
2026-09-02T11:50:15Z,B40028,RSS-004,OPS-MAIN,in
2026-09-02T11:54:08Z,B40063,RSS-009,OPS-MAIN,in
2026-09-02T11:54:32Z,B40056,RSS-008,OPS-MAIN,in
2026-09-02T11:56:50Z,B40007,RSS-001,OPS-MAIN,in
2026-09-02T12:02:33Z,B40168,RSS-024,OPS-MAIN,out
2026-09-02T12:12:50Z,B40140,RSS-020,OPS-MAIN,out
2026-09-02T12:13:13Z,B40147,RSS-021,OPS-MAIN,out
2026-09-02T12:13:49Z,B40133,RSS-019,OPS-MAIN,out
2026-09-02T12:15:01Z,B40154,RSS-022,OPS-MAIN,out
2026-09-02T12:16:53Z,B40161,RSS-023,OPS-MAIN,out
2026-09-02T13:49:40Z,B40049,RSS-007,HALL-A,in
2026-09-02T14:33:17Z,B40049,RSS-007,HALL-A,out
2026-09-02T23:45:33Z,B40154,RSS-022,OPS-MAIN,in
2026-09-02T23:49:38Z,B40133,RSS-019,OPS-MAIN,in
2026-09-02T23:50:44Z,B40140,RSS-020,OPS-MAIN,in
2026-09-02T23:53:23Z,B40161,RSS-023,OPS-MAIN,in
2026-09-02T23:54:42Z,B40168,RSS-024,OPS-MAIN,in
2026-09-02T23:57:16Z,B40147,RSS-021,OPS-MAIN,in
2026-09-03T00:00:09Z,B40056,RSS-008,OPS-MAIN,out
2026-09-03T00:02:50Z,B40063,RSS-009,OPS-MAIN,out
2026-09-03T00:03:43Z,B40035,RSS-005,OPS-MAIN,out
2026-09-03T00:08:05Z,B40014,RSS-002,OPS-MAIN,out
2026-09-03T00:09:46Z,B40007,RSS-001,OPS-MAIN,out
2026-09-03T00:12:57Z,B40049,RSS-007,OPS-MAIN,out
2026-09-03T00:15:33Z,B40021,RSS-003,OPS-MAIN,out
2026-09-03T00:17:08Z,B40042,RSS-006,OPS-MAIN,out
2026-09-03T00:17:48Z,B40028,RSS-004,OPS-MAIN,out
2026-09-03T11:45:24Z,B40119,RSS-017,OPS-MAIN,in
2026-09-03T11:48:00Z,B40077,RSS-011,OPS-MAIN,in
2026-09-03T11:48:07Z,B40105,RSS-015,OPS-MAIN,in
2026-09-03T11:48:28Z,B40126,RSS-018,OPS-MAIN,in
2026-09-03T11:49:47Z,B40098,RSS-014,OPS-MAIN,in
2026-09-03T11:52:21Z,B40091,RSS-013,OPS-MAIN,in
2026-09-03T11:55:24Z,B40112,RSS-016,OPS-MAIN,in
2026-09-03T11:56:41Z,B40070,RSS-010,OPS-MAIN,in
2026-09-03T11:56:54Z,B40084,RSS-012,OPS-MAIN,in
2026-09-03T12:00:37Z,B40147,RSS-021,OPS-MAIN,out
2026-09-03T12:03:08Z,B40133,RSS-019,OPS-MAIN,out
2026-09-03T12:06:21Z,B40168,RSS-024,OPS-MAIN,out
2026-09-03T12:13:55Z,B40154,RSS-022,OPS-MAIN,out
2026-09-03T12:17:28Z,B40161,RSS-023,OPS-MAIN,out
2026-09-03T12:18:24Z,B40084,RSS-012,HALL-A,in
2026-09-03T12:18:29Z,B40140,RSS-020,OPS-MAIN,out
2026-09-03T12:46:50Z,B40084,RSS-012,HALL-A,out
2026-09-03T15:56:48Z,B40077,RSS-011,HALL-A,in
2026-09-03T23:13:59Z,B40077,RSS-011,HALL-A,out
2026-09-03T23:46:05Z,B40210,RSS-030,OPS-MAIN,in
2026-09-03T23:49:17Z,B40203,RSS-029,OPS-MAIN,in
2026-09-03T23:49:32Z,B40175,RSS-025,OPS-MAIN,in
2026-09-03T23:50:11Z,B40182,RSS-026,OPS-MAIN,in
2026-09-03T23:53:16Z,B40196,RSS-028,OPS-MAIN,in
2026-09-03T23:55:09Z,B40189,RSS-027,OPS-MAIN,in
2026-09-04T00:00:24Z,B40112,RSS-016,OPS-MAIN,out
2026-09-04T00:01:24Z,B40091,RSS-013,OPS-MAIN,out
2026-09-04T00:09:11Z,B40119,RSS-017,OPS-MAIN,out
2026-09-04T00:12:47Z,B40098,RSS-014,OPS-MAIN,out
2026-09-04T00:14:29Z,B40070,RSS-010,OPS-MAIN,out
2026-09-04T00:15:42Z,B40105,RSS-015,OPS-MAIN,out
2026-09-04T00:15:55Z,B40084,RSS-012,OPS-MAIN,out
2026-09-04T00:16:22Z,B40126,RSS-018,OPS-MAIN,out
2026-09-04T00:19:33Z,B40077,RSS-011,OPS-MAIN,out
2026-09-04T00:56:38Z,B40196,RSS-028,HALL-A,in
2026-09-04T02:10:10Z,B40196,RSS-028,HALL-A,out
2026-09-04T07:34:58Z,B40210,RSS-030,HALL-A,in
2026-09-04T08:41:38Z,B40210,RSS-030,HALL-A,out
2026-09-04T09:52:36Z,B40196,RSS-028,HALL-A,in
2026-09-04T11:48:35Z,B40091,RSS-013,OPS-MAIN,in
2026-09-04T11:49:42Z,B40077,RSS-011,OPS-MAIN,in
2026-09-04T11:50:06Z,B40070,RSS-010,OPS-MAIN,in
2026-09-04T11:50:42Z,B40084,RSS-012,OPS-MAIN,in
2026-09-04T11:51:26Z,B40112,RSS-016,OPS-MAIN,in
2026-09-04T11:51:49Z,B40105,RSS-015,OPS-MAIN,in
2026-09-04T11:51:49Z,B40126,RSS-018,OPS-MAIN,in
2026-09-04T11:52:29Z,B40098,RSS-014,OPS-MAIN,in
2026-09-04T11:54:32Z,B40119,RSS-017,OPS-MAIN,in
2026-09-04T12:00:44Z,B40210,RSS-030,OPS-MAIN,out
2026-09-04T12:03:53Z,B40182,RSS-026,OPS-MAIN,out
2026-09-04T12:09:19Z,B40189,RSS-027,OPS-MAIN,out
2026-09-04T12:10:13Z,B40175,RSS-025,OPS-MAIN,out
2026-09-04T12:10:41Z,B40203,RSS-029,OPS-MAIN,out
2026-09-04T12:14:27Z,B40196,RSS-028,OPS-MAIN,out
2026-09-04T14:37:25Z,B40196,RSS-028,HALL-A,out
2026-09-04T17:42:40Z,B40112,RSS-016,HALL-A,in
2026-09-04T18:23:59Z,B40112,RSS-016,HALL-A,out
2026-09-04T20:36:51Z,B40077,RSS-011,HALL-A,in
2026-09-04T21:37:09Z,B40077,RSS-011,HALL-A,out
2026-09-04T22:15:39Z,B40126,RSS-018,HALL-A,in
2026-09-04T22:57:29Z,B40126,RSS-018,HALL-A,out
2026-09-04T23:46:52Z,B40210,RSS-030,OPS-MAIN,in
2026-09-04T23:47:23Z,B40084,RSS-012,HALL-A,in
2026-09-04T23:50:09Z,B40203,RSS-029,OPS-MAIN,in
2026-09-04T23:50:21Z,B40182,RSS-026,OPS-MAIN,in
2026-09-04T23:50:58Z,B40126,RSS-018,HALL-A,in
2026-09-04T23:52:48Z,B40189,RSS-027,OPS-MAIN,in
2026-09-04T23:53:47Z,B40196,RSS-028,OPS-MAIN,in
2026-09-04T23:56:22Z,B40175,RSS-025,OPS-MAIN,in
2026-09-05T00:01:04Z,B40105,RSS-015,OPS-MAIN,out
2026-09-05T00:01:19Z,B40070,RSS-010,OPS-MAIN,out
2026-09-05T00:04:00Z,B40126,RSS-018,OPS-MAIN,out
2026-09-05T00:05:38Z,B40077,RSS-011,OPS-MAIN,out
2026-09-05T00:06:13Z,B40112,RSS-016,OPS-MAIN,out
2026-09-05T00:06:48Z,B40091,RSS-013,OPS-MAIN,out
2026-09-05T00:07:50Z,B40098,RSS-014,OPS-MAIN,out
2026-09-05T00:16:28Z,B40084,RSS-012,OPS-MAIN,out
2026-09-05T00:19:05Z,B40119,RSS-017,OPS-MAIN,out
2026-09-05T00:38:21Z,B40084,RSS-012,HALL-A,out
2026-09-05T01:38:35Z,B40126,RSS-018,HALL-A,out
2026-09-05T11:43:40Z,B40210,RSS-030,HALL-A,in
2026-09-05T11:45:26Z,B40098,RSS-014,OPS-MAIN,in
2026-09-05T11:48:01Z,B40126,RSS-018,OPS-MAIN,in
2026-09-05T11:49:33Z,B40105,RSS-015,OPS-MAIN,in
2026-09-05T11:52:24Z,B40070,RSS-010,OPS-MAIN,in
2026-09-05T11:53:44Z,B40091,RSS-013,OPS-MAIN,in
2026-09-05T11:56:23Z,B40084,RSS-012,OPS-MAIN,in
2026-09-05T11:57:06Z,B40077,RSS-011,OPS-MAIN,in
2026-09-05T11:57:07Z,B40112,RSS-016,OPS-MAIN,in
2026-09-05T11:57:50Z,B40119,RSS-017,OPS-MAIN,in
2026-09-05T12:04:28Z,B40203,RSS-029,OPS-MAIN,out
2026-09-05T12:06:05Z,B40175,RSS-025,OPS-MAIN,out
2026-09-05T12:09:54Z,B40189,RSS-027,OPS-MAIN,out
2026-09-05T12:10:51Z,B40182,RSS-026,OPS-MAIN,out
2026-09-05T12:11:06Z,B40210,RSS-030,HALL-A,out
2026-09-05T12:13:44Z,B40210,RSS-030,OPS-MAIN,out
2026-09-05T12:14:21Z,B40196,RSS-028,OPS-MAIN,out
2026-09-05T23:45:58Z,B40175,RSS-025,OPS-MAIN,in
2026-09-05T23:48:36Z,B40189,RSS-027,OPS-MAIN,in
2026-09-05T23:51:39Z,B40196,RSS-028,OPS-MAIN,in
2026-09-05T23:53:02Z,B40210,RSS-030,OPS-MAIN,in
2026-09-05T23:53:21Z,B40203,RSS-029,OPS-MAIN,in
2026-09-05T23:54:21Z,B40182,RSS-026,OPS-MAIN,in
2026-09-06T00:01:30Z,B40084,RSS-012,OPS-MAIN,out
2026-09-06T00:05:23Z,B40098,RSS-014,OPS-MAIN,out
2026-09-06T00:08:32Z,B40112,RSS-016,OPS-MAIN,out
2026-09-06T00:09:31Z,B40119,RSS-017,OPS-MAIN,out
2026-09-06T00:12:18Z,B40105,RSS-015,OPS-MAIN,out
2026-09-06T00:12:21Z,B40070,RSS-010,OPS-MAIN,out
2026-09-06T00:12:28Z,B40126,RSS-018,OPS-MAIN,out
2026-09-06T00:17:13Z,B40077,RSS-011,OPS-MAIN,out
2026-09-06T00:18:56Z,B40091,RSS-013,OPS-MAIN,out
2026-09-06T03:43:23Z,B40196,RSS-028,HALL-A,in
2026-09-06T04:04:30Z,B40196,RSS-028,HALL-A,out
2026-09-06T09:06:12Z,B40182,RSS-026,HALL-A,in
2026-09-06T10:33:13Z,B40182,RSS-026,HALL-A,out
2026-09-06T11:45:59Z,B40112,RSS-016,OPS-MAIN,in
2026-09-06T11:46:11Z,B40077,RSS-011,OPS-MAIN,in
2026-09-06T11:47:49Z,B40119,RSS-017,OPS-MAIN,in
2026-09-06T11:51:24Z,B40091,RSS-013,OPS-MAIN,in
2026-09-06T11:56:31Z,B40126,RSS-018,OPS-MAIN,in
2026-09-06T11:56:53Z,B40084,RSS-012,OPS-MAIN,in
2026-09-06T11:57:16Z,B40070,RSS-010,OPS-MAIN,in
2026-09-06T11:57:46Z,B40105,RSS-015,OPS-MAIN,in
2026-09-06T11:57:56Z,B40098,RSS-014,OPS-MAIN,in
2026-09-06T12:03:42Z,B40210,RSS-030,OPS-MAIN,out
2026-09-06T12:04:00Z,B40175,RSS-025,OPS-MAIN,out
2026-09-06T12:06:23Z,B40189,RSS-027,OPS-MAIN,out
2026-09-06T12:10:19Z,B40203,RSS-029,OPS-MAIN,out
2026-09-06T12:12:45Z,B40196,RSS-028,OPS-MAIN,out
2026-09-06T12:15:34Z,B40182,RSS-026,OPS-MAIN,out
2026-09-06T23:47:57Z,B40203,RSS-029,OPS-MAIN,in
2026-09-06T23:49:46Z,B40196,RSS-028,OPS-MAIN,in
2026-09-06T23:51:35Z,B40175,RSS-025,OPS-MAIN,in
2026-09-06T23:54:25Z,B40210,RSS-030,OPS-MAIN,in
2026-09-06T23:55:20Z,B40182,RSS-026,OPS-MAIN,in
2026-09-06T23:56:55Z,B40189,RSS-027,OPS-MAIN,in
2026-09-07T00:00:52Z,B40091,RSS-013,OPS-MAIN,out
2026-09-07T00:06:51Z,B40070,RSS-010,OPS-MAIN,out
2026-09-07T00:07:04Z,B40105,RSS-015,OPS-MAIN,out
2026-09-07T00:07:59Z,B40119,RSS-017,OPS-MAIN,out
2026-09-07T00:14:29Z,B40098,RSS-014,OPS-MAIN,out
2026-09-07T00:16:00Z,B40084,RSS-012,OPS-MAIN,out
2026-09-07T00:18:25Z,B40077,RSS-011,OPS-MAIN,out
2026-09-07T00:18:41Z,B40126,RSS-018,OPS-MAIN,out
2026-09-07T00:18:52Z,B40112,RSS-016,OPS-MAIN,out
2026-09-07T07:35:47Z,B40189,RSS-027,HALL-A,in
2026-09-07T08:02:37Z,B40189,RSS-027,HALL-A,out
2026-09-07T11:46:13Z,B40014,RSS-002,OPS-MAIN,in
2026-09-07T11:46:45Z,B40021,RSS-003,OPS-MAIN,in
2026-09-07T11:47:14Z,B40042,RSS-006,OPS-MAIN,in
2026-09-07T11:49:31Z,B40049,RSS-007,OPS-MAIN,in
2026-09-07T11:49:33Z,B40056,RSS-008,OPS-MAIN,in
2026-09-07T11:50:22Z,B40028,RSS-004,OPS-MAIN,in
2026-09-07T11:52:48Z,B40007,RSS-001,OPS-MAIN,in
2026-09-07T11:55:46Z,B40063,RSS-009,OPS-MAIN,in
2026-09-07T11:57:20Z,B40035,RSS-005,OPS-MAIN,in
2026-09-07T12:02:34Z,B40175,RSS-025,OPS-MAIN,out
2026-09-07T12:06:22Z,B40182,RSS-026,OPS-MAIN,out
2026-09-07T12:12:07Z,B40203,RSS-029,OPS-MAIN,out
2026-09-07T12:14:35Z,B40196,RSS-028,OPS-MAIN,out
2026-09-07T12:15:05Z,B40189,RSS-027,OPS-MAIN,out
2026-09-07T12:19:02Z,B40210,RSS-030,OPS-MAIN,out
2026-09-07T12:35:01Z,B40014,RSS-002,HALL-A,in
2026-09-07T13:14:37Z,B40014,RSS-002,HALL-A,out
2026-09-07T15:20:40Z,B40042,RSS-006,HALL-A,in
2026-09-07T16:07:41Z,B40042,RSS-006,HALL-A,out
2026-09-07T23:51:32Z,B40147,RSS-021,OPS-MAIN,in
2026-09-07T23:52:42Z,B40168,RSS-024,OPS-MAIN,in
2026-09-07T23:53:16Z,B40133,RSS-019,OPS-MAIN,in
2026-09-07T23:54:34Z,B40154,RSS-022,OPS-MAIN,in
2026-09-07T23:54:49Z,B40161,RSS-023,OPS-MAIN,in
2026-09-07T23:56:23Z,B40140,RSS-020,OPS-MAIN,in
2026-09-08T00:02:01Z,B40056,RSS-008,OPS-MAIN,out
2026-09-08T00:02:21Z,B40063,RSS-009,OPS-MAIN,out
2026-09-08T00:06:34Z,B40035,RSS-005,OPS-MAIN,out
2026-09-08T00:07:55Z,B40028,RSS-004,OPS-MAIN,out
2026-09-08T00:12:21Z,B40007,RSS-001,OPS-MAIN,out
2026-09-08T00:16:52Z,B40021,RSS-003,OPS-MAIN,out
2026-09-08T00:18:29Z,B40049,RSS-007,OPS-MAIN,out
2026-09-08T00:18:53Z,B40042,RSS-006,OPS-MAIN,out
2026-09-08T00:19:04Z,B40014,RSS-002,OPS-MAIN,out
2026-09-08T03:24:45Z,B40154,RSS-022,HALL-A,in
2026-09-08T04:05:21Z,B40154,RSS-022,HALL-A,out
2026-09-08T07:25:03Z,B40161,RSS-023,HALL-A,in
2026-09-08T08:15:15Z,B40161,RSS-023,HALL-A,out
2026-09-08T11:46:36Z,B40007,RSS-001,OPS-MAIN,in
2026-09-08T11:51:36Z,B40028,RSS-004,OPS-MAIN,in
2026-09-08T11:52:01Z,B40042,RSS-006,OPS-MAIN,in
2026-09-08T11:52:21Z,B40063,RSS-009,OPS-MAIN,in
2026-09-08T11:53:11Z,B40056,RSS-008,OPS-MAIN,in
2026-09-08T11:54:41Z,B40014,RSS-002,OPS-MAIN,in
2026-09-08T11:54:55Z,B40049,RSS-007,OPS-MAIN,in
2026-09-08T11:55:58Z,B40021,RSS-003,OPS-MAIN,in
2026-09-08T11:56:23Z,B40035,RSS-005,OPS-MAIN,in
2026-09-08T12:02:49Z,B40147,RSS-021,OPS-MAIN,out
2026-09-08T12:05:49Z,B40154,RSS-022,OPS-MAIN,out
2026-09-08T12:12:08Z,B40133,RSS-019,OPS-MAIN,out
2026-09-08T12:16:23Z,B40140,RSS-020,OPS-MAIN,out
2026-09-08T12:16:59Z,B40161,RSS-023,OPS-MAIN,out
2026-09-08T12:18:32Z,B40168,RSS-024,OPS-MAIN,out
2026-09-08T13:13:47Z,B40042,RSS-006,HALL-A,in
2026-09-08T15:31:36Z,B40021,RSS-003,HALL-A,in
2026-09-08T15:35:28Z,B40056,RSS-008,HALL-A,in
2026-09-08T16:08:02Z,B40056,RSS-008,HALL-A,out
2026-09-08T16:12:35Z,B40021,RSS-003,HALL-A,out
2026-09-08T18:00:02Z,B40042,RSS-006,HALL-A,out
2026-09-08T20:53:22Z,B40049,RSS-007,HALL-A,in
2026-09-08T21:45:22Z,B40049,RSS-007,HALL-A,out
2026-09-08T23:50:14Z,B40168,RSS-024,OPS-MAIN,in
2026-09-08T23:50:33Z,B40154,RSS-022,OPS-MAIN,in
2026-09-08T23:51:28Z,B40161,RSS-023,OPS-MAIN,in
2026-09-08T23:51:50Z,B40147,RSS-021,OPS-MAIN,in
2026-09-08T23:56:23Z,B40140,RSS-020,OPS-MAIN,in
2026-09-08T23:57:03Z,B40133,RSS-019,OPS-MAIN,in
2026-09-09T00:00:14Z,B40049,RSS-007,OPS-MAIN,out
2026-09-09T00:02:14Z,B40021,RSS-003,OPS-MAIN,out
2026-09-09T00:02:28Z,B40035,RSS-005,OPS-MAIN,out
2026-09-09T00:06:53Z,B40007,RSS-001,OPS-MAIN,out
2026-09-09T00:07:35Z,B40014,RSS-002,OPS-MAIN,out
2026-09-09T00:07:57Z,B40028,RSS-004,OPS-MAIN,out
2026-09-09T00:08:35Z,B40063,RSS-009,OPS-MAIN,out
2026-09-09T00:10:57Z,B40056,RSS-008,OPS-MAIN,out
2026-09-09T00:11:43Z,B40042,RSS-006,OPS-MAIN,out
2026-09-09T11:46:03Z,B40014,RSS-002,OPS-MAIN,in
2026-09-09T11:47:42Z,B40049,RSS-007,OPS-MAIN,in
2026-09-09T11:49:07Z,B40056,RSS-008,OPS-MAIN,in
2026-09-09T11:50:04Z,B40042,RSS-006,OPS-MAIN,in
2026-09-09T11:51:21Z,B40007,RSS-001,OPS-MAIN,in
2026-09-09T11:51:28Z,B40063,RSS-009,OPS-MAIN,in
2026-09-09T11:52:29Z,B40028,RSS-004,OPS-MAIN,in
2026-09-09T11:53:09Z,B40035,RSS-005,OPS-MAIN,in
2026-09-09T11:54:43Z,B40021,RSS-003,OPS-MAIN,in
2026-09-09T12:02:18Z,B40154,RSS-022,OPS-MAIN,out
2026-09-09T12:10:01Z,B40161,RSS-023,OPS-MAIN,out
2026-09-09T12:13:00Z,B40133,RSS-019,OPS-MAIN,out
2026-09-09T12:14:26Z,B40168,RSS-024,OPS-MAIN,out
2026-09-09T12:16:40Z,B40147,RSS-021,OPS-MAIN,out
2026-09-09T12:17:02Z,B40140,RSS-020,OPS-MAIN,out
2026-09-09T21:23:27Z,B40049,RSS-007,HALL-A,in
2026-09-09T22:58:49Z,B40049,RSS-007,HALL-A,out
2026-09-09T23:45:48Z,B40168,RSS-024,OPS-MAIN,in
2026-09-09T23:47:02Z,B40154,RSS-022,OPS-MAIN,in
2026-09-09T23:49:47Z,B40140,RSS-020,OPS-MAIN,in
2026-09-09T23:56:17Z,B40133,RSS-019,OPS-MAIN,in
2026-09-09T23:56:20Z,B40161,RSS-023,OPS-MAIN,in
2026-09-09T23:57:37Z,B40147,RSS-021,OPS-MAIN,in
2026-09-10T00:00:46Z,B40049,RSS-007,OPS-MAIN,out
2026-09-10T00:04:00Z,B40042,RSS-006,OPS-MAIN,out
2026-09-10T00:05:34Z,B40056,RSS-008,OPS-MAIN,out
2026-09-10T00:06:41Z,B40035,RSS-005,OPS-MAIN,out
2026-09-10T00:12:06Z,B40014,RSS-002,OPS-MAIN,out
2026-09-10T00:15:07Z,B40028,RSS-004,OPS-MAIN,out
2026-09-10T00:16:30Z,B40007,RSS-001,OPS-MAIN,out
2026-09-10T00:19:49Z,B40063,RSS-009,OPS-MAIN,out
2026-09-10T00:19:59Z,B40021,RSS-003,OPS-MAIN,out
2026-09-10T11:45:45Z,B40035,RSS-005,OPS-MAIN,in
2026-09-10T11:45:51Z,B40021,RSS-003,OPS-MAIN,in
2026-09-10T11:47:53Z,B40014,RSS-002,OPS-MAIN,in
2026-09-10T11:47:57Z,B40063,RSS-009,OPS-MAIN,in
2026-09-10T11:48:24Z,B40028,RSS-004,OPS-MAIN,in
2026-09-10T11:51:08Z,B40007,RSS-001,OPS-MAIN,in
2026-09-10T11:52:07Z,B40042,RSS-006,OPS-MAIN,in
2026-09-10T11:54:05Z,B40056,RSS-008,OPS-MAIN,in
2026-09-10T11:54:17Z,B40049,RSS-007,OPS-MAIN,in
2026-09-10T12:01:03Z,B40154,RSS-022,OPS-MAIN,out
2026-09-10T12:01:43Z,B40147,RSS-021,OPS-MAIN,out
2026-09-10T12:13:26Z,B40133,RSS-019,OPS-MAIN,out
2026-09-10T12:14:21Z,B40161,RSS-023,OPS-MAIN,out
2026-09-10T12:16:25Z,B40168,RSS-024,OPS-MAIN,out
2026-09-10T12:19:00Z,B40140,RSS-020,OPS-MAIN,out
2026-09-10T18:26:40Z,B40021,RSS-003,HALL-A,in
2026-09-10T19:02:25Z,B40021,RSS-003,HALL-A,out
2026-09-10T23:45:48Z,B40161,RSS-023,OPS-MAIN,in
2026-09-10T23:46:03Z,B40168,RSS-024,OPS-MAIN,in
2026-09-10T23:49:15Z,B40147,RSS-021,OPS-MAIN,in
2026-09-10T23:51:15Z,B40133,RSS-019,OPS-MAIN,in
2026-09-10T23:51:51Z,B40140,RSS-020,OPS-MAIN,in
2026-09-10T23:53:26Z,B40154,RSS-022,OPS-MAIN,in
2026-09-11T00:03:44Z,B40049,RSS-007,OPS-MAIN,out
2026-09-11T00:03:52Z,B40035,RSS-005,OPS-MAIN,out
2026-09-11T00:04:23Z,B40063,RSS-009,OPS-MAIN,out
2026-09-11T00:05:08Z,B40021,RSS-003,OPS-MAIN,out
2026-09-11T00:05:13Z,B40028,RSS-004,OPS-MAIN,out
2026-09-11T00:10:33Z,B40042,RSS-006,OPS-MAIN,out
2026-09-11T00:17:11Z,B40007,RSS-001,OPS-MAIN,out
2026-09-11T00:17:18Z,B40056,RSS-008,OPS-MAIN,out
2026-09-11T00:18:54Z,B40014,RSS-002,OPS-MAIN,out
2026-09-11T10:38:10Z,B40168,RSS-024,HALL-A,in
2026-09-11T11:46:02Z,B40126,RSS-018,OPS-MAIN,in
2026-09-11T11:47:16Z,B40098,RSS-014,OPS-MAIN,in
2026-09-11T11:48:21Z,B40105,RSS-015,OPS-MAIN,in
2026-09-11T11:48:37Z,B40091,RSS-013,OPS-MAIN,in
2026-09-11T11:51:30Z,B40119,RSS-017,OPS-MAIN,in
2026-09-11T11:52:46Z,B40112,RSS-016,OPS-MAIN,in
2026-09-11T11:53:07Z,B40077,RSS-011,OPS-MAIN,in
2026-09-11T11:54:18Z,B40070,RSS-010,OPS-MAIN,in
2026-09-11T11:56:22Z,B40084,RSS-012,OPS-MAIN,in
2026-09-11T12:02:33Z,B40154,RSS-022,OPS-MAIN,out
2026-09-11T12:03:12Z,B40133,RSS-019,OPS-MAIN,out
2026-09-11T12:04:47Z,B40161,RSS-023,OPS-MAIN,out
2026-09-11T12:10:41Z,B40168,RSS-024,OPS-MAIN,out
2026-09-11T12:14:45Z,B40140,RSS-020,OPS-MAIN,out
2026-09-11T12:19:53Z,B40147,RSS-021,OPS-MAIN,out
2026-09-11T12:32:49Z,B40168,RSS-024,HALL-A,out
2026-09-11T16:24:24Z,B40112,RSS-016,HALL-A,in
2026-09-11T16:31:49Z,B40112,RSS-016,HALL-A,in
2026-09-11T17:05:35Z,B40112,RSS-016,HALL-A,out
2026-09-11T17:21:46Z,B40112,RSS-016,HALL-A,out
2026-09-11T22:14:19Z,B40084,RSS-012,HALL-A,in
2026-09-11T22:51:47Z,B40084,RSS-012,HALL-A,out
2026-09-11T23:46:50Z,B40196,RSS-028,OPS-MAIN,in
2026-09-11T23:48:38Z,B40210,RSS-030,OPS-MAIN,in
2026-09-11T23:53:56Z,B40189,RSS-027,OPS-MAIN,in
2026-09-11T23:56:04Z,B40203,RSS-029,OPS-MAIN,in
2026-09-11T23:56:22Z,B40182,RSS-026,OPS-MAIN,in
2026-09-11T23:56:54Z,B40175,RSS-025,OPS-MAIN,in
2026-09-12T00:02:57Z,B40112,RSS-016,OPS-MAIN,out
2026-09-12T00:04:45Z,B40070,RSS-010,OPS-MAIN,out
2026-09-12T00:05:30Z,B40119,RSS-017,OPS-MAIN,out
2026-09-12T00:10:00Z,B40105,RSS-015,OPS-MAIN,out
2026-09-12T00:11:26Z,B40091,RSS-013,OPS-MAIN,out
2026-09-12T00:14:12Z,B40077,RSS-011,OPS-MAIN,out
2026-09-12T00:16:09Z,B40126,RSS-018,OPS-MAIN,out
2026-09-12T00:18:23Z,B40084,RSS-012,OPS-MAIN,out
2026-09-12T00:18:45Z,B40098,RSS-014,OPS-MAIN,out
2026-09-12T05:05:41Z,B40182,RSS-026,HALL-A,in
2026-09-12T06:33:07Z,B40182,RSS-026,HALL-A,out
2026-09-12T11:45:25Z,B40091,RSS-013,OPS-MAIN,in
2026-09-12T11:46:18Z,B40119,RSS-017,OPS-MAIN,in
2026-09-12T11:48:28Z,B40126,RSS-018,OPS-MAIN,in
2026-09-12T11:49:55Z,B40077,RSS-011,OPS-MAIN,in
2026-09-12T11:50:51Z,B40070,RSS-010,OPS-MAIN,in
2026-09-12T11:50:52Z,B40084,RSS-012,OPS-MAIN,in
2026-09-12T11:51:27Z,B40112,RSS-016,OPS-MAIN,in
2026-09-12T11:53:13Z,B40105,RSS-015,OPS-MAIN,in
2026-09-12T11:53:52Z,B40098,RSS-014,OPS-MAIN,in
2026-09-12T12:04:34Z,B40196,RSS-028,OPS-MAIN,out
2026-09-12T12:11:13Z,B40189,RSS-027,OPS-MAIN,out
2026-09-12T12:13:16Z,B40175,RSS-025,OPS-MAIN,out
2026-09-12T12:17:33Z,B40203,RSS-029,OPS-MAIN,out
2026-09-12T12:17:44Z,B40182,RSS-026,OPS-MAIN,out
2026-09-12T12:19:40Z,B40210,RSS-030,OPS-MAIN,out
2026-09-12T23:47:56Z,B40210,RSS-030,OPS-MAIN,in
2026-09-12T23:48:57Z,B40196,RSS-028,OPS-MAIN,in
2026-09-12T23:48:59Z,B40203,RSS-029,OPS-MAIN,in
2026-09-12T23:51:33Z,B40189,RSS-027,OPS-MAIN,in
2026-09-12T23:53:33Z,B40182,RSS-026,OPS-MAIN,in
2026-09-12T23:55:32Z,B40175,RSS-025,OPS-MAIN,in
2026-09-13T00:02:24Z,B40077,RSS-011,OPS-MAIN,out
2026-09-13T00:06:41Z,B40112,RSS-016,OPS-MAIN,out
2026-09-13T00:09:07Z,B40126,RSS-018,OPS-MAIN,out
2026-09-13T00:11:23Z,B40098,RSS-014,OPS-MAIN,out
2026-09-13T00:12:15Z,B40084,RSS-012,OPS-MAIN,out
2026-09-13T00:13:29Z,B40070,RSS-010,OPS-MAIN,out
2026-09-13T00:14:50Z,B40105,RSS-015,OPS-MAIN,out
2026-09-13T00:16:19Z,B40091,RSS-013,OPS-MAIN,out
2026-09-13T00:17:44Z,B40119,RSS-017,OPS-MAIN,out
2026-09-13T03:28:10Z,B40189,RSS-027,HALL-A,in
2026-09-13T04:11:37Z,B40196,RSS-028,HALL-A,in
2026-09-13T04:23:50Z,B40189,RSS-027,HALL-A,out
2026-09-13T06:03:19Z,B40196,RSS-028,HALL-A,out
2026-09-13T07:25:35Z,B40196,RSS-028,HALL-A,in
2026-09-13T08:55:45Z,B40196,RSS-028,HALL-A,out
2026-09-13T08:57:57Z,B40203,RSS-029,HALL-A,in
2026-09-13T09:50:16Z,B40203,RSS-029,HALL-A,out
2026-09-13T11:01:28Z,B40203,RSS-029,HALL-A,in
2026-09-13T11:23:04Z,B40203,RSS-029,HALL-A,out
2026-09-13T11:45:31Z,B40126,RSS-018,OPS-MAIN,in
2026-09-13T11:47:52Z,B40098,RSS-014,OPS-MAIN,in
2026-09-13T11:48:43Z,B40119,RSS-017,OPS-MAIN,in
2026-09-13T11:48:59Z,B40091,RSS-013,OPS-MAIN,in
2026-09-13T11:50:36Z,B40084,RSS-012,OPS-MAIN,in
2026-09-13T11:54:23Z,B40112,RSS-016,OPS-MAIN,in
2026-09-13T11:55:02Z,B40105,RSS-015,OPS-MAIN,in
2026-09-13T11:55:46Z,B40077,RSS-011,OPS-MAIN,in
2026-09-13T11:56:00Z,B40070,RSS-010,OPS-MAIN,in
2026-09-13T12:11:34Z,B40175,RSS-025,OPS-MAIN,out
2026-09-13T12:13:05Z,B40196,RSS-028,OPS-MAIN,out
2026-09-13T12:13:36Z,B40189,RSS-027,OPS-MAIN,out
2026-09-13T12:15:30Z,B40210,RSS-030,OPS-MAIN,out
2026-09-13T12:18:15Z,B40203,RSS-029,OPS-MAIN,out
2026-09-13T12:18:38Z,B40182,RSS-026,OPS-MAIN,out
2026-09-13T14:31:53Z,B40112,RSS-016,HALL-A,in
2026-09-13T15:29:35Z,B40112,RSS-016,HALL-A,out
2026-09-13T23:45:22Z,B40203,RSS-029,OPS-MAIN,in
2026-09-13T23:50:14Z,B40210,RSS-030,OPS-MAIN,in
2026-09-13T23:51:33Z,B40196,RSS-028,OPS-MAIN,in
2026-09-13T23:51:47Z,B40182,RSS-026,OPS-MAIN,in
2026-09-13T23:53:39Z,B40189,RSS-027,OPS-MAIN,in
2026-09-13T23:53:53Z,B40175,RSS-025,OPS-MAIN,in
2026-09-14T00:05:20Z,B40119,RSS-017,OPS-MAIN,out
2026-09-14T00:06:04Z,B40112,RSS-016,OPS-MAIN,out
2026-09-14T00:07:00Z,B40098,RSS-014,OPS-MAIN,out
2026-09-14T00:07:32Z,B40084,RSS-012,OPS-MAIN,out
2026-09-14T00:09:30Z,B40070,RSS-010,OPS-MAIN,out
2026-09-14T00:11:02Z,B40091,RSS-013,OPS-MAIN,out
2026-09-14T00:11:27Z,B40077,RSS-011,OPS-MAIN,out
2026-09-14T00:16:51Z,B40126,RSS-018,OPS-MAIN,out
2026-09-14T00:19:11Z,B40105,RSS-015,OPS-MAIN,out
2026-09-14T02:26:52Z,B40210,RSS-030,HALL-A,in
2026-09-14T02:57:21Z,B40210,RSS-030,HALL-A,out
2026-09-14T10:04:45Z,B40203,RSS-029,HALL-A,in
2026-09-14T11:47:52Z,B40126,RSS-018,OPS-MAIN,in
2026-09-14T11:49:20Z,B40070,RSS-010,OPS-MAIN,in
2026-09-14T11:50:40Z,B40098,RSS-014,OPS-MAIN,in
2026-09-14T11:51:04Z,B40119,RSS-017,OPS-MAIN,in
2026-09-14T11:51:58Z,B40112,RSS-016,OPS-MAIN,in
2026-09-14T11:55:10Z,B40077,RSS-011,OPS-MAIN,in
2026-09-14T11:56:05Z,B40084,RSS-012,OPS-MAIN,in
2026-09-14T11:56:07Z,B40091,RSS-013,OPS-MAIN,in
2026-09-14T11:57:05Z,B40105,RSS-015,OPS-MAIN,in
2026-09-14T12:02:31Z,B40189,RSS-027,OPS-MAIN,out
2026-09-14T12:10:28Z,B40175,RSS-025,OPS-MAIN,out
2026-09-14T12:10:36Z,B40182,RSS-026,OPS-MAIN,out
2026-09-14T12:11:18Z,B40210,RSS-030,OPS-MAIN,out
2026-09-14T12:12:06Z,B40196,RSS-028,OPS-MAIN,out
2026-09-14T12:18:13Z,B40203,RSS-029,OPS-MAIN,out
2026-09-14T13:24:49Z,B40203,RSS-029,HALL-A,out
2026-09-14T13:59:48Z,B40084,RSS-012,HALL-A,in
2026-09-14T15:22:29Z,B40084,RSS-012,HALL-A,out
2026-09-14T18:44:45Z,B40126,RSS-018,HALL-A,in
2026-09-14T19:07:50Z,B40126,RSS-018,HALL-A,out
2026-09-14T23:46:07Z,B40182,RSS-026,OPS-MAIN,in
2026-09-14T23:47:33Z,B40189,RSS-027,OPS-MAIN,in
2026-09-14T23:50:43Z,B40196,RSS-028,OPS-MAIN,in
2026-09-14T23:51:59Z,B40175,RSS-025,OPS-MAIN,in
2026-09-14T23:52:39Z,B40210,RSS-030,OPS-MAIN,in
2026-09-14T23:57:58Z,B40203,RSS-029,OPS-MAIN,in
2026-09-15T00:00:07Z,B40077,RSS-011,OPS-MAIN,out
2026-09-15T00:02:13Z,B40070,RSS-010,OPS-MAIN,out
2026-09-15T00:02:14Z,B40098,RSS-014,OPS-MAIN,out
2026-09-15T00:08:28Z,B40119,RSS-017,OPS-MAIN,out
2026-09-15T00:10:39Z,B40084,RSS-012,OPS-MAIN,out
2026-09-15T00:12:49Z,B40112,RSS-016,OPS-MAIN,out
2026-09-15T00:17:26Z,B40091,RSS-013,OPS-MAIN,out
2026-09-15T00:18:51Z,B40126,RSS-018,OPS-MAIN,out
2026-09-15T00:19:34Z,B40105,RSS-015,OPS-MAIN,out
2026-09-15T09:45:22Z,B40203,RSS-029,HALL-A,in
2026-09-15T11:21:46Z,B40203,RSS-029,HALL-A,out
2026-09-15T11:45:13Z,B40042,RSS-006,OPS-MAIN,in
2026-09-15T11:47:21Z,B40035,RSS-005,OPS-MAIN,in
2026-09-15T11:48:32Z,B40014,RSS-002,OPS-MAIN,in
2026-09-15T11:48:39Z,B40063,RSS-009,OPS-MAIN,in
2026-09-15T11:49:32Z,B40028,RSS-004,OPS-MAIN,in
2026-09-15T11:51:31Z,B40049,RSS-007,OPS-MAIN,in
2026-09-15T11:52:05Z,B40021,RSS-003,OPS-MAIN,in
2026-09-15T11:53:21Z,B40056,RSS-008,OPS-MAIN,in
2026-09-15T11:55:17Z,B40007,RSS-001,OPS-MAIN,in
2026-09-15T12:00:05Z,B40182,RSS-026,OPS-MAIN,out
2026-09-15T12:05:46Z,B40189,RSS-027,OPS-MAIN,out
2026-09-15T12:11:04Z,B40210,RSS-030,OPS-MAIN,out
2026-09-15T12:11:45Z,B40175,RSS-025,OPS-MAIN,out
2026-09-15T12:12:23Z,B40203,RSS-029,OPS-MAIN,out
2026-09-15T12:16:00Z,B40196,RSS-028,OPS-MAIN,out
2026-09-15T14:41:41Z,B40035,RSS-005,HALL-A,in
2026-09-15T18:05:35Z,B40021,RSS-003,HALL-A,in
2026-09-15T19:55:29Z,B40021,RSS-003,HALL-A,out
2026-09-15T20:00:29Z,B40035,RSS-005,HALL-A,out
2026-09-15T20:16:42Z,B40021,RSS-003,HALL-A,in
2026-09-15T20:24:57Z,B40042,RSS-006,HALL-A,in
2026-09-15T20:47:27Z,B40021,RSS-003,HALL-A,out
2026-09-15T21:35:56Z,B40042,RSS-006,HALL-A,out
2026-09-15T21:45:30Z,B40014,RSS-002,HALL-A,in
2026-09-15T22:42:50Z,B40014,RSS-002,HALL-A,out
2026-09-15T23:45:49Z,B40168,RSS-024,OPS-MAIN,in
2026-09-15T23:46:12Z,B40140,RSS-020,OPS-MAIN,in
2026-09-15T23:55:00Z,B40161,RSS-023,OPS-MAIN,in
2026-09-15T23:55:15Z,B40133,RSS-019,OPS-MAIN,in
2026-09-15T23:56:50Z,B40154,RSS-022,OPS-MAIN,in
2026-09-15T23:57:47Z,B40147,RSS-021,OPS-MAIN,in
2026-09-16T00:00:01Z,B40035,RSS-005,OPS-MAIN,out
2026-09-16T00:07:29Z,B40007,RSS-001,OPS-MAIN,out
2026-09-16T00:08:36Z,B40056,RSS-008,OPS-MAIN,out
2026-09-16T00:08:51Z,B40021,RSS-003,OPS-MAIN,out
2026-09-16T00:09:19Z,B40063,RSS-009,OPS-MAIN,out
2026-09-16T00:09:50Z,B40014,RSS-002,OPS-MAIN,out
2026-09-16T00:10:24Z,B40049,RSS-007,OPS-MAIN,out
2026-09-16T00:12:07Z,B40028,RSS-004,OPS-MAIN,out
2026-09-16T00:13:34Z,B40042,RSS-006,OPS-MAIN,out
2026-09-16T04:44:35Z,B40154,RSS-022,HALL-A,in
2026-09-16T06:49:29Z,B40154,RSS-022,HALL-A,out
2026-09-16T11:47:18Z,B40049,RSS-007,OPS-MAIN,in
2026-09-16T11:47:27Z,B40042,RSS-006,OPS-MAIN,in
2026-09-16T11:48:01Z,B40028,RSS-004,OPS-MAIN,in
2026-09-16T11:48:10Z,B40056,RSS-008,OPS-MAIN,in
2026-09-16T11:49:39Z,B40063,RSS-009,OPS-MAIN,in
2026-09-16T11:50:36Z,B40014,RSS-002,OPS-MAIN,in
2026-09-16T11:52:14Z,B40021,RSS-003,OPS-MAIN,in
2026-09-16T11:55:52Z,B40035,RSS-005,OPS-MAIN,in
2026-09-16T11:56:52Z,B40007,RSS-001,OPS-MAIN,in
2026-09-16T12:02:36Z,B40140,RSS-020,OPS-MAIN,out
2026-09-16T12:02:55Z,B40161,RSS-023,OPS-MAIN,out
2026-09-16T12:05:45Z,B40147,RSS-021,OPS-MAIN,out
2026-09-16T12:11:26Z,B40154,RSS-022,OPS-MAIN,out
2026-09-16T12:15:47Z,B40168,RSS-024,OPS-MAIN,out
2026-09-16T12:18:51Z,B40133,RSS-019,OPS-MAIN,out
2026-09-16T23:49:34Z,B40133,RSS-019,OPS-MAIN,in
2026-09-16T23:50:20Z,B40154,RSS-022,OPS-MAIN,in
2026-09-16T23:53:11Z,B40147,RSS-021,OPS-MAIN,in
2026-09-16T23:53:13Z,B40140,RSS-020,OPS-MAIN,in
2026-09-16T23:55:17Z,B40168,RSS-024,OPS-MAIN,in
2026-09-16T23:56:31Z,B40161,RSS-023,OPS-MAIN,in
2026-09-17T00:01:39Z,B40028,RSS-004,OPS-MAIN,out
2026-09-17T00:02:40Z,B40056,RSS-008,OPS-MAIN,out
2026-09-17T00:07:37Z,B40021,RSS-003,OPS-MAIN,out
2026-09-17T00:07:45Z,B40063,RSS-009,OPS-MAIN,out
2026-09-17T00:08:27Z,B40035,RSS-005,OPS-MAIN,out
2026-09-17T00:11:43Z,B40042,RSS-006,OPS-MAIN,out
2026-09-17T00:13:19Z,B40007,RSS-001,OPS-MAIN,out
2026-09-17T00:14:42Z,B40049,RSS-007,OPS-MAIN,out
2026-09-17T00:18:40Z,B40014,RSS-002,OPS-MAIN,out
2026-09-17T08:58:08Z,B40147,RSS-021,HALL-A,in
2026-09-17T10:50:48Z,B40147,RSS-021,HALL-A,out
2026-09-17T11:04:42Z,B40140,RSS-020,HALL-A,in
2026-09-17T11:37:23Z,B40140,RSS-020,HALL-A,out
2026-09-17T11:47:01Z,B40021,RSS-003,OPS-MAIN,in
2026-09-17T11:47:24Z,B40042,RSS-006,OPS-MAIN,in
2026-09-17T11:47:48Z,B40014,RSS-002,OPS-MAIN,in
2026-09-17T11:49:25Z,B40049,RSS-007,OPS-MAIN,in
2026-09-17T11:49:57Z,B40056,RSS-008,OPS-MAIN,in
2026-09-17T11:50:21Z,B40063,RSS-009,OPS-MAIN,in
2026-09-17T11:51:34Z,B40028,RSS-004,OPS-MAIN,in
2026-09-17T11:54:53Z,B40007,RSS-001,OPS-MAIN,in
2026-09-17T11:56:21Z,B40035,RSS-005,OPS-MAIN,in
2026-09-17T12:00:38Z,B40140,RSS-020,OPS-MAIN,out
2026-09-17T12:07:48Z,B40161,RSS-023,OPS-MAIN,out
2026-09-17T12:10:09Z,B40154,RSS-022,OPS-MAIN,out
2026-09-17T12:10:50Z,B40133,RSS-019,OPS-MAIN,out
2026-09-17T12:14:30Z,B40168,RSS-024,OPS-MAIN,out
2026-09-17T12:16:22Z,B40147,RSS-021,OPS-MAIN,out
2026-09-17T13:30:18Z,B40049,RSS-007,HALL-A,in
2026-09-17T15:13:28Z,B40049,RSS-007,HALL-A,out
2026-09-17T23:45:43Z,B40154,RSS-022,OPS-MAIN,in
2026-09-17T23:47:42Z,B40140,RSS-020,OPS-MAIN,in
2026-09-17T23:49:40Z,B40147,RSS-021,OPS-MAIN,in
2026-09-17T23:51:38Z,B40168,RSS-024,OPS-MAIN,in
2026-09-17T23:53:27Z,B40133,RSS-019,OPS-MAIN,in
2026-09-17T23:57:03Z,B40161,RSS-023,OPS-MAIN,in
2026-09-18T00:00:42Z,B40014,RSS-002,OPS-MAIN,out
2026-09-18T00:03:16Z,B40056,RSS-008,OPS-MAIN,out
2026-09-18T00:06:59Z,B40063,RSS-009,OPS-MAIN,out
2026-09-18T00:09:26Z,B40035,RSS-005,OPS-MAIN,out
2026-09-18T00:13:20Z,B40042,RSS-006,OPS-MAIN,out
2026-09-18T00:14:56Z,B40028,RSS-004,OPS-MAIN,out
2026-09-18T00:15:34Z,B40021,RSS-003,OPS-MAIN,out
2026-09-18T00:19:01Z,B40007,RSS-001,OPS-MAIN,out
2026-09-18T00:19:03Z,B40049,RSS-007,OPS-MAIN,out
2026-09-18T11:49:29Z,B40014,RSS-002,OPS-MAIN,in
2026-09-18T11:49:33Z,B40035,RSS-005,OPS-MAIN,in
2026-09-18T11:54:21Z,B40042,RSS-006,OPS-MAIN,in
2026-09-18T11:54:23Z,B40007,RSS-001,OPS-MAIN,in
2026-09-18T11:56:18Z,B40056,RSS-008,OPS-MAIN,in
2026-09-18T11:56:26Z,B40049,RSS-007,OPS-MAIN,in
2026-09-18T11:57:36Z,B40021,RSS-003,OPS-MAIN,in
2026-09-18T12:01:06Z,B40147,RSS-021,OPS-MAIN,out
2026-09-18T12:06:35Z,B40168,RSS-024,OPS-MAIN,out
2026-09-18T12:11:19Z,B40140,RSS-020,OPS-MAIN,out
2026-09-18T12:12:00Z,B40133,RSS-019,OPS-MAIN,out
2026-09-18T12:16:37Z,B40161,RSS-023,OPS-MAIN,out
2026-09-18T12:19:22Z,B40154,RSS-022,OPS-MAIN,out
2026-09-18T23:46:07Z,B40168,RSS-024,OPS-MAIN,in
2026-09-18T23:49:24Z,B40147,RSS-021,OPS-MAIN,in
2026-09-18T23:50:27Z,B40140,RSS-020,OPS-MAIN,in
2026-09-18T23:54:22Z,B40161,RSS-023,OPS-MAIN,in
2026-09-18T23:57:04Z,B40133,RSS-019,OPS-MAIN,in
2026-09-18T23:57:15Z,B40154,RSS-022,OPS-MAIN,in
2026-09-19T00:03:26Z,B40021,RSS-003,OPS-MAIN,out
2026-09-19T00:05:01Z,B40035,RSS-005,OPS-MAIN,out
2026-09-19T00:07:01Z,B40056,RSS-008,OPS-MAIN,out
2026-09-19T00:10:25Z,B40007,RSS-001,OPS-MAIN,out
2026-09-19T00:11:52Z,B40014,RSS-002,OPS-MAIN,out
2026-09-19T00:13:18Z,B40049,RSS-007,OPS-MAIN,out
2026-09-19T00:16:17Z,B40042,RSS-006,OPS-MAIN,out
2026-09-19T11:45:31Z,B40098,RSS-014,OPS-MAIN,in
2026-09-19T11:48:25Z,B40112,RSS-016,OPS-MAIN,in
2026-09-19T11:49:20Z,B40105,RSS-015,OPS-MAIN,in
2026-09-19T11:49:37Z,B40091,RSS-013,OPS-MAIN,in
2026-09-19T11:52:13Z,B40077,RSS-011,OPS-MAIN,in
2026-09-19T11:53:18Z,B40070,RSS-010,OPS-MAIN,in
2026-09-19T11:56:02Z,B40119,RSS-017,OPS-MAIN,in
2026-09-19T11:57:23Z,B40084,RSS-012,OPS-MAIN,in
2026-09-19T11:57:46Z,B40126,RSS-018,OPS-MAIN,in
2026-09-19T12:02:14Z,B40140,RSS-020,OPS-MAIN,out
2026-09-19T12:06:16Z,B40168,RSS-024,OPS-MAIN,out
2026-09-19T12:12:56Z,B40147,RSS-021,OPS-MAIN,out
2026-09-19T12:15:53Z,B40161,RSS-023,OPS-MAIN,out
2026-09-19T12:16:01Z,B40154,RSS-022,OPS-MAIN,out
2026-09-19T12:16:13Z,B40133,RSS-019,OPS-MAIN,out
2026-09-19T23:45:18Z,B40175,RSS-025,OPS-MAIN,in
2026-09-19T23:48:03Z,B40189,RSS-027,OPS-MAIN,in
2026-09-19T23:49:01Z,B40196,RSS-028,OPS-MAIN,in
2026-09-19T23:52:39Z,B40182,RSS-026,OPS-MAIN,in
2026-09-19T23:54:18Z,B40203,RSS-029,OPS-MAIN,in
2026-09-19T23:56:45Z,B40210,RSS-030,OPS-MAIN,in
2026-09-20T00:00:09Z,B40105,RSS-015,OPS-MAIN,out
2026-09-20T00:00:42Z,B40112,RSS-016,OPS-MAIN,out
2026-09-20T00:04:17Z,B40077,RSS-011,OPS-MAIN,out
2026-09-20T00:10:38Z,B40070,RSS-010,OPS-MAIN,out
2026-09-20T00:11:14Z,B40084,RSS-012,OPS-MAIN,out
2026-09-20T00:11:23Z,B40126,RSS-018,OPS-MAIN,out
2026-09-20T00:13:56Z,B40098,RSS-014,OPS-MAIN,out
2026-09-20T00:19:04Z,B40091,RSS-013,OPS-MAIN,out
2026-09-20T00:19:19Z,B40119,RSS-017,OPS-MAIN,out
2026-09-20T11:45:18Z,B40077,RSS-011,OPS-MAIN,in
2026-09-20T11:48:39Z,B40119,RSS-017,OPS-MAIN,in
2026-09-20T11:48:50Z,B40112,RSS-016,OPS-MAIN,in
2026-09-20T11:49:09Z,B40070,RSS-010,OPS-MAIN,in
2026-09-20T11:49:21Z,B40105,RSS-015,OPS-MAIN,in
2026-09-20T11:49:42Z,B40084,RSS-012,OPS-MAIN,in
2026-09-20T11:49:45Z,B40091,RSS-013,OPS-MAIN,in
2026-09-20T11:53:38Z,B40098,RSS-014,OPS-MAIN,in
2026-09-20T11:55:35Z,B40126,RSS-018,OPS-MAIN,in
2026-09-20T12:00:13Z,B40210,RSS-030,OPS-MAIN,out
2026-09-20T12:05:34Z,B40189,RSS-027,OPS-MAIN,out
2026-09-20T12:10:12Z,B40182,RSS-026,OPS-MAIN,out
2026-09-20T12:10:41Z,B40196,RSS-028,OPS-MAIN,out
2026-09-20T12:17:27Z,B40175,RSS-025,OPS-MAIN,out
2026-09-20T12:19:48Z,B40203,RSS-029,OPS-MAIN,out
2026-09-20T16:54:22Z,B40105,RSS-015,HALL-A,in
2026-09-20T17:54:15Z,B40105,RSS-015,HALL-A,out
2026-09-20T21:07:25Z,B40112,RSS-016,HALL-A,in
2026-09-20T21:27:52Z,B40112,RSS-016,HALL-A,out
2026-09-20T23:48:02Z,B40189,RSS-027,OPS-MAIN,in
2026-09-20T23:50:36Z,B40182,RSS-026,OPS-MAIN,in
2026-09-20T23:52:10Z,B40210,RSS-030,OPS-MAIN,in
2026-09-20T23:52:21Z,B40203,RSS-029,OPS-MAIN,in
2026-09-20T23:52:41Z,B40175,RSS-025,OPS-MAIN,in
2026-09-20T23:57:06Z,B40196,RSS-028,OPS-MAIN,in
2026-09-21T00:00:48Z,B40112,RSS-016,OPS-MAIN,out
2026-09-21T00:00:57Z,B40126,RSS-018,OPS-MAIN,out
2026-09-21T00:06:52Z,B40091,RSS-013,OPS-MAIN,out
2026-09-21T00:07:45Z,B40119,RSS-017,OPS-MAIN,out
2026-09-21T00:08:17Z,B40070,RSS-010,OPS-MAIN,out
2026-09-21T00:13:10Z,B40105,RSS-015,OPS-MAIN,out
2026-09-21T00:14:26Z,B40098,RSS-014,OPS-MAIN,out
2026-09-21T00:17:43Z,B40077,RSS-011,OPS-MAIN,out
2026-09-21T00:18:56Z,B40084,RSS-012,OPS-MAIN,out
2026-09-21T01:09:48Z,B40189,RSS-027,HALL-A,in
2026-09-21T01:58:53Z,B40189,RSS-027,HALL-A,out
2026-09-21T05:26:28Z,B40196,RSS-028,HALL-A,in
2026-09-21T07:08:39Z,B40196,RSS-028,HALL-A,out
2026-09-21T11:46:56Z,B40112,RSS-016,OPS-MAIN,in
2026-09-21T11:46:58Z,B40084,RSS-012,OPS-MAIN,in
2026-09-21T11:49:35Z,B40070,RSS-010,OPS-MAIN,in
2026-09-21T11:51:39Z,B40098,RSS-014,OPS-MAIN,in
2026-09-21T11:51:41Z,B40077,RSS-011,OPS-MAIN,in
2026-09-21T11:53:22Z,B40091,RSS-013,OPS-MAIN,in
2026-09-21T11:55:49Z,B40119,RSS-017,OPS-MAIN,in
2026-09-21T11:57:23Z,B40105,RSS-015,OPS-MAIN,in
2026-09-21T11:57:34Z,B40126,RSS-018,OPS-MAIN,in
2026-09-21T12:03:43Z,B40189,RSS-027,OPS-MAIN,out
2026-09-21T12:04:39Z,B40210,RSS-030,OPS-MAIN,out
2026-09-21T12:07:58Z,B40196,RSS-028,OPS-MAIN,out
2026-09-21T12:09:22Z,B40203,RSS-029,OPS-MAIN,out
2026-09-21T12:14:47Z,B40182,RSS-026,OPS-MAIN,out
2026-09-21T12:14:49Z,B40175,RSS-025,OPS-MAIN,out
2026-09-21T23:45:07Z,B40210,RSS-030,OPS-MAIN,in
2026-09-21T23:45:24Z,B40189,RSS-027,OPS-MAIN,in
2026-09-21T23:50:55Z,B40175,RSS-025,OPS-MAIN,in
2026-09-21T23:51:41Z,B40203,RSS-029,OPS-MAIN,in
2026-09-21T23:53:38Z,B40182,RSS-026,OPS-MAIN,in
2026-09-21T23:56:08Z,B40196,RSS-028,OPS-MAIN,in
2026-09-22T00:02:06Z,B40091,RSS-013,OPS-MAIN,out
2026-09-22T00:04:31Z,B40077,RSS-011,OPS-MAIN,out
2026-09-22T00:07:56Z,B40112,RSS-016,OPS-MAIN,out
2026-09-22T00:08:22Z,B40126,RSS-018,OPS-MAIN,out
2026-09-22T00:10:35Z,B40105,RSS-015,OPS-MAIN,out
2026-09-22T00:14:46Z,B40070,RSS-010,OPS-MAIN,out
2026-09-22T00:15:14Z,B40119,RSS-017,OPS-MAIN,out
2026-09-22T00:19:09Z,B40098,RSS-014,OPS-MAIN,out
2026-09-22T00:19:44Z,B40084,RSS-012,OPS-MAIN,out
2026-09-22T01:06:35Z,B40189,RSS-027,HALL-A,in
2026-09-22T02:51:53Z,B40189,RSS-027,HALL-A,out
2026-09-22T11:45:04Z,B40098,RSS-014,OPS-MAIN,in
2026-09-22T11:46:07Z,B40077,RSS-011,OPS-MAIN,in
2026-09-22T11:46:41Z,B40091,RSS-013,OPS-MAIN,in
2026-09-22T11:46:56Z,B40084,RSS-012,OPS-MAIN,in
2026-09-22T11:48:09Z,B40070,RSS-010,OPS-MAIN,in
2026-09-22T11:49:27Z,B40126,RSS-018,OPS-MAIN,in
2026-09-22T11:49:40Z,B40105,RSS-015,OPS-MAIN,in
2026-09-22T11:54:29Z,B40112,RSS-016,OPS-MAIN,in
2026-09-22T11:56:48Z,B40119,RSS-017,OPS-MAIN,in
2026-09-22T12:00:41Z,B40182,RSS-026,OPS-MAIN,out
2026-09-22T12:11:04Z,B40189,RSS-027,OPS-MAIN,out
2026-09-22T12:11:42Z,B40203,RSS-029,OPS-MAIN,out
2026-09-22T12:12:56Z,B40210,RSS-030,OPS-MAIN,out
2026-09-22T12:18:33Z,B40196,RSS-028,OPS-MAIN,out
2026-09-22T12:19:45Z,B40175,RSS-025,OPS-MAIN,out
2026-09-22T21:35:32Z,B40119,RSS-017,HALL-A,in
2026-09-22T21:44:54Z,B40077,RSS-011,HALL-A,in
2026-09-22T22:07:07Z,B40077,RSS-011,HALL-A,out
2026-09-22T22:44:35Z,B40119,RSS-017,HALL-A,out
2026-09-22T23:47:34Z,B40210,RSS-030,OPS-MAIN,in
2026-09-22T23:51:41Z,B40175,RSS-025,OPS-MAIN,in
2026-09-22T23:52:12Z,B40203,RSS-029,OPS-MAIN,in
2026-09-22T23:55:16Z,B40182,RSS-026,OPS-MAIN,in
2026-09-22T23:55:19Z,B40196,RSS-028,OPS-MAIN,in
2026-09-22T23:55:54Z,B40189,RSS-027,OPS-MAIN,in
2026-09-23T00:01:19Z,B40070,RSS-010,OPS-MAIN,out
2026-09-23T00:01:48Z,B40126,RSS-018,OPS-MAIN,out
2026-09-23T00:02:41Z,B40119,RSS-017,OPS-MAIN,out
2026-09-23T00:09:19Z,B40112,RSS-016,OPS-MAIN,out
2026-09-23T00:12:43Z,B40098,RSS-014,OPS-MAIN,out
2026-09-23T00:14:21Z,B40091,RSS-013,OPS-MAIN,out
2026-09-23T00:15:18Z,B40077,RSS-011,OPS-MAIN,out
2026-09-23T00:16:51Z,B40105,RSS-015,OPS-MAIN,out
2026-09-23T00:19:21Z,B40084,RSS-012,OPS-MAIN,out
2026-09-23T07:15:04Z,B40196,RSS-028,HALL-A,in
2026-09-23T08:15:11Z,B40196,RSS-028,HALL-A,out
2026-09-23T10:25:25Z,B40189,RSS-027,HALL-A,in
2026-09-23T10:37:56Z,B40182,RSS-026,HALL-A,in
2026-09-23T11:02:48Z,B40189,RSS-027,HALL-A,out
2026-09-23T11:32:22Z,B40182,RSS-026,HALL-A,out
2026-09-23T11:45:36Z,B40035,RSS-005,OPS-MAIN,in
2026-09-23T11:52:18Z,B40021,RSS-003,OPS-MAIN,in
2026-09-23T11:53:18Z,B40007,RSS-001,OPS-MAIN,in
2026-09-23T11:53:26Z,B40056,RSS-008,OPS-MAIN,in
2026-09-23T11:54:03Z,B40049,RSS-007,OPS-MAIN,in
2026-09-23T11:55:34Z,B40028,RSS-004,OPS-MAIN,in
2026-09-23T11:57:14Z,B40042,RSS-006,OPS-MAIN,in
2026-09-23T11:57:45Z,B40063,RSS-009,OPS-MAIN,in
2026-09-23T11:57:55Z,B40014,RSS-002,OPS-MAIN,in
2026-09-23T12:03:41Z,B40196,RSS-028,OPS-MAIN,out
2026-09-23T12:08:24Z,B40175,RSS-025,OPS-MAIN,out
2026-09-23T12:10:51Z,B40210,RSS-030,OPS-MAIN,out
2026-09-23T12:15:21Z,B40182,RSS-026,OPS-MAIN,out
2026-09-23T12:18:17Z,B40189,RSS-027,OPS-MAIN,out
2026-09-23T12:18:31Z,B40203,RSS-029,OPS-MAIN,out
2026-09-23T12:49:46Z,B40056,RSS-008,HALL-A,in
2026-09-23T14:02:28Z,B40056,RSS-008,HALL-A,out
2026-09-23T23:46:10Z,B40147,RSS-021,OPS-MAIN,in
2026-09-23T23:49:49Z,B40133,RSS-019,OPS-MAIN,in
2026-09-23T23:51:52Z,B40140,RSS-020,OPS-MAIN,in
2026-09-23T23:54:11Z,B40168,RSS-024,OPS-MAIN,in
2026-09-23T23:55:27Z,B40161,RSS-023,OPS-MAIN,in
2026-09-23T23:57:23Z,B40154,RSS-022,OPS-MAIN,in
2026-09-23T23:59:17Z,B40161,RSS-023,HALL-A,in
2026-09-24T00:01:00Z,B40035,RSS-005,OPS-MAIN,out
2026-09-24T00:01:28Z,B40028,RSS-004,OPS-MAIN,out
2026-09-24T00:02:04Z,B40007,RSS-001,OPS-MAIN,out
2026-09-24T00:03:25Z,B40056,RSS-008,OPS-MAIN,out
2026-09-24T00:05:58Z,B40042,RSS-006,OPS-MAIN,out
2026-09-24T00:08:27Z,B40014,RSS-002,OPS-MAIN,out
2026-09-24T00:08:45Z,B40021,RSS-003,OPS-MAIN,out
2026-09-24T00:13:12Z,B40049,RSS-007,OPS-MAIN,out
2026-09-24T00:16:19Z,B40063,RSS-009,OPS-MAIN,out
2026-09-24T04:38:00Z,B40154,RSS-022,HALL-A,in
2026-09-24T05:20:51Z,B40154,RSS-022,HALL-A,out
2026-09-24T05:28:44Z,B40161,RSS-023,HALL-A,out
2026-09-24T07:24:07Z,B40168,RSS-024,HALL-A,in
2026-09-24T07:59:42Z,B40168,RSS-024,HALL-A,out
2026-09-24T11:45:09Z,B40028,RSS-004,OPS-MAIN,in
2026-09-24T11:45:36Z,B40049,RSS-007,OPS-MAIN,in
2026-09-24T11:45:40Z,B40021,RSS-003,OPS-MAIN,in
2026-09-24T11:46:44Z,B40063,RSS-009,OPS-MAIN,in
2026-09-24T11:48:39Z,B40042,RSS-006,OPS-MAIN,in
2026-09-24T11:49:15Z,B40007,RSS-001,OPS-MAIN,in
2026-09-24T11:51:45Z,B40014,RSS-002,OPS-MAIN,in
2026-09-24T11:53:24Z,B40056,RSS-008,OPS-MAIN,in
2026-09-24T11:54:37Z,B40035,RSS-005,OPS-MAIN,in
2026-09-24T12:03:10Z,B40133,RSS-019,OPS-MAIN,out
2026-09-24T12:07:02Z,B40154,RSS-022,OPS-MAIN,out
2026-09-24T12:08:38Z,B40140,RSS-020,OPS-MAIN,out
2026-09-24T12:10:32Z,B40147,RSS-021,OPS-MAIN,out
2026-09-24T12:17:33Z,B40168,RSS-024,OPS-MAIN,out
2026-09-24T12:19:05Z,B40161,RSS-023,OPS-MAIN,out
2026-09-24T13:40:28Z,B40049,RSS-007,HALL-A,in
2026-09-24T14:30:02Z,B40049,RSS-007,HALL-A,out
2026-09-24T17:17:18Z,B40049,RSS-007,HALL-A,in
2026-09-24T18:38:33Z,B40049,RSS-007,HALL-A,out
2026-09-24T23:46:30Z,B40161,RSS-023,OPS-MAIN,in
2026-09-24T23:48:16Z,B40154,RSS-022,OPS-MAIN,in
2026-09-24T23:49:31Z,B40147,RSS-021,OPS-MAIN,in
2026-09-24T23:54:44Z,B40133,RSS-019,OPS-MAIN,in
2026-09-24T23:55:54Z,B40168,RSS-024,OPS-MAIN,in
2026-09-24T23:55:55Z,B40140,RSS-020,OPS-MAIN,in
2026-09-25T00:00:54Z,B40056,RSS-008,OPS-MAIN,out
2026-09-25T00:04:06Z,B40007,RSS-001,OPS-MAIN,out
2026-09-25T00:10:52Z,B40021,RSS-003,OPS-MAIN,out
2026-09-25T00:12:01Z,B40049,RSS-007,OPS-MAIN,out
2026-09-25T00:12:49Z,B40035,RSS-005,OPS-MAIN,out
2026-09-25T00:16:33Z,B40063,RSS-009,OPS-MAIN,out
2026-09-25T00:16:58Z,B40042,RSS-006,OPS-MAIN,out
2026-09-25T00:17:06Z,B40014,RSS-002,OPS-MAIN,out
2026-09-25T00:19:07Z,B40028,RSS-004,OPS-MAIN,out
2026-09-25T01:01:19Z,B40140,RSS-020,HALL-A,in
2026-09-25T02:30:23Z,B40140,RSS-020,HALL-A,out
2026-09-25T08:14:46Z,B40147,RSS-021,HALL-A,in
2026-09-25T10:18:36Z,B40147,RSS-021,HALL-A,out
2026-09-25T11:45:08Z,B40028,RSS-004,OPS-MAIN,in
2026-09-25T11:49:34Z,B40021,RSS-003,OPS-MAIN,in
2026-09-25T11:49:53Z,B40007,RSS-001,OPS-MAIN,in
2026-09-25T11:50:07Z,B40035,RSS-005,OPS-MAIN,in
2026-09-25T11:51:31Z,B40049,RSS-007,OPS-MAIN,in
2026-09-25T11:53:02Z,B40056,RSS-008,OPS-MAIN,in
2026-09-25T11:53:03Z,B40063,RSS-009,OPS-MAIN,in
2026-09-25T11:53:34Z,B40042,RSS-006,OPS-MAIN,in
2026-09-25T11:55:41Z,B40014,RSS-002,OPS-MAIN,in
2026-09-25T12:03:14Z,B40140,RSS-020,OPS-MAIN,out
2026-09-25T12:03:53Z,B40154,RSS-022,OPS-MAIN,out
2026-09-25T12:13:17Z,B40161,RSS-023,OPS-MAIN,out
2026-09-25T12:15:57Z,B40168,RSS-024,OPS-MAIN,out
2026-09-25T12:16:37Z,B40133,RSS-019,OPS-MAIN,out
2026-09-25T12:18:40Z,B40147,RSS-021,OPS-MAIN,out
2026-09-25T18:31:14Z,B40056,RSS-008,HALL-A,in
2026-09-25T19:12:28Z,B40056,RSS-008,HALL-A,out
2026-09-25T22:53:05Z,B40021,RSS-003,HALL-A,in
2026-09-25T23:49:43Z,B40140,RSS-020,OPS-MAIN,in
2026-09-25T23:52:52Z,B40133,RSS-019,OPS-MAIN,in
2026-09-25T23:53:14Z,B40161,RSS-023,OPS-MAIN,in
2026-09-25T23:54:30Z,B40147,RSS-021,OPS-MAIN,in
2026-09-25T23:55:33Z,B40154,RSS-022,OPS-MAIN,in
2026-09-25T23:55:34Z,B40168,RSS-024,OPS-MAIN,in
2026-09-26T00:00:08Z,B40056,RSS-008,OPS-MAIN,out
2026-09-26T00:03:22Z,B40021,RSS-003,OPS-MAIN,out
2026-09-26T00:09:02Z,B40035,RSS-005,OPS-MAIN,out
2026-09-26T00:11:24Z,B40042,RSS-006,OPS-MAIN,out
2026-09-26T00:11:47Z,B40007,RSS-001,OPS-MAIN,out
2026-09-26T00:13:43Z,B40028,RSS-004,OPS-MAIN,out
2026-09-26T00:15:41Z,B40049,RSS-007,OPS-MAIN,out
2026-09-26T00:18:17Z,B40063,RSS-009,OPS-MAIN,out
2026-09-26T00:19:10Z,B40014,RSS-002,OPS-MAIN,out
2026-09-26T00:25:16Z,B40140,RSS-020,HALL-A,in
2026-09-26T00:26:36Z,B40021,RSS-003,HALL-A,out
2026-09-26T00:39:26Z,B40154,RSS-022,HALL-A,in
2026-09-26T00:46:15Z,B40140,RSS-020,HALL-A,out
2026-09-26T02:08:39Z,B40154,RSS-022,HALL-A,out
2026-09-26T04:33:50Z,B40154,RSS-022,HALL-A,in
2026-09-26T05:05:18Z,B40154,RSS-022,HALL-A,out
2026-09-26T11:45:57Z,B40042,RSS-006,OPS-MAIN,in
2026-09-26T11:46:49Z,B40035,RSS-005,OPS-MAIN,in
2026-09-26T11:49:02Z,B40007,RSS-001,OPS-MAIN,in
2026-09-26T11:53:03Z,B40028,RSS-004,OPS-MAIN,in
2026-09-26T11:54:04Z,B40021,RSS-003,OPS-MAIN,in
2026-09-26T11:54:39Z,B40056,RSS-008,OPS-MAIN,in
2026-09-26T11:56:19Z,B40063,RSS-009,OPS-MAIN,in
2026-09-26T11:57:26Z,B40014,RSS-002,OPS-MAIN,in
2026-09-26T11:57:41Z,B40049,RSS-007,OPS-MAIN,in
2026-09-26T12:02:39Z,B40140,RSS-020,OPS-MAIN,out
2026-09-26T12:07:51Z,B40168,RSS-024,OPS-MAIN,out
2026-09-26T12:09:16Z,B40154,RSS-022,OPS-MAIN,out
2026-09-26T12:09:50Z,B40133,RSS-019,OPS-MAIN,out
2026-09-26T12:11:25Z,B40147,RSS-021,OPS-MAIN,out
2026-09-26T12:12:26Z,B40161,RSS-023,OPS-MAIN,out
2026-09-26T23:48:31Z,B40140,RSS-020,OPS-MAIN,in
2026-09-26T23:50:26Z,B40154,RSS-022,OPS-MAIN,in
2026-09-26T23:50:35Z,B40133,RSS-019,OPS-MAIN,in
2026-09-26T23:52:48Z,B40161,RSS-023,OPS-MAIN,in
2026-09-26T23:54:15Z,B40147,RSS-021,OPS-MAIN,in
2026-09-26T23:55:09Z,B40168,RSS-024,OPS-MAIN,in
2026-09-27T00:03:32Z,B40056,RSS-008,OPS-MAIN,out
2026-09-27T00:04:08Z,B40014,RSS-002,OPS-MAIN,out
2026-09-27T00:05:10Z,B40042,RSS-006,OPS-MAIN,out
2026-09-27T00:07:49Z,B40049,RSS-007,OPS-MAIN,out
2026-09-27T00:09:43Z,B40035,RSS-005,OPS-MAIN,out
2026-09-27T00:10:33Z,B40007,RSS-001,OPS-MAIN,out
2026-09-27T00:14:36Z,B40021,RSS-003,OPS-MAIN,out
2026-09-27T00:15:59Z,B40063,RSS-009,OPS-MAIN,out
2026-09-27T00:17:59Z,B40028,RSS-004,OPS-MAIN,out
2026-09-27T11:45:18Z,B40098,RSS-014,OPS-MAIN,in
2026-09-27T11:51:08Z,B40084,RSS-012,OPS-MAIN,in
2026-09-27T11:52:47Z,B40119,RSS-017,OPS-MAIN,in
2026-09-27T11:53:06Z,B40070,RSS-010,OPS-MAIN,in
2026-09-27T11:53:49Z,B40105,RSS-015,OPS-MAIN,in
2026-09-27T11:54:57Z,B40126,RSS-018,OPS-MAIN,in
2026-09-27T11:56:29Z,B40091,RSS-013,OPS-MAIN,in
2026-09-27T11:57:02Z,B40112,RSS-016,OPS-MAIN,in
2026-09-27T11:57:38Z,B40077,RSS-011,OPS-MAIN,in
2026-09-27T12:03:14Z,B40168,RSS-024,OPS-MAIN,out
2026-09-27T12:13:47Z,B40140,RSS-020,OPS-MAIN,out
2026-09-27T12:15:54Z,B40161,RSS-023,OPS-MAIN,out
2026-09-27T12:18:18Z,B40147,RSS-021,OPS-MAIN,out
2026-09-27T12:18:49Z,B40133,RSS-019,OPS-MAIN,out
2026-09-27T12:19:35Z,B40154,RSS-022,OPS-MAIN,out
2026-09-28T00:01:29Z,B40084,RSS-012,OPS-MAIN,out
2026-09-28T00:02:42Z,B40077,RSS-011,OPS-MAIN,out
2026-09-28T00:05:29Z,B40105,RSS-015,OPS-MAIN,out
2026-09-28T00:05:34Z,B40098,RSS-014,OPS-MAIN,out
2026-09-28T00:08:49Z,B40112,RSS-016,OPS-MAIN,out
2026-09-28T00:10:36Z,B40070,RSS-010,OPS-MAIN,out
2026-09-28T00:12:42Z,B40126,RSS-018,OPS-MAIN,out
2026-09-28T00:16:03Z,B40119,RSS-017,OPS-MAIN,out
2026-09-28T00:17:26Z,B40091,RSS-013,OPS-MAIN,out
