timestamp,person_id,reader,direction
2026-08-30T23:55:23Z,CCF-E10,Main lobby,in
2026-08-30T23:55:27Z,CCF-E09,Main lobby,in
2026-08-31T11:48:13Z,CCF-E03,Main lobby,in
2026-08-31T11:49:07Z,CCF-E02,Main lobby,in
2026-08-31T11:52:51Z,CCF-E01,Main lobby,in
2026-08-31T11:59:14Z,CCF-E04,Main lobby,in
2026-08-31T23:53:14Z,CCF-E10,Main lobby,in
2026-08-31T23:59:19Z,CCF-E09,Main lobby,in
2026-09-01T05:27:10Z,CCF-E10,Chiller yard,in
2026-09-01T11:55:04Z,CCF-E01,Main lobby,in
2026-09-01T11:56:26Z,CCF-E02,Main lobby,in
2026-09-01T11:58:50Z,CCF-E04,Main lobby,in
2026-09-01T12:01:14Z,CCF-E03,Main lobby,in
2026-09-01T14:23:15Z,CCF-E03,Generator yard,in
2026-09-01T23:50:11Z,CCF-E10,Main lobby,in
2026-09-02T00:02:09Z,CCF-E09,Main lobby,in
2026-09-02T11:49:02Z,CCF-E01,Main lobby,in
2026-09-02T11:58:04Z,CCF-E02,Main lobby,in
2026-09-02T11:59:32Z,CCF-E04,Main lobby,in
2026-09-02T12:00:00Z,CCF-E03,Main lobby,in
2026-09-02T23:49:50Z,CCF-E09,Main lobby,in
2026-09-03T00:02:37Z,CCF-E10,Main lobby,in
2026-09-03T11:52:31Z,CCF-E05,Main lobby,in
2026-09-03T11:56:20Z,CCF-E08,Main lobby,in
2026-09-03T11:57:22Z,CCF-E06,Main lobby,in
2026-09-03T12:02:30Z,CCF-E07,Main lobby,in
2026-09-03T23:51:39Z,CCF-E12,Main lobby,in
2026-09-03T23:54:58Z,CCF-E11,Main lobby,in
2026-09-04T11:49:42Z,CCF-E08,Main lobby,in
2026-09-04T11:53:44Z,CCF-E07,Main lobby,in
2026-09-04T11:55:47Z,CCF-E06,Main lobby,in
2026-09-04T11:56:54Z,CCF-E05,Main lobby,in
2026-09-04T16:44:51Z,CCF-E08,Generator yard,in
2026-09-04T18:03:27Z,CCF-E08,Hall B,in
2026-09-04T19:00:45Z,CCF-E08,Hall B,in
2026-09-04T23:50:05Z,CCF-E11,Main lobby,in
2026-09-05T00:01:58Z,CCF-E12,Main lobby,in
2026-09-05T11:48:11Z,CCF-E06,Main lobby,in
2026-09-05T11:57:05Z,CCF-E08,Main lobby,in
2026-09-05T11:57:27Z,CCF-E07,Main lobby,in
2026-09-05T12:00:48Z,CCF-E05,Main lobby,in
2026-09-05T17:21:45Z,CCF-E05,Hall B,in
2026-09-05T23:53:06Z,CCF-E11,Main lobby,in
2026-09-05T23:59:37Z,CCF-E12,Main lobby,in
2026-09-06T03:18:27Z,CCF-E12,Hall B,in
2026-09-06T11:50:17Z,CCF-E06,Main lobby,in
2026-09-06T11:50:24Z,CCF-E05,Main lobby,in
2026-09-06T11:51:06Z,CCF-E07,Main lobby,in
2026-09-06T12:01:52Z,CCF-E08,Main lobby,in
2026-09-06T23:50:01Z,CCF-E11,Main lobby,in
2026-09-06T23:51:13Z,CCF-E12,Main lobby,in
2026-09-07T11:49:19Z,CCF-E03,Main lobby,in
2026-09-07T11:55:45Z,CCF-E02,Main lobby,in
2026-09-07T11:58:30Z,CCF-E04,Main lobby,in
2026-09-07T12:00:24Z,CCF-E01,Main lobby,in
2026-09-07T23:53:47Z,CCF-E09,Main lobby,in
2026-09-07T23:58:57Z,CCF-E10,Main lobby,in
2026-09-08T11:48:34Z,CCF-E04,Main lobby,in
2026-09-08T11:55:58Z,CCF-E01,Main lobby,in
2026-09-08T11:57:41Z,CCF-E02,Main lobby,in
2026-09-08T11:58:23Z,CCF-E03,Main lobby,in
2026-09-08T13:24:22Z,CCF-E01,Hall B,in
2026-09-08T14:12:39Z,CCF-E01,Chiller yard,in
2026-09-08T15:17:11Z,CCF-E02,Generator yard,in
2026-09-08T23:50:34Z,CCF-E09,Main lobby,in
2026-09-08T23:53:04Z,CCF-E10,Main lobby,in
2026-09-09T11:53:33Z,CCF-E01,Main lobby,in
2026-09-09T11:56:24Z,CCF-E02,Main lobby,in
2026-09-09T11:59:07Z,CCF-E03,Main lobby,in
2026-09-09T12:02:08Z,CCF-E04,Main lobby,in
2026-09-09T17:20:12Z,CCF-E03,Hall B,in
2026-09-09T23:51:01Z,CCF-E09,Main lobby,in
2026-09-10T00:01:18Z,CCF-E10,Main lobby,in
2026-09-10T11:51:14Z,CCF-E04,Main lobby,in
2026-09-10T11:57:34Z,CCF-E01,Main lobby,in
2026-09-10T12:00:11Z,CCF-E02,Main lobby,in
2026-09-10T12:00:42Z,CCF-E03,Main lobby,in
2026-09-10T23:52:15Z,CCF-E10,Main lobby,in
2026-09-10T23:54:02Z,CCF-E09,Main lobby,in
2026-09-11T11:54:12Z,CCF-E08,Main lobby,in
2026-09-11T11:56:32Z,CCF-E07,Main lobby,in
2026-09-11T12:00:08Z,CCF-E05,Main lobby,in
2026-09-11T12:02:07Z,CCF-E06,Main lobby,in
2026-09-11T13:44:31Z,CCF-E08,Hall B,in
2026-09-11T19:23:11Z,CCF-E06,Chiller yard,in
2026-09-11T23:51:49Z,CCF-E12,Main lobby,in
2026-09-12T00:02:43Z,CCF-E11,Main lobby,in
2026-09-12T11:48:00Z,CCF-E05,Main lobby,in
2026-09-12T11:53:03Z,CCF-E07,Main lobby,in
2026-09-12T11:59:48Z,CCF-E08,Main lobby,in
2026-09-12T12:01:19Z,CCF-E06,Main lobby,in
2026-09-12T17:18:54Z,CCF-E08,Generator yard,in
2026-09-12T23:49:18Z,CCF-E11,Main lobby,in
2026-09-12T23:55:28Z,CCF-E12,Main lobby,in
2026-09-13T11:49:19Z,CCF-E07,Main lobby,in
2026-09-13T11:52:44Z,CCF-E06,Main lobby,in
2026-09-13T11:52:55Z,CCF-E08,Main lobby,in
2026-09-13T11:57:28Z,CCF-E05,Main lobby,in
2026-09-13T17:04:48Z,CCF-E06,Chiller yard,in
2026-09-13T17:48:59Z,CCF-E07,Hall B,in
2026-09-13T19:45:17Z,CCF-E08,Hall A electrical room,in
2026-09-13T23:51:08Z,CCF-E11,Main lobby,in
2026-09-14T00:01:14Z,CCF-E12,Main lobby,in
2026-09-14T11:48:16Z,CCF-E06,Main lobby,in
2026-09-14T11:53:45Z,CCF-E08,Main lobby,in
2026-09-14T11:57:11Z,CCF-E05,Main lobby,in
2026-09-14T12:00:27Z,CCF-E07,Main lobby,in
2026-09-14T23:50:02Z,CCF-E11,Main lobby,in
2026-09-14T23:51:03Z,CCF-E12,Main lobby,in
2026-09-15T11:53:54Z,CCF-E04,Main lobby,in
2026-09-15T11:54:08Z,CCF-E01,Main lobby,in
2026-09-15T11:55:19Z,CCF-E03,Main lobby,in
2026-09-15T11:59:26Z,CCF-E02,Main lobby,in
2026-09-15T15:08:03Z,CCF-E02,Hall A,in
2026-09-15T15:45:17Z,CCF-E02,Hall A,in
2026-09-15T17:21:50Z,CCF-E04,Hall B electrical room,in
2026-09-15T18:11:55Z,CCF-E02,Generator yard,in
2026-09-16T00:01:45Z,CCF-E09,Main lobby,in
2026-09-16T00:01:50Z,CCF-E10,Main lobby,in
2026-09-16T11:52:37Z,CCF-E04,Main lobby,in
2026-09-16T11:53:23Z,CCF-E01,Main lobby,in
2026-09-16T11:55:05Z,CCF-E03,Main lobby,in
2026-09-16T11:58:54Z,CCF-E02,Main lobby,in
2026-09-16T23:57:38Z,CCF-E09,Main lobby,in
2026-09-16T23:59:28Z,CCF-E10,Main lobby,in
2026-09-17T11:53:45Z,CCF-E01,Main lobby,in
2026-09-17T11:54:27Z,CCF-E04,Main lobby,in
2026-09-17T11:57:41Z,CCF-E02,Main lobby,in
2026-09-17T12:00:33Z,CCF-E03,Main lobby,in
2026-09-17T23:50:46Z,CCF-E10,Main lobby,in
2026-09-17T23:51:51Z,CCF-E09,Main lobby,in
2026-09-18T11:55:49Z,CCF-E03,Main lobby,in
2026-09-18T11:57:21Z,CCF-E02,Main lobby,in
2026-09-18T12:00:23Z,CCF-E04,Main lobby,in
2026-09-18T12:02:29Z,CCF-E01,Main lobby,in
2026-09-18T18:01:42Z,CCF-E01,Hall A,in
2026-09-18T23:49:29Z,CCF-E10,Main lobby,in
2026-09-19T00:02:03Z,CCF-E09,Main lobby,in
2026-09-19T11:49:28Z,CCF-E07,Main lobby,in
2026-09-19T11:51:09Z,CCF-E08,Main lobby,in
2026-09-19T11:55:35Z,CCF-E05,Main lobby,in
2026-09-19T11:59:11Z,CCF-E06,Main lobby,in
2026-09-19T17:05:16Z,CCF-E06,Generator yard,in
2026-09-19T23:52:47Z,CCF-E12,Main lobby,in
2026-09-19T23:58:50Z,CCF-E11,Main lobby,in
2026-09-20T11:49:13Z,CCF-E08,Main lobby,in
2026-09-20T11:49:21Z,CCF-E06,Main lobby,in
2026-09-20T11:55:28Z,CCF-E05,Main lobby,in
2026-09-20T12:00:33Z,CCF-E07,Main lobby,in
2026-09-20T19:02:39Z,CCF-E06,Hall A,in
2026-09-20T23:51:45Z,CCF-E11,Main lobby,in
2026-09-21T00:00:08Z,CCF-E12,Main lobby,in
2026-09-21T11:49:42Z,CCF-E07,Main lobby,in
2026-09-21T11:52:57Z,CCF-E05,Main lobby,in
2026-09-21T11:55:04Z,CCF-E06,Main lobby,in
2026-09-21T12:02:24Z,CCF-E08,Main lobby,in
2026-09-21T23:48:19Z,CCF-E12,Main lobby,in
2026-09-22T00:01:44Z,CCF-E11,Main lobby,in
2026-09-22T11:19:06Z,CCF-E12,Hall A,in
2026-09-22T11:48:41Z,CCF-E05,Main lobby,in
2026-09-22T11:49:16Z,CCF-E08,Main lobby,in
2026-09-22T11:50:06Z,CCF-E07,Main lobby,in
2026-09-22T12:00:04Z,CCF-E06,Main lobby,in
2026-09-22T23:48:13Z,CCF-E12,Main lobby,in
2026-09-22T23:56:10Z,CCF-E11,Main lobby,in
2026-09-23T00:28:15Z,CCF-E11,Hall A electrical room,in
2026-09-23T04:58:35Z,CCF-E12,Hall A,in
2026-09-23T11:52:44Z,CCF-E04,Main lobby,in
2026-09-23T11:56:56Z,CCF-E03,Main lobby,in
2026-09-23T11:57:28Z,CCF-E02,Main lobby,in
2026-09-23T11:58:24Z,CCF-E01,Main lobby,in
2026-09-23T16:15:07Z,CCF-E04,Generator yard,in
2026-09-23T19:14:31Z,CCF-E02,Hall B electrical room,in
2026-09-23T23:51:18Z,CCF-E10,Main lobby,in
2026-09-23T23:54:40Z,CCF-E09,Main lobby,in
2026-09-24T11:48:16Z,CCF-E03,Main lobby,in
2026-09-24T11:49:29Z,CCF-E04,Main lobby,in
2026-09-24T11:50:52Z,CCF-E01,Main lobby,in
2026-09-24T11:58:18Z,CCF-E02,Main lobby,in
2026-09-24T17:16:19Z,CCF-E03,Hall B,in
2026-09-24T21:22:27Z,CCF-E03,MV switchgear,in
2026-09-24T23:58:15Z,CCF-E10,Main lobby,in
2026-09-25T00:01:06Z,CCF-E09,Main lobby,in
2026-09-25T11:48:19Z,CCF-E03,Main lobby,in
2026-09-25T11:50:06Z,CCF-E01,Main lobby,in
2026-09-25T11:57:34Z,CCF-E04,Main lobby,in
2026-09-25T12:00:47Z,CCF-E02,Main lobby,in
2026-09-25T23:49:43Z,CCF-E10,Main lobby,in
2026-09-25T23:57:59Z,CCF-E09,Main lobby,in
2026-09-26T11:51:43Z,CCF-E02,Main lobby,in
2026-09-26T11:55:17Z,CCF-E03,Main lobby,in
2026-09-26T11:57:10Z,CCF-E04,Main lobby,in
2026-09-26T11:58:04Z,CCF-E01,Main lobby,in
2026-09-26T23:55:27Z,CCF-E10,Main lobby,in
2026-09-27T00:01:51Z,CCF-E09,Main lobby,in
2026-09-27T11:48:07Z,CCF-E08,Main lobby,in
2026-09-27T11:50:20Z,CCF-E07,Main lobby,in
2026-09-27T11:50:31Z,CCF-E05,Main lobby,in
2026-09-27T12:01:36Z,CCF-E06,Main lobby,in
