shift_start,shift,engineer
2026-08-31T00:00:00Z,night,CCF-E09
2026-08-31T00:00:00Z,night,CCF-E10
2026-08-31T12:00:00Z,day,CCF-E01
2026-08-31T12:00:00Z,day,CCF-E02
2026-08-31T12:00:00Z,day,CCF-E03
2026-08-31T12:00:00Z,day,CCF-E04
2026-09-01T00:00:00Z,night,CCF-E09
2026-09-01T00:00:00Z,night,CCF-E10
2026-09-01T12:00:00Z,day,CCF-E01
2026-09-01T12:00:00Z,day,CCF-E02
2026-09-01T12:00:00Z,day,CCF-E03
2026-09-01T12:00:00Z,day,CCF-E04
2026-09-02T00:00:00Z,night,CCF-E09
2026-09-02T00:00:00Z,night,CCF-E10
2026-09-02T12:00:00Z,day,CCF-E01
2026-09-02T12:00:00Z,day,CCF-E02
2026-09-02T12:00:00Z,day,CCF-E03
2026-09-02T12:00:00Z,day,CCF-E04
2026-09-03T00:00:00Z,night,CCF-E09
2026-09-03T00:00:00Z,night,CCF-E10
2026-09-03T12:00:00Z,day,CCF-E05
2026-09-03T12:00:00Z,day,CCF-E06
2026-09-03T12:00:00Z,day,CCF-E07
2026-09-03T12:00:00Z,day,CCF-E08
2026-09-04T00:00:00Z,night,CCF-E11
2026-09-04T00:00:00Z,night,CCF-E12
2026-09-04T12:00:00Z,day,CCF-E05
2026-09-04T12:00:00Z,day,CCF-E06
2026-09-04T12:00:00Z,day,CCF-E07
2026-09-04T12:00:00Z,day,CCF-E08
2026-09-05T00:00:00Z,night,CCF-E11
2026-09-05T00:00:00Z,night,CCF-E12
2026-09-05T12:00:00Z,day,CCF-E05
2026-09-05T12:00:00Z,day,CCF-E06
2026-09-05T12:00:00Z,day,CCF-E07
2026-09-05T12:00:00Z,day,CCF-E08
2026-09-06T00:00:00Z,night,CCF-E11
2026-09-06T00:00:00Z,night,CCF-E12
2026-09-06T12:00:00Z,day,CCF-E05
2026-09-06T12:00:00Z,day,CCF-E06
2026-09-06T12:00:00Z,day,CCF-E07
2026-09-06T12:00:00Z,day,CCF-E08
2026-09-07T00:00:00Z,night,CCF-E11
2026-09-07T00:00:00Z,night,CCF-E12
2026-09-07T12:00:00Z,day,CCF-E01
2026-09-07T12:00:00Z,day,CCF-E02
2026-09-07T12:00:00Z,day,CCF-E03
2026-09-07T12:00:00Z,day,CCF-E04
2026-09-08T00:00:00Z,night,CCF-E09
2026-09-08T00:00:00Z,night,CCF-E10
2026-09-08T12:00:00Z,day,CCF-E01
2026-09-08T12:00:00Z,day,CCF-E02
2026-09-08T12:00:00Z,day,CCF-E03
2026-09-08T12:00:00Z,day,CCF-E04
2026-09-09T00:00:00Z,night,CCF-E09
2026-09-09T00:00:00Z,night,CCF-E10
2026-09-09T12:00:00Z,day,CCF-E01
2026-09-09T12:00:00Z,day,CCF-E02
2026-09-09T12:00:00Z,day,CCF-E03
2026-09-09T12:00:00Z,day,CCF-E04
2026-09-10T00:00:00Z,night,CCF-E09
2026-09-10T00:00:00Z,night,CCF-E10
2026-09-10T12:00:00Z,day,CCF-E01
2026-09-10T12:00:00Z,day,CCF-E02
2026-09-10T12:00:00Z,day,CCF-E03
2026-09-10T12:00:00Z,day,CCF-E04
2026-09-11T00:00:00Z,night,CCF-E09
2026-09-11T00:00:00Z,night,CCF-E10
2026-09-11T12:00:00Z,day,CCF-E05
2026-09-11T12:00:00Z,day,CCF-E06
2026-09-11T12:00:00Z,day,CCF-E07
2026-09-11T12:00:00Z,day,CCF-E08
2026-09-12T00:00:00Z,night,CCF-E11
2026-09-12T00:00:00Z,night,CCF-E12
2026-09-12T12:00:00Z,day,CCF-E05
2026-09-12T12:00:00Z,day,CCF-E06
2026-09-12T12:00:00Z,day,CCF-E07
2026-09-12T12:00:00Z,day,CCF-E08
2026-09-13T00:00:00Z,night,CCF-E11
2026-09-13T00:00:00Z,night,CCF-E12
2026-09-13T12:00:00Z,day,CCF-E05
2026-09-13T12:00:00Z,day,CCF-E06
2026-09-13T12:00:00Z,day,CCF-E07
2026-09-13T12:00:00Z,day,CCF-E08
2026-09-14T00:00:00Z,night,CCF-E11
2026-09-14T00:00:00Z,night,CCF-E12
2026-09-14T12:00:00Z,day,CCF-E05
2026-09-14T12:00:00Z,day,CCF-E06
2026-09-14T12:00:00Z,day,CCF-E07
2026-09-14T12:00:00Z,day,CCF-E08
2026-09-15T00:00:00Z,night,CCF-E11
2026-09-15T00:00:00Z,night,CCF-E12
2026-09-15T12:00:00Z,day,CCF-E01
2026-09-15T12:00:00Z,day,CCF-E02
2026-09-15T12:00:00Z,day,CCF-E03
2026-09-15T12:00:00Z,day,CCF-E04
2026-09-16T00:00:00Z,night,CCF-E09
2026-09-16T00:00:00Z,night,CCF-E10
2026-09-16T12:00:00Z,day,CCF-E01
2026-09-16T12:00:00Z,day,CCF-E02
2026-09-16T12:00:00Z,day,CCF-E03
2026-09-16T12:00:00Z,day,CCF-E04
2026-09-17T00:00:00Z,night,CCF-E09
2026-09-17T00:00:00Z,night,CCF-E10
2026-09-17T12:00:00Z,day,CCF-E01
2026-09-17T12:00:00Z,day,CCF-E02
2026-09-17T12:00:00Z,day,CCF-E03
2026-09-17T12:00:00Z,day,CCF-E04
2026-09-18T00:00:00Z,night,CCF-E09
2026-09-18T00:00:00Z,night,CCF-E10
2026-09-18T12:00:00Z,day,CCF-E01
2026-09-18T12:00:00Z,day,CCF-E02
2026-09-18T12:00:00Z,day,CCF-E03
2026-09-18T12:00:00Z,day,CCF-E04
2026-09-19T00:00:00Z,night,CCF-E09
2026-09-19T00:00:00Z,night,CCF-E10
2026-09-19T12:00:00Z,day,CCF-E05
2026-09-19T12:00:00Z,day,CCF-E06
2026-09-19T12:00:00Z,day,CCF-E07
2026-09-19T12:00:00Z,day,CCF-E08
2026-09-20T00:00:00Z,night,CCF-E11
2026-09-20T00:00:00Z,night,CCF-E12
2026-09-20T12:00:00Z,day,CCF-E05
2026-09-20T12:00:00Z,day,CCF-E06
2026-09-20T12:00:00Z,day,CCF-E07
2026-09-20T12:00:00Z,day,CCF-E08
2026-09-21T00:00:00Z,night,CCF-E11
2026-09-21T00:00:00Z,night,CCF-E12
2026-09-21T12:00:00Z,day,CCF-E05
2026-09-21T12:00:00Z,day,CCF-E06
2026-09-21T12:00:00Z,day,CCF-E07
2026-09-21T12:00:00Z,day,CCF-E08
2026-09-22T00:00:00Z,night,CCF-E11
2026-09-22T00:00:00Z,night,CCF-E12
2026-09-22T12:00:00Z,day,CCF-E05
2026-09-22T12:00:00Z,day,CCF-E06
2026-09-22T12:00:00Z,day,CCF-E07
2026-09-22T12:00:00Z,day,CCF-E08
2026-09-23T00:00:00Z,night,CCF-E11
2026-09-23T00:00:00Z,night,CCF-E12
2026-09-23T12:00:00Z,day,CCF-E01
2026-09-23T12:00:00Z,day,CCF-E02
2026-09-23T12:00:00Z,day,CCF-E03
2026-09-23T12:00:00Z,day,CCF-E04
2026-09-24T00:00:00Z,night,CCF-E09
2026-09-24T00:00:00Z,night,CCF-E10
2026-09-24T12:00:00Z,day,CCF-E01
2026-09-24T12:00:00Z,day,CCF-E02
2026-09-24T12:00:00Z,day,CCF-E03
2026-09-24T12:00:00Z,day,CCF-E04
2026-09-25T00:00:00Z,night,CCF-E09
2026-09-25T00:00:00Z,night,CCF-E10
2026-09-25T12:00:00Z,day,CCF-E01
2026-09-25T12:00:00Z,day,CCF-E02
2026-09-25T12:00:00Z,day,CCF-E03
2026-09-25T12:00:00Z,day,CCF-E04
2026-09-26T00:00:00Z,night,CCF-E09
2026-09-26T00:00:00Z,night,CCF-E10
2026-09-26T12:00:00Z,day,CCF-E01
2026-09-26T12:00:00Z,day,CCF-E02
2026-09-26T12:00:00Z,day,CCF-E03
2026-09-26T12:00:00Z,day,CCF-E04
2026-09-27T00:00:00Z,night,CCF-E09
2026-09-27T00:00:00Z,night,CCF-E10
2026-09-27T12:00:00Z,day,CCF-E05
2026-09-27T12:00:00Z,day,CCF-E06
2026-09-27T12:00:00Z,day,CCF-E07
2026-09-27T12:00:00Z,day,CCF-E08
