date,host,tray_serial,gpu,sbe_day,uce_day,remapped_rows,remap_pending,gpu_temp_max_c,hbm_temp_max_c
2026-08-31,a02-ct12,CTAH4UU8N8,2,0,0,2,0,60.9,66.9
2026-08-31,a03-ct18,CTSTDJBVC7,2,0,0,1,0,64.8,70.8
2026-08-31,a09-ct06,CTX28AU6D7,1,0,0,1,0,62.0,68.0
2026-08-31,a11-ct11,CTNP61ONMM,0,0,0,1,0,58.5,64.5
2026-08-31,a11-ct16,CT50ZNYIRL,0,0,0,1,0,59.1,65.1
2026-08-31,a13-ct10,CTA5F79H0D,3,0,0,1,0,62.9,68.9
2026-08-31,a13-ct16,CTKOYXP1K6,3,0,0,1,0,61.7,67.7
2026-08-31,a14-ct10,CT5LYCTFEB,3,0,0,1,0,60.5,66.5
2026-08-31,a17-ct14,CTD4JR85BR,2,0,0,1,0,63.5,69.5
2026-08-31,a19-ct05,CTMAVMDG7F,0,0,0,1,0,62.3,68.3
2026-08-31,a20-ct11,CTQ28KUSD4,3,0,0,1,0,61.0,67.0
2026-08-31,a20-ct14,CTO6KRG6G0,2,0,0,2,0,62.4,68.4
2026-08-31,a20-ct16,CTVEBPQGXU,3,0,0,1,0,64.5,70.5
2026-08-31,a25-ct05,CT8N8XP8LN,1,0,0,1,0,57.8,63.8
2026-08-31,a26-ct12,CTCO4IR2IN,1,0,0,1,0,61.9,67.9
2026-08-31,a27-ct01,CTCCFOZN1D,3,0,0,1,0,62.4,68.4
2026-08-31,a27-ct18,CTMET4A9VF,1,0,0,1,0,62.8,68.8
2026-08-31,a28-ct07,CTB42HH2X1,0,0,0,1,0,63.1,69.1
2026-08-31,a28-ct18,CTZTYTBMKD,1,0,0,1,0,63.6,69.6
2026-08-31,a30-ct09,CTBHFIUMZ3,0,0,0,1,0,63.3,69.3
2026-08-31,a30-ct15,CT29MTCDW5,2,0,0,1,0,61.7,67.7
2026-08-31,a31-ct07,CT0QYVS9HP,0,0,0,1,0,62.4,68.4
2026-09-01,a02-ct12,CTAH4UU8N8,2,0,0,2,0,63.7,69.7
2026-09-01,a03-ct18,CTSTDJBVC7,2,0,0,1,0,63.3,69.3
2026-09-01,a09-ct06,CTX28AU6D7,1,0,0,1,0,61.2,67.2
2026-09-01,a11-ct11,CTNP61ONMM,0,0,0,1,0,61.5,67.5
2026-09-01,a11-ct16,CT50ZNYIRL,0,0,0,1,0,60.6,66.6
2026-09-01,a13-ct10,CTA5F79H0D,3,0,0,1,0,60.7,66.7
2026-09-01,a13-ct16,CTKOYXP1K6,3,0,0,1,0,63.9,69.9
2026-09-01,a14-ct10,CT5LYCTFEB,3,0,0,1,0,62.4,68.4
2026-09-01,a17-ct14,CTD4JR85BR,2,0,0,1,0,62.7,68.7
2026-09-01,a19-ct05,CTMAVMDG7F,0,0,0,1,0,61.9,67.9
2026-09-01,a20-ct11,CTQ28KUSD4,3,0,0,1,0,61.6,67.6
2026-09-01,a20-ct14,CTO6KRG6G0,2,0,0,2,0,58.9,64.9
2026-09-01,a20-ct16,CTVEBPQGXU,3,0,0,1,0,59.5,65.5
2026-09-01,a25-ct05,CT8N8XP8LN,1,0,0,1,0,62.5,68.5
2026-09-01,a26-ct12,CTCO4IR2IN,1,0,0,1,0,62.7,68.7
2026-09-01,a27-ct01,CTCCFOZN1D,3,0,0,1,0,62.5,68.5
2026-09-01,a27-ct18,CTMET4A9VF,1,0,0,1,0,64.6,70.6
2026-09-01,a28-ct07,CTB42HH2X1,0,0,0,1,0,63.6,69.6
2026-09-01,a28-ct18,CTZTYTBMKD,1,0,0,1,0,61.1,67.1
2026-09-01,a30-ct09,CTBHFIUMZ3,0,0,0,1,0,59.9,65.9
2026-09-01,a30-ct15,CT29MTCDW5,2,0,0,1,0,62.9,68.9
2026-09-01,a31-ct07,CT0QYVS9HP,0,0,0,1,0,60.4,66.4
2026-09-01,a31-ct11,CTCSZAT677,0,0,1,1,1,63.2,69.2
2026-09-01,a31-ct11,CTUCUJKCBY,0,0,1,1,0,62.6,68.6
2026-09-02,a02-ct12,CTAH4UU8N8,2,0,0,2,0,61.2,67.2
2026-09-02,a03-ct18,CTSTDJBVC7,2,0,0,1,0,65.4,71.4
2026-09-02,a09-ct06,CTX28AU6D7,1,0,0,1,0,61.6,67.6
2026-09-02,a11-ct11,CTNP61ONMM,0,0,0,1,0,64.2,70.2
2026-09-02,a11-ct16,CT50ZNYIRL,0,0,0,1,0,61.5,67.5
2026-09-02,a13-ct10,CTA5F79H0D,3,0,0,1,0,63.0,69.0
2026-09-02,a13-ct16,CTKOYXP1K6,3,0,0,1,0,64.1,70.1
2026-09-02,a14-ct10,CT5LYCTFEB,3,0,0,1,0,59.7,65.7
2026-09-02,a17-ct14,CTD4JR85BR,2,0,0,1,0,62.6,68.6
2026-09-02,a19-ct05,CTMAVMDG7F,0,0,0,1,0,64.9,70.9
2026-09-02,a20-ct11,CTQ28KUSD4,3,0,0,1,0,62.1,68.1
2026-09-02,a20-ct14,CTO6KRG6G0,2,0,0,2,0,62.5,68.5
2026-09-02,a20-ct16,CTVEBPQGXU,3,0,0,1,0,64.3,70.3
2026-09-02,a25-ct05,CT8N8XP8LN,1,0,0,1,0,58.9,64.9
2026-09-02,a26-ct12,CTCO4IR2IN,1,0,0,1,0,59.5,65.5
2026-09-02,a27-ct01,CTCCFOZN1D,3,0,0,1,0,62.4,68.4
2026-09-02,a27-ct18,CTMET4A9VF,1,0,0,1,0,61.9,67.9
2026-09-02,a28-ct07,CTB42HH2X1,0,0,0,1,0,64.0,70.0
2026-09-02,a28-ct18,CTZTYTBMKD,1,0,0,1,0,63.3,69.3
2026-09-02,a30-ct09,CTBHFIUMZ3,0,0,0,1,0,61.4,67.4
2026-09-02,a30-ct15,CT29MTCDW5,2,0,0,1,0,64.4,70.4
2026-09-02,a31-ct07,CT0QYVS9HP,0,0,0,1,0,61.0,67.0
2026-09-02,a31-ct11,CTCSZAT677,0,0,0,1,1,63.9,69.9
2026-09-03,a02-ct12,CTAH4UU8N8,2,0,0,2,0,63.7,69.7
2026-09-03,a03-ct18,CTSTDJBVC7,2,0,0,1,0,65.1,71.1
2026-09-03,a09-ct06,CTX28AU6D7,1,0,0,1,0,59.7,65.7
2026-09-03,a11-ct11,CTNP61ONMM,0,0,0,1,0,62.5,68.5
2026-09-03,a11-ct16,CT50ZNYIRL,0,0,0,1,0,63.1,69.1
2026-09-03,a13-ct10,CTA5F79H0D,3,0,0,1,0,62.0,68.0
2026-09-03,a13-ct16,CTKOYXP1K6,3,0,0,1,0,61.7,67.7
2026-09-03,a14-ct10,CT5LYCTFEB,3,0,0,1,0,60.1,66.1
2026-09-03,a17-ct14,CTD4JR85BR,2,0,0,1,0,62.1,68.1
2026-09-03,a19-ct05,CTMAVMDG7F,0,0,0,1,0,65.1,71.1
2026-09-03,a20-ct11,CTQ28KUSD4,3,0,0,1,0,64.4,70.4
2026-09-03,a20-ct14,CTO6KRG6G0,2,0,0,2,0,65.4,71.4
2026-09-03,a20-ct16,CTVEBPQGXU,3,0,0,1,0,61.6,67.6
2026-09-03,a25-ct05,CT8N8XP8LN,1,0,0,1,0,63.6,69.6
2026-09-03,a26-ct12,CTCO4IR2IN,1,0,0,1,0,61.6,67.6
2026-09-03,a27-ct01,CTCCFOZN1D,3,0,0,1,0,61.5,67.5
2026-09-03,a27-ct18,CTMET4A9VF,1,0,0,1,0,64.7,70.7
2026-09-03,a28-ct07,CTB42HH2X1,0,0,0,1,0,60.8,66.8
2026-09-03,a28-ct18,CTZTYTBMKD,1,0,0,1,0,64.8,70.8
2026-09-03,a30-ct09,CTBHFIUMZ3,0,0,0,1,0,64.4,70.4
2026-09-03,a30-ct15,CT29MTCDW5,2,0,0,1,0,63.7,69.7
2026-09-03,a31-ct07,CT0QYVS9HP,0,0,0,1,0,64.6,70.6
2026-09-03,a31-ct11,CTCSZAT677,0,0,0,1,1,62.6,68.6
2026-09-04,a02-ct12,CTAH4UU8N8,2,0,0,2,0,63.0,69.0
2026-09-04,a03-ct18,CTSTDJBVC7,2,0,0,1,0,61.4,67.4
2026-09-04,a09-ct06,CTX28AU6D7,1,0,0,1,0,62.4,68.4
2026-09-04,a11-ct11,CTNP61ONMM,0,0,0,1,0,63.1,69.1
2026-09-04,a11-ct16,CT50ZNYIRL,0,0,0,1,0,60.0,66.0
2026-09-04,a13-ct10,CTA5F79H0D,3,0,0,1,0,61.0,67.0
2026-09-04,a13-ct16,CTKOYXP1K6,3,0,0,1,0,62.9,68.9
2026-09-04,a14-ct10,CT5LYCTFEB,3,0,0,1,0,64.6,70.6
2026-09-04,a17-ct14,CTD4JR85BR,2,0,0,1,0,60.4,66.4
2026-09-04,a19-ct05,CTMAVMDG7F,0,0,0,1,0,62.8,68.8
2026-09-04,a20-ct11,CTQ28KUSD4,3,0,0,1,0,62.9,68.9
2026-09-04,a20-ct14,CTO6KRG6G0,2,0,0,2,0,63.0,69.0
2026-09-04,a20-ct16,CTVEBPQGXU,3,0,0,1,0,60.9,66.9
2026-09-04,a22-ct07,CTR9IUS5X3,0,0,1,1,1,62.6,68.6
2026-09-04,a25-ct05,CT8N8XP8LN,1,0,0,1,0,61.7,67.7
2026-09-04,a26-ct12,CTCO4IR2IN,1,0,0,1,0,62.5,68.5
2026-09-04,a27-ct01,CTCCFOZN1D,3,0,0,1,0,62.3,68.3
2026-09-04,a27-ct18,CTMET4A9VF,1,0,0,1,0,61.5,67.5
2026-09-04,a28-ct07,CTB42HH2X1,0,0,0,1,0,63.1,69.1
2026-09-04,a28-ct18,CTZTYTBMKD,1,0,0,1,0,62.4,68.4
2026-09-04,a30-ct09,CTBHFIUMZ3,0,0,0,1,0,62.7,68.7
2026-09-04,a30-ct15,CT29MTCDW5,2,0,0,1,0,61.4,67.4
2026-09-04,a31-ct07,CT0QYVS9HP,0,0,0,1,0,60.8,66.8
2026-09-04,a31-ct11,CTCSZAT677,0,0,0,1,1,64.1,70.1
2026-09-05,a01-ct01,CTESS4DIVU,2,807,0,0,0,59.9,65.9
2026-09-05,a02-ct12,CTAH4UU8N8,2,0,0,2,0,60.9,66.9
2026-09-05,a03-ct18,CTSTDJBVC7,2,0,0,1,0,62.8,68.8
2026-09-05,a09-ct06,CTX28AU6D7,1,0,0,1,0,63.6,69.6
2026-09-05,a11-ct11,CTNP61ONMM,0,0,0,1,0,62.3,68.3
2026-09-05,a11-ct16,CT50ZNYIRL,0,0,0,1,0,62.7,68.7
2026-09-05,a13-ct10,CTA5F79H0D,3,0,0,1,0,61.0,67.0
2026-09-05,a13-ct16,CTKOYXP1K6,3,0,0,1,0,62.2,68.2
2026-09-05,a14-ct10,CT5LYCTFEB,3,0,0,1,0,63.0,69.0
2026-09-05,a17-ct14,CTD4JR85BR,2,0,0,1,0,62.3,68.3
2026-09-05,a19-ct05,CTMAVMDG7F,0,0,0,1,0,62.0,68.0
2026-09-05,a20-ct11,CTQ28KUSD4,3,0,0,1,0,62.9,68.9
2026-09-05,a20-ct14,CTO6KRG6G0,2,0,0,2,0,62.5,68.5
2026-09-05,a20-ct16,CTVEBPQGXU,3,0,0,1,0,63.7,69.7
2026-09-05,a22-ct07,CTR9IUS5X3,0,0,0,1,1,62.2,68.2
2026-09-05,a25-ct05,CT8N8XP8LN,1,0,0,1,0,64.8,70.8
2026-09-05,a26-ct12,CTCO4IR2IN,1,0,0,1,0,62.5,68.5
2026-09-05,a27-ct01,CTCCFOZN1D,3,0,0,1,0,63.9,69.9
2026-09-05,a27-ct18,CTMET4A9VF,1,0,0,1,0,61.5,67.5
2026-09-05,a28-ct07,CTB42HH2X1,0,0,0,1,0,63.1,69.1
2026-09-05,a28-ct18,CTZTYTBMKD,1,0,0,1,0,63.7,69.7
2026-09-05,a30-ct09,CTBHFIUMZ3,0,0,0,1,0,62.3,68.3
2026-09-05,a30-ct15,CT29MTCDW5,2,0,0,1,0,61.2,67.2
2026-09-05,a31-ct07,CT0QYVS9HP,0,0,0,1,0,64.5,70.5
2026-09-05,a31-ct11,CTCSZAT677,0,0,0,1,1,63.2,69.2
2026-09-05,b01-ct01,CT0WP8RL4M,1,0,0,2,0,65.4,71.4
2026-09-05,b01-ct04,CT1QDA0AA5,3,0,0,1,0,65.3,71.3
2026-09-05,b01-ct05,CTR1U0Q54U,2,0,0,1,0,67.1,73.1
2026-09-05,b01-ct15,CT8XERKME7,2,0,0,1,0,64.1,70.1
2026-09-06,a02-ct12,CTAH4UU8N8,2,0,0,2,0,63.0,69.0
2026-09-06,a03-ct18,CTSTDJBVC7,2,0,0,1,0,62.3,68.3
2026-09-06,a09-ct06,CTX28AU6D7,1,0,0,1,0,62.6,68.6
2026-09-06,a11-ct11,CTNP61ONMM,0,0,0,1,0,65.8,71.8
2026-09-06,a11-ct16,CT50ZNYIRL,0,0,0,1,0,63.2,69.2
2026-09-06,a13-ct10,CTA5F79H0D,3,0,0,1,0,62.8,68.8
2026-09-06,a13-ct16,CTKOYXP1K6,3,0,0,1,0,60.1,66.1
2026-09-06,a14-ct10,CT5LYCTFEB,3,0,0,1,0,63.8,69.8
2026-09-06,a17-ct14,CTD4JR85BR,2,0,0,1,0,63.4,69.4
2026-09-06,a19-ct05,CTMAVMDG7F,0,0,0,1,0,61.6,67.6
2026-09-06,a20-ct11,CTQ28KUSD4,3,0,0,1,0,63.0,69.0
2026-09-06,a20-ct14,CTO6KRG6G0,2,0,0,2,0,61.4,67.4
2026-09-06,a20-ct16,CTVEBPQGXU,3,0,0,1,0,61.0,67.0
2026-09-06,a22-ct07,CTR9IUS5X3,0,0,0,1,1,59.7,65.7
2026-09-06,a25-ct05,CT8N8XP8LN,1,0,0,1,0,61.8,67.8
2026-09-06,a26-ct12,CTCO4IR2IN,1,0,0,1,0,63.1,69.1
2026-09-06,a27-ct01,CTCCFOZN1D,3,0,0,1,0,63.2,69.2
2026-09-06,a27-ct18,CTMET4A9VF,1,0,0,1,0,61.9,67.9
2026-09-06,a28-ct07,CTB42HH2X1,0,0,0,1,0,62.3,68.3
2026-09-06,a28-ct18,CTZTYTBMKD,1,0,0,1,0,62.3,68.3
2026-09-06,a30-ct09,CTBHFIUMZ3,0,0,0,1,0,63.3,69.3
2026-09-06,a30-ct15,CT29MTCDW5,2,0,0,1,0,62.8,68.8
2026-09-06,a31-ct07,CT0QYVS9HP,0,0,0,1,0,62.9,68.9
2026-09-06,a31-ct11,CTCSZAT677,0,0,0,1,1,61.2,67.2
2026-09-06,b01-ct01,CT0WP8RL4M,1,0,0,2,0,65.1,71.1
2026-09-06,b01-ct04,CT1QDA0AA5,3,0,0,1,0,64.0,70.0
2026-09-06,b01-ct05,CTR1U0Q54U,2,0,0,1,0,65.2,71.2
2026-09-06,b01-ct15,CT8XERKME7,2,0,0,1,0,65.2,71.2
2026-09-07,a02-ct12,CTAH4UU8N8,2,0,0,2,0,63.3,69.3
2026-09-07,a03-ct18,CTSTDJBVC7,2,0,0,1,0,60.8,66.8
2026-09-07,a09-ct06,CTX28AU6D7,1,0,0,1,0,64.1,70.1
2026-09-07,a11-ct11,CTNP61ONMM,0,0,0,1,0,62.4,68.4
2026-09-07,a11-ct16,CT50ZNYIRL,0,0,0,1,0,64.4,70.4
2026-09-07,a13-ct10,CTA5F79H0D,3,0,0,1,0,63.5,69.5
2026-09-07,a13-ct16,CTKOYXP1K6,3,0,0,1,0,64.7,70.7
2026-09-07,a14-ct10,CT5LYCTFEB,3,0,0,1,0,64.1,70.1
2026-09-07,a17-ct14,CTD4JR85BR,2,0,0,1,0,62.1,68.1
2026-09-07,a19-ct05,CTMAVMDG7F,0,0,0,1,0,63.8,69.8
2026-09-07,a20-ct11,CTQ28KUSD4,3,0,0,1,0,61.7,67.7
2026-09-07,a20-ct14,CTO6KRG6G0,2,0,0,2,0,62.6,68.6
2026-09-07,a20-ct16,CTVEBPQGXU,3,0,0,1,0,61.8,67.8
2026-09-07,a22-ct07,CTR9IUS5X3,0,0,1,2,0,60.3,66.3
2026-09-07,a25-ct05,CT8N8XP8LN,1,0,0,1,0,61.5,67.5
2026-09-07,a26-ct12,CTCO4IR2IN,1,0,0,1,0,62.7,68.7
2026-09-07,a27-ct01,CTCCFOZN1D,3,0,0,1,0,61.4,67.4
2026-09-07,a27-ct18,CTMET4A9VF,1,0,0,1,0,60.6,66.6
2026-09-07,a28-ct07,CTB42HH2X1,0,0,0,1,0,63.6,69.6
2026-09-07,a28-ct18,CTZTYTBMKD,1,0,0,1,0,62.6,68.6
2026-09-07,a30-ct09,CTBHFIUMZ3,0,0,0,1,0,60.8,66.8
2026-09-07,a30-ct15,CT29MTCDW5,2,0,0,1,0,63.8,69.8
2026-09-07,a31-ct07,CT0QYVS9HP,0,0,0,1,0,61.4,67.4
2026-09-07,a31-ct11,CTCSZAT677,0,0,0,1,1,66.1,72.1
2026-09-07,b01-ct01,CT0WP8RL4M,1,0,0,2,0,68.8,74.8
2026-09-07,b01-ct04,CT1QDA0AA5,3,0,0,1,0,65.4,71.4
2026-09-07,b01-ct05,CTR1U0Q54U,2,0,0,1,0,65.8,71.8
2026-09-07,b01-ct15,CT8XERKME7,2,0,0,1,0,65.7,71.7
2026-09-08,a02-ct12,CTAH4UU8N8,2,0,0,2,0,61.5,67.5
2026-09-08,a03-ct18,CTSTDJBVC7,2,0,0,1,0,62.1,68.1
2026-09-08,a09-ct06,CTX28AU6D7,1,0,0,1,0,62.6,68.6
2026-09-08,a11-ct11,CTNP61ONMM,0,0,0,1,0,62.4,68.4
2026-09-08,a11-ct16,CT50ZNYIRL,0,0,0,1,0,59.6,65.6
2026-09-08,a13-ct10,CTA5F79H0D,3,0,0,1,0,60.3,66.3
2026-09-08,a13-ct16,CTKOYXP1K6,3,0,0,1,0,61.9,67.9
2026-09-08,a14-ct10,CT5LYCTFEB,3,0,0,1,0,60.9,66.9
2026-09-08,a17-ct14,CTD4JR85BR,2,0,0,1,0,60.8,66.8
2026-09-08,a19-ct05,CTMAVMDG7F,0,0,0,1,0,62.0,68.0
2026-09-08,a20-ct11,CTQ28KUSD4,3,0,0,1,0,62.0,68.0
2026-09-08,a20-ct14,CTO6KRG6G0,2,0,0,2,0,62.9,68.9
2026-09-08,a20-ct16,CTVEBPQGXU,3,0,0,1,0,65.5,71.5
2026-09-08,a25-ct05,CT8N8XP8LN,1,0,0,1,0,62.5,68.5
2026-09-08,a26-ct12,CTCO4IR2IN,1,0,0,1,0,64.1,70.1
2026-09-08,a27-ct01,CTCCFOZN1D,3,0,0,1,0,63.8,69.8
2026-09-08,a27-ct18,CTMET4A9VF,1,0,0,1,0,62.9,68.9
2026-09-08,a28-ct07,CTB42HH2X1,0,0,0,1,0,61.5,67.5
2026-09-08,a28-ct18,CTZTYTBMKD,1,0,0,1,0,64.1,70.1
2026-09-08,a30-ct09,CTBHFIUMZ3,0,0,0,1,0,62.3,68.3
2026-09-08,a30-ct15,CT29MTCDW5,2,0,0,1,0,62.2,68.2
2026-09-08,a31-ct07,CT0QYVS9HP,0,0,0,1,0,64.4,70.4
2026-09-08,a31-ct11,CTCSZAT677,0,0,0,1,1,63.3,69.3
2026-09-08,b01-ct01,CT0WP8RL4M,1,0,0,2,0,64.6,70.6
2026-09-08,b01-ct04,CT1QDA0AA5,3,0,0,1,0,67.4,73.4
2026-09-08,b01-ct05,CTR1U0Q54U,2,0,0,1,0,64.5,70.5
2026-09-08,b01-ct15,CT8XERKME7,2,0,0,1,0,65.1,71.1
2026-09-09,a02-ct12,CTAH4UU8N8,2,0,0,2,0,63.4,69.4
2026-09-09,a03-ct18,CTSTDJBVC7,2,0,0,1,0,65.5,71.5
2026-09-09,a09-ct06,CTX28AU6D7,1,0,0,1,0,62.0,68.0
2026-09-09,a11-ct11,CTNP61ONMM,0,0,0,1,0,64.4,70.4
2026-09-09,a11-ct16,CT50ZNYIRL,0,0,0,1,0,63.0,69.0
2026-09-09,a13-ct10,CTA5F79H0D,3,0,0,1,0,61.7,67.7
2026-09-09,a13-ct16,CTKOYXP1K6,3,0,0,1,0,63.7,69.7
2026-09-09,a14-ct10,CT5LYCTFEB,3,0,0,1,0,62.5,68.5
2026-09-09,a17-ct14,CTD4JR85BR,2,0,0,1,0,63.6,69.6
2026-09-09,a19-ct05,CTMAVMDG7F,0,0,0,1,0,62.1,68.1
2026-09-09,a20-ct11,CTQ28KUSD4,3,0,0,1,0,61.2,67.2
2026-09-09,a20-ct14,CTO6KRG6G0,2,0,0,2,0,63.2,69.2
2026-09-09,a20-ct16,CTVEBPQGXU,3,0,0,1,0,61.2,67.2
2026-09-09,a25-ct05,CT8N8XP8LN,1,0,0,1,0,65.5,71.5
2026-09-09,a26-ct12,CTCO4IR2IN,1,0,0,1,0,61.4,67.4
2026-09-09,a27-ct01,CTCCFOZN1D,3,0,0,1,0,60.2,66.2
2026-09-09,a27-ct18,CTMET4A9VF,1,0,0,1,0,62.5,68.5
2026-09-09,a28-ct07,CTB42HH2X1,0,0,0,1,0,61.1,67.1
2026-09-09,a28-ct18,CTZTYTBMKD,1,0,0,1,0,65.2,71.2
2026-09-09,a30-ct09,CTBHFIUMZ3,0,0,0,1,0,62.2,68.2
2026-09-09,a30-ct15,CT29MTCDW5,2,0,0,1,0,63.5,69.5
2026-09-09,a31-ct07,CT0QYVS9HP,0,0,0,1,0,64.5,70.5
2026-09-09,a31-ct11,CTCSZAT677,0,0,0,1,1,63.4,69.4
2026-09-09,b01-ct01,CT0WP8RL4M,1,0,0,2,0,65.0,71.0
2026-09-09,b01-ct04,CT1QDA0AA5,3,0,0,1,0,65.7,71.7
2026-09-09,b01-ct05,CTR1U0Q54U,2,0,0,1,0,65.0,71.0
2026-09-09,b01-ct15,CT8XERKME7,2,0,0,1,0,64.1,70.1
2026-09-10,a02-ct12,CTAH4UU8N8,2,0,0,2,0,63.0,69.0
2026-09-10,a03-ct18,CTSTDJBVC7,2,0,0,1,0,63.5,69.5
2026-09-10,a09-ct06,CTX28AU6D7,1,0,0,1,0,61.7,67.7
2026-09-10,a11-ct11,CTNP61ONMM,0,0,0,1,0,60.7,66.7
2026-09-10,a11-ct16,CT50ZNYIRL,0,0,0,1,0,62.5,68.5
2026-09-10,a13-ct10,CTA5F79H0D,3,0,0,1,0,61.7,67.7
2026-09-10,a13-ct16,CTKOYXP1K6,3,0,0,1,0,59.9,65.9
2026-09-10,a14-ct10,CT5LYCTFEB,3,0,0,1,0,61.5,67.5
2026-09-10,a15-ct07,CTB8P6H4LC,3,0,1,1,0,64.5,70.5
2026-09-10,a17-ct14,CTD4JR85BR,2,0,0,1,0,63.2,69.2
2026-09-10,a19-ct05,CTMAVMDG7F,0,0,0,1,0,65.0,71.0
2026-09-10,a20-ct11,CTQ28KUSD4,3,0,0,1,0,59.0,65.0
2026-09-10,a20-ct14,CTO6KRG6G0,2,0,0,2,0,61.0,67.0
2026-09-10,a20-ct16,CTVEBPQGXU,3,0,0,1,0,62.0,68.0
2026-09-10,a25-ct05,CT8N8XP8LN,1,0,0,1,0,61.4,67.4
2026-09-10,a26-ct12,CTCO4IR2IN,1,0,0,1,0,61.6,67.6
2026-09-10,a27-ct01,CTCCFOZN1D,3,0,0,1,0,61.8,67.8
2026-09-10,a27-ct18,CTMET4A9VF,1,0,0,1,0,63.7,69.7
2026-09-10,a28-ct07,CTB42HH2X1,0,0,0,1,0,63.4,69.4
2026-09-10,a28-ct18,CTZTYTBMKD,1,0,0,1,0,61.6,67.6
2026-09-10,a30-ct09,CTBHFIUMZ3,0,0,0,1,0,62.8,68.8
2026-09-10,a30-ct15,CT29MTCDW5,2,0,0,1,0,62.9,68.9
2026-09-10,a31-ct07,CT0QYVS9HP,0,0,0,1,0,63.0,69.0
2026-09-10,a31-ct11,CTCSZAT677,0,0,0,1,1,62.3,68.3
2026-09-10,b01-ct01,CT0WP8RL4M,1,0,0,2,0,66.4,72.4
2026-09-10,b01-ct04,CT1QDA0AA5,3,0,0,1,0,66.8,72.8
2026-09-10,b01-ct05,CTR1U0Q54U,2,0,0,1,0,67.5,73.5
2026-09-10,b01-ct15,CT8XERKME7,2,0,0,1,0,63.6,69.6
2026-09-11,a02-ct12,CTAH4UU8N8,2,0,0,2,0,59.4,65.4
2026-09-11,a03-ct18,CTSTDJBVC7,2,0,0,1,0,64.0,70.0
2026-09-11,a09-ct06,CTX28AU6D7,1,0,0,1,0,61.0,67.0
2026-09-11,a11-ct11,CTNP61ONMM,0,0,0,1,0,62.0,68.0
2026-09-11,a11-ct16,CT50ZNYIRL,0,0,0,1,0,62.9,68.9
2026-09-11,a13-ct10,CTA5F79H0D,3,0,0,1,0,64.0,70.0
2026-09-11,a13-ct16,CTKOYXP1K6,3,0,0,1,0,63.4,69.4
2026-09-11,a14-ct10,CT5LYCTFEB,3,0,0,1,0,60.7,66.7
2026-09-11,a15-ct07,CTB8P6H4LC,3,0,0,1,0,65.3,71.3
2026-09-11,a17-ct14,CTD4JR85BR,2,0,0,1,0,64.3,70.3
2026-09-11,a19-ct05,CTMAVMDG7F,0,0,0,1,0,63.9,69.9
2026-09-11,a20-ct11,CTQ28KUSD4,3,0,0,1,0,61.2,67.2
2026-09-11,a20-ct14,CTO6KRG6G0,2,0,0,2,0,61.9,67.9
2026-09-11,a20-ct16,CTVEBPQGXU,3,0,0,1,0,66.4,72.4
2026-09-11,a25-ct05,CT8N8XP8LN,1,0,0,1,0,67.5,73.5
2026-09-11,a26-ct12,CTCO4IR2IN,1,0,0,1,0,62.4,68.4
2026-09-11,a27-ct01,CTCCFOZN1D,3,0,0,1,0,66.4,72.4
2026-09-11,a27-ct18,CTMET4A9VF,1,0,0,1,0,61.2,67.2
2026-09-11,a28-ct07,CTB42HH2X1,0,0,0,1,0,64.3,70.3
2026-09-11,a28-ct18,CTZTYTBMKD,1,0,0,1,0,60.3,66.3
2026-09-11,a30-ct09,CTBHFIUMZ3,0,0,0,1,0,63.6,69.6
2026-09-11,a30-ct15,CT29MTCDW5,2,0,0,1,0,62.2,68.2
2026-09-11,a31-ct07,CT0QYVS9HP,0,0,0,1,0,65.4,71.4
2026-09-11,a31-ct11,CTCSZAT677,0,0,0,1,1,62.4,68.4
2026-09-11,b01-ct01,CT0WP8RL4M,1,0,0,2,0,65.4,71.4
2026-09-11,b01-ct04,CT1QDA0AA5,3,0,0,1,0,65.7,71.7
2026-09-11,b01-ct05,CTR1U0Q54U,2,0,0,1,0,64.0,70.0
2026-09-11,b01-ct15,CT8XERKME7,2,0,0,1,0,66.7,72.7
2026-09-12,a02-ct12,CTAH4UU8N8,2,0,0,2,0,64.5,70.5
2026-09-12,a03-ct18,CTSTDJBVC7,2,0,0,1,0,63.3,69.3
2026-09-12,a09-ct06,CTX28AU6D7,1,0,0,1,0,64.4,70.4
2026-09-12,a11-ct11,CTNP61ONMM,0,0,0,1,0,62.5,68.5
2026-09-12,a11-ct16,CT50ZNYIRL,0,0,0,1,0,62.6,68.6
2026-09-12,a13-ct10,CTA5F79H0D,3,0,0,1,0,65.3,71.3
2026-09-12,a13-ct16,CTKOYXP1K6,3,0,0,1,0,62.0,68.0
2026-09-12,a14-ct10,CT5LYCTFEB,3,0,0,1,0,61.7,67.7
2026-09-12,a15-ct07,CTB8P6H4LC,3,0,0,1,0,64.9,70.9
2026-09-12,a17-ct14,CTD4JR85BR,2,0,0,1,0,63.1,69.1
2026-09-12,a19-ct05,CTMAVMDG7F,0,0,0,1,0,64.1,70.1
2026-09-12,a20-ct11,CTQ28KUSD4,3,0,0,1,0,63.4,69.4
2026-09-12,a20-ct14,CTO6KRG6G0,2,0,0,2,0,62.4,68.4
2026-09-12,a20-ct16,CTVEBPQGXU,3,0,0,1,0,62.4,68.4
2026-09-12,a25-ct05,CT8N8XP8LN,1,0,0,1,0,60.6,66.6
2026-09-12,a26-ct12,CTCO4IR2IN,1,0,0,1,0,63.6,69.6
2026-09-12,a27-ct01,CTCCFOZN1D,3,0,0,1,0,59.1,65.1
2026-09-12,a27-ct18,CTMET4A9VF,1,0,0,1,0,59.4,65.4
2026-09-12,a28-ct07,CTB42HH2X1,0,0,0,1,0,60.4,66.4
2026-09-12,a28-ct18,CTZTYTBMKD,1,0,0,1,0,61.0,67.0
2026-09-12,a30-ct09,CTBHFIUMZ3,0,0,0,1,0,61.5,67.5
2026-09-12,a30-ct15,CT29MTCDW5,2,0,0,1,0,62.2,68.2
2026-09-12,a31-ct07,CT0QYVS9HP,0,0,0,1,0,62.8,68.8
2026-09-12,a31-ct11,CTCSZAT677,0,0,0,1,1,61.3,67.3
2026-09-12,b01-ct01,CT0WP8RL4M,1,0,0,2,0,66.0,72.0
2026-09-12,b01-ct04,CT1QDA0AA5,3,0,0,1,0,65.9,71.9
2026-09-12,b01-ct05,CTR1U0Q54U,2,0,0,1,0,64.5,70.5
2026-09-12,b01-ct15,CT8XERKME7,2,0,0,1,0,64.4,70.4
2026-09-13,a02-ct12,CTAH4UU8N8,2,0,0,2,0,60.7,66.7
2026-09-13,a03-ct18,CTSTDJBVC7,2,0,0,1,0,62.2,68.2
2026-09-13,a05-ct15,CTYCX5H7TS,1,0,1,1,0,59.9,65.9
2026-09-13,a09-ct06,CTX28AU6D7,1,0,0,1,0,62.4,68.4
2026-09-13,a11-ct11,CTNP61ONMM,0,0,0,1,0,62.4,68.4
2026-09-13,a11-ct16,CT50ZNYIRL,0,0,0,1,0,64.1,70.1
2026-09-13,a13-ct10,CTA5F79H0D,3,225,0,1,0,61.9,67.9
2026-09-13,a13-ct16,CTKOYXP1K6,3,0,0,1,0,61.1,67.1
2026-09-13,a14-ct10,CT5LYCTFEB,3,0,0,1,0,63.3,69.3
2026-09-13,a15-ct07,CTB8P6H4LC,3,0,0,1,0,63.7,69.7
2026-09-13,a17-ct14,CTD4JR85BR,2,0,0,1,0,63.1,69.1
2026-09-13,a19-ct05,CTMAVMDG7F,0,0,0,1,0,63.3,69.3
2026-09-13,a20-ct11,CTQ28KUSD4,3,0,0,1,0,62.8,68.8
2026-09-13,a20-ct14,CTO6KRG6G0,2,0,0,2,0,62.7,68.7
2026-09-13,a20-ct16,CTVEBPQGXU,3,0,0,1,0,64.7,70.7
2026-09-13,a25-ct05,CT8N8XP8LN,1,0,0,1,0,60.7,66.7
2026-09-13,a26-ct12,CTCO4IR2IN,1,0,0,1,0,60.8,66.8
2026-09-13,a27-ct01,CTCCFOZN1D,3,0,0,1,0,59.8,65.8
2026-09-13,a27-ct18,CTMET4A9VF,1,0,0,1,0,60.8,66.8
2026-09-13,a28-ct07,CTB42HH2X1,0,0,0,1,0,61.1,67.1
2026-09-13,a28-ct18,CTZTYTBMKD,1,0,0,1,0,60.8,66.8
2026-09-13,a30-ct09,CTBHFIUMZ3,0,0,0,1,0,62.3,68.3
2026-09-13,a30-ct15,CT29MTCDW5,2,0,0,1,0,63.1,69.1
2026-09-13,a31-ct07,CT0QYVS9HP,0,0,0,1,0,59.5,65.5
2026-09-13,a31-ct11,CTCSZAT677,0,0,0,1,1,61.0,67.0
2026-09-13,b01-ct01,CT0WP8RL4M,1,0,0,2,0,68.5,74.5
2026-09-13,b01-ct04,CT1QDA0AA5,3,0,0,1,0,62.5,68.5
2026-09-13,b01-ct05,CTR1U0Q54U,2,0,0,1,0,66.3,72.3
2026-09-13,b01-ct15,CT8XERKME7,2,0,0,1,0,64.7,70.7
2026-09-13,b07-ct06,CTCZURZTRO,1,0,0,1,0,68.1,74.1
2026-09-13,b07-ct09,CTSJRAB2JO,0,0,0,1,0,64.3,70.3
2026-09-14,a02-ct08,CT576O98I3,3,571,0,0,0,65.2,71.2
2026-09-14,a02-ct12,CTAH4UU8N8,2,0,0,2,0,61.9,67.9
2026-09-14,a03-ct18,CTSTDJBVC7,2,0,0,1,0,61.1,67.1
2026-09-14,a05-ct15,CTYCX5H7TS,1,0,0,1,0,62.5,68.5
2026-09-14,a09-ct06,CTX28AU6D7,1,0,0,1,0,62.3,68.3
2026-09-14,a11-ct11,CTNP61ONMM,0,0,0,1,0,63.3,69.3
2026-09-14,a11-ct16,CT50ZNYIRL,0,0,0,1,0,61.8,67.8
2026-09-14,a13-ct10,CTA5F79H0D,3,442,0,2,0,61.8,67.8
2026-09-14,a13-ct16,CTKOYXP1K6,3,0,0,1,0,62.0,68.0
2026-09-14,a14-ct10,CT5LYCTFEB,3,0,0,1,0,63.0,69.0
2026-09-14,a15-ct07,CTB8P6H4LC,3,0,0,1,0,61.4,67.4
2026-09-14,a17-ct14,CTD4JR85BR,2,0,0,1,0,63.5,69.5
2026-09-14,a19-ct05,CTMAVMDG7F,0,0,0,1,0,63.2,69.2
2026-09-14,a20-ct11,CTQ28KUSD4,3,0,0,1,0,65.3,71.3
2026-09-14,a20-ct14,CTO6KRG6G0,2,0,0,2,0,61.8,67.8
2026-09-14,a20-ct16,CTVEBPQGXU,3,0,0,1,0,62.1,68.1
2026-09-14,a25-ct05,CT8N8XP8LN,1,0,0,1,0,64.0,70.0
2026-09-14,a26-ct12,CTCO4IR2IN,1,0,0,1,0,62.3,68.3
2026-09-14,a27-ct01,CTCCFOZN1D,3,0,0,1,0,62.9,68.9
2026-09-14,a27-ct18,CTMET4A9VF,1,0,0,1,0,59.9,65.9
2026-09-14,a28-ct07,CTB42HH2X1,0,0,0,1,0,63.0,69.0
2026-09-14,a28-ct18,CTZTYTBMKD,1,0,0,1,0,61.2,67.2
2026-09-14,a30-ct09,CTBHFIUMZ3,0,0,0,1,0,62.3,68.3
2026-09-14,a30-ct15,CT29MTCDW5,2,0,0,1,0,62.2,68.2
2026-09-14,a31-ct07,CT0QYVS9HP,0,0,0,1,0,62.5,68.5
2026-09-14,a31-ct11,CTCSZAT677,0,0,0,1,1,63.2,69.2
2026-09-14,b01-ct01,CT0WP8RL4M,1,0,0,2,0,63.6,69.6
2026-09-14,b01-ct04,CT1QDA0AA5,3,0,0,1,0,64.7,70.7
2026-09-14,b01-ct05,CTR1U0Q54U,2,0,0,1,0,63.7,69.7
2026-09-14,b01-ct15,CT8XERKME7,2,0,0,1,0,65.5,71.5
2026-09-14,b07-ct06,CTCZURZTRO,1,0,0,1,0,64.3,70.3
2026-09-14,b07-ct09,CTSJRAB2JO,0,0,0,1,0,66.5,72.5
2026-09-15,a02-ct12,CTAH4UU8N8,2,0,0,2,0,62.2,68.2
2026-09-15,a03-ct18,CTSTDJBVC7,2,0,0,1,0,62.5,68.5
2026-09-15,a05-ct15,CTYCX5H7TS,1,0,0,1,0,61.9,67.9
2026-09-15,a09-ct06,CTX28AU6D7,1,0,0,1,0,62.1,68.1
2026-09-15,a11-ct11,CTNP61ONMM,0,0,0,1,0,63.1,69.1
2026-09-15,a11-ct16,CT50ZNYIRL,0,0,0,1,0,63.9,69.9
2026-09-15,a13-ct10,CTA5F79H0D,3,848,0,2,0,62.4,68.4
2026-09-15,a13-ct16,CTKOYXP1K6,3,0,0,1,0,62.2,68.2
2026-09-15,a14-ct10,CT5LYCTFEB,3,0,0,1,0,60.4,66.4
2026-09-15,a15-ct07,CTB8P6H4LC,3,0,0,1,0,63.4,69.4
2026-09-15,a17-ct14,CTD4JR85BR,2,0,0,1,0,64.0,70.0
2026-09-15,a19-ct05,CTMAVMDG7F,0,0,0,1,0,65.5,71.5
2026-09-15,a20-ct11,CTQ28KUSD4,3,0,0,1,0,61.7,67.7
2026-09-15,a20-ct14,CTO6KRG6G0,2,0,0,2,0,61.6,67.6
2026-09-15,a20-ct16,CTVEBPQGXU,3,0,0,1,0,63.3,69.3
2026-09-15,a25-ct05,CT8N8XP8LN,1,0,0,1,0,61.3,67.3
2026-09-15,a26-ct12,CTCO4IR2IN,1,0,0,1,0,63.3,69.3
2026-09-15,a27-ct01,CTCCFOZN1D,3,0,0,1,0,62.5,68.5
2026-09-15,a27-ct18,CTMET4A9VF,1,0,0,1,0,61.5,67.5
2026-09-15,a28-ct07,CTB42HH2X1,0,0,0,1,0,61.3,67.3
2026-09-15,a28-ct18,CTZTYTBMKD,1,0,0,1,0,63.1,69.1
2026-09-15,a30-ct09,CTBHFIUMZ3,0,0,0,1,0,63.6,69.6
2026-09-15,a30-ct15,CT29MTCDW5,2,0,0,1,0,60.4,66.4
2026-09-15,a31-ct07,CT0QYVS9HP,0,0,0,1,0,61.1,67.1
2026-09-15,a31-ct11,CTCSZAT677,0,0,0,1,1,66.4,72.4
2026-09-15,b01-ct01,CT0WP8RL4M,1,0,0,2,0,66.7,72.7
2026-09-15,b01-ct04,CT1QDA0AA5,3,0,0,1,0,63.0,69.0
2026-09-15,b01-ct05,CTR1U0Q54U,2,0,0,1,0,64.0,70.0
2026-09-15,b01-ct15,CT8XERKME7,2,0,0,1,0,67.0,73.0
2026-09-15,b07-ct06,CTCZURZTRO,1,0,0,1,0,65.8,71.8
2026-09-15,b07-ct09,CTSJRAB2JO,0,0,0,1,0,66.0,72.0
2026-09-15,b09-ct07,CTED6LHL1S,3,0,0,1,0,64.7,70.7
2026-09-15,b09-ct08,CT5Q0QCZS7,2,0,0,1,0,65.7,71.7
2026-09-15,b09-ct11,CT5A9HUJS6,2,0,0,1,0,67.3,73.3
2026-09-16,a02-ct12,CTAH4UU8N8,2,0,0,2,0,62.2,68.2
2026-09-16,a03-ct18,CTSTDJBVC7,2,0,0,1,0,64.4,70.4
2026-09-16,a05-ct15,CTYCX5H7TS,1,0,0,1,0,61.4,67.4
2026-09-16,a09-ct06,CTX28AU6D7,1,0,0,1,0,61.5,67.5
2026-09-16,a11-ct11,CTNP61ONMM,0,0,0,1,0,63.1,69.1
2026-09-16,a11-ct16,CT50ZNYIRL,0,0,0,1,0,60.9,66.9
2026-09-16,a13-ct10,CTA5F79H0D,3,1743,0,2,0,63.2,69.2
2026-09-16,a13-ct16,CTKOYXP1K6,3,0,0,1,0,63.5,69.5
2026-09-16,a14-ct10,CT5LYCTFEB,3,0,0,1,0,63.4,69.4
2026-09-16,a15-ct07,CTB8P6H4LC,3,0,0,1,0,63.6,69.6
2026-09-16,a17-ct14,CTD4JR85BR,2,0,0,1,0,62.9,68.9
2026-09-16,a19-ct05,CTMAVMDG7F,0,0,0,1,0,61.2,67.2
2026-09-16,a20-ct11,CTQ28KUSD4,3,0,0,1,0,63.8,69.8
2026-09-16,a20-ct14,CTO6KRG6G0,2,0,0,2,0,64.0,70.0
2026-09-16,a20-ct16,CTVEBPQGXU,3,0,0,1,0,61.1,67.1
2026-09-16,a25-ct05,CT8N8XP8LN,1,0,0,1,0,63.4,69.4
2026-09-16,a26-ct12,CTCO4IR2IN,1,0,0,1,0,62.5,68.5
2026-09-16,a27-ct01,CTCCFOZN1D,3,0,0,1,0,63.7,69.7
2026-09-16,a27-ct18,CTMET4A9VF,1,0,0,1,0,60.3,66.3
2026-09-16,a28-ct07,CTB42HH2X1,0,0,0,1,0,61.4,67.4
2026-09-16,a28-ct18,CTZTYTBMKD,1,0,0,1,0,61.8,67.8
2026-09-16,a30-ct06,CTKX3ZU5J9,0,200,0,0,0,64.6,70.6
2026-09-16,a30-ct09,CTBHFIUMZ3,0,0,0,1,0,61.0,67.0
2026-09-16,a30-ct15,CT29MTCDW5,2,0,0,1,0,63.5,69.5
2026-09-16,a31-ct07,CT0QYVS9HP,0,0,0,1,0,65.7,71.7
2026-09-16,a31-ct11,CTCSZAT677,0,0,0,1,1,66.6,72.6
2026-09-16,b01-ct01,CT0WP8RL4M,1,0,0,2,0,64.3,70.3
2026-09-16,b01-ct04,CT1QDA0AA5,3,0,0,1,0,66.1,72.1
2026-09-16,b01-ct05,CTR1U0Q54U,2,0,0,1,0,66.4,72.4
2026-09-16,b01-ct15,CT8XERKME7,2,0,0,1,0,66.6,72.6
2026-09-16,b07-ct06,CTCZURZTRO,1,0,0,1,0,67.3,73.3
2026-09-16,b07-ct09,CTSJRAB2JO,0,0,0,1,0,65.1,71.1
2026-09-16,b09-ct07,CTED6LHL1S,3,0,0,1,0,68.2,74.2
2026-09-16,b09-ct08,CT5Q0QCZS7,2,0,0,1,0,64.6,70.6
2026-09-16,b09-ct11,CT5A9HUJS6,2,0,0,1,0,66.0,72.0
2026-09-17,a02-ct12,CTAH4UU8N8,2,0,0,2,0,62.3,68.3
2026-09-17,a03-ct18,CTSTDJBVC7,2,0,0,1,0,60.1,66.1
2026-09-17,a05-ct15,CTYCX5H7TS,1,0,0,1,0,61.5,67.5
2026-09-17,a09-ct06,CTX28AU6D7,1,0,0,1,0,62.8,68.8
2026-09-17,a11-ct11,CTNP61ONMM,0,0,0,1,0,61.1,67.1
2026-09-17,a11-ct16,CT50ZNYIRL,0,0,0,1,0,62.2,68.2
2026-09-17,a13-ct10,CTA5F79H0D,3,3481,0,2,0,64.4,70.4
2026-09-17,a13-ct16,CTKOYXP1K6,3,0,0,1,0,63.9,69.9
2026-09-17,a14-ct10,CT5LYCTFEB,3,0,0,1,0,64.5,70.5
2026-09-17,a15-ct07,CTB8P6H4LC,3,0,0,1,0,62.5,68.5
2026-09-17,a17-ct14,CTD4JR85BR,2,0,0,1,0,60.3,66.3
2026-09-17,a19-ct05,CTMAVMDG7F,0,0,0,1,0,61.8,67.8
2026-09-17,a20-ct11,CTQ28KUSD4,3,0,0,1,0,60.4,66.4
2026-09-17,a20-ct14,CTO6KRG6G0,2,0,0,2,0,60.9,66.9
2026-09-17,a20-ct16,CTVEBPQGXU,3,0,0,1,0,63.3,69.3
2026-09-17,a25-ct05,CT8N8XP8LN,1,0,0,1,0,63.8,69.8
2026-09-17,a26-ct12,CTCO4IR2IN,1,0,0,1,0,59.2,65.2
2026-09-17,a27-ct01,CTCCFOZN1D,3,0,0,1,0,64.6,70.6
2026-09-17,a27-ct18,CTMET4A9VF,1,0,0,1,0,65.2,71.2
2026-09-17,a28-ct07,CTB42HH2X1,0,0,0,1,0,62.6,68.6
2026-09-17,a28-ct18,CTZTYTBMKD,1,0,0,1,0,60.6,66.6
2026-09-17,a30-ct06,CTKX3ZU5J9,0,400,0,1,0,62.0,68.0
2026-09-17,a30-ct09,CTBHFIUMZ3,0,0,0,1,0,63.9,69.9
2026-09-17,a30-ct15,CT29MTCDW5,2,0,0,1,0,62.5,68.5
2026-09-17,a31-ct07,CT0QYVS9HP,0,0,0,1,0,62.1,68.1
2026-09-17,a31-ct11,CTCSZAT677,0,0,0,1,1,60.9,66.9
2026-09-17,b01-ct01,CT0WP8RL4M,1,0,0,2,0,65.8,71.8
2026-09-17,b01-ct04,CT1QDA0AA5,3,0,0,1,0,62.6,68.6
2026-09-17,b01-ct05,CTR1U0Q54U,2,0,0,1,0,66.6,72.6
2026-09-17,b01-ct15,CT8XERKME7,2,0,0,1,0,67.6,73.6
2026-09-17,b07-ct06,CTCZURZTRO,1,0,0,1,0,63.5,69.5
2026-09-17,b07-ct09,CTSJRAB2JO,0,0,0,1,0,65.8,71.8
2026-09-17,b09-ct07,CTED6LHL1S,3,0,0,1,0,66.1,72.1
2026-09-17,b09-ct08,CT5Q0QCZS7,2,0,0,1,0,65.1,71.1
2026-09-17,b09-ct11,CT5A9HUJS6,2,0,0,1,0,64.6,70.6
2026-09-18,a02-ct12,CTAH4UU8N8,2,0,0,2,0,62.4,68.4
2026-09-18,a03-ct18,CTSTDJBVC7,2,0,0,1,0,63.2,69.2
2026-09-18,a05-ct15,CTYCX5H7TS,1,0,0,1,0,62.6,68.6
2026-09-18,a09-ct06,CTX28AU6D7,1,0,0,1,0,59.7,65.7
2026-09-18,a11-ct11,CTNP61ONMM,0,0,0,1,0,63.9,69.9
2026-09-18,a11-ct16,CT50ZNYIRL,0,0,0,1,0,61.8,67.8
2026-09-18,a13-ct10,CTA5F79H0D,3,6449,0,2,0,62.3,68.3
2026-09-18,a13-ct16,CTKOYXP1K6,3,0,0,1,0,62.8,68.8
2026-09-18,a14-ct10,CT5LYCTFEB,3,0,0,1,0,59.9,65.9
2026-09-18,a15-ct07,CTB8P6H4LC,3,0,0,1,0,63.3,69.3
2026-09-18,a17-ct14,CTD4JR85BR,2,0,0,1,0,64.6,70.6
2026-09-18,a19-ct05,CTMAVMDG7F,0,0,0,1,0,62.5,68.5
2026-09-18,a20-ct11,CTQ28KUSD4,3,0,0,1,0,62.2,68.2
2026-09-18,a20-ct14,CTO6KRG6G0,2,0,0,2,0,61.9,67.9
2026-09-18,a20-ct16,CTVEBPQGXU,3,0,0,1,0,62.7,68.7
2026-09-18,a25-ct05,CT8N8XP8LN,1,0,0,1,0,63.5,69.5
2026-09-18,a26-ct12,CTCO4IR2IN,1,0,0,1,0,65.3,71.3
2026-09-18,a27-ct01,CTCCFOZN1D,3,0,0,1,0,60.3,66.3
2026-09-18,a27-ct18,CTMET4A9VF,1,0,0,1,0,62.3,68.3
2026-09-18,a28-ct07,CTB42HH2X1,0,0,0,1,0,59.7,65.7
2026-09-18,a28-ct18,CTZTYTBMKD,1,0,0,1,0,61.7,67.7
2026-09-18,a30-ct06,CTKX3ZU5J9,0,761,0,1,0,61.0,67.0
2026-09-18,a30-ct09,CTBHFIUMZ3,0,0,0,1,0,64.0,70.0
2026-09-18,a30-ct15,CT29MTCDW5,2,0,0,1,0,62.2,68.2
2026-09-18,a31-ct07,CT0QYVS9HP,0,0,0,1,0,64.8,70.8
2026-09-18,a31-ct11,CTCSZAT677,0,0,0,1,1,60.8,66.8
2026-09-18,b01-ct01,CT0WP8RL4M,1,0,0,2,0,63.2,69.2
2026-09-18,b01-ct04,CT1QDA0AA5,3,0,0,1,0,67.4,73.4
2026-09-18,b01-ct05,CTR1U0Q54U,2,0,0,1,0,63.2,69.2
2026-09-18,b01-ct15,CT8XERKME7,2,0,0,1,0,65.2,71.2
2026-09-18,b07-ct06,CTCZURZTRO,1,0,0,1,0,64.7,70.7
2026-09-18,b07-ct09,CTSJRAB2JO,0,0,0,1,0,66.3,72.3
2026-09-18,b09-ct07,CTED6LHL1S,3,0,0,1,0,65.9,71.9
2026-09-18,b09-ct08,CT5Q0QCZS7,2,0,0,1,0,67.1,73.1
2026-09-18,b09-ct11,CT5A9HUJS6,2,0,0,1,0,65.4,71.4
2026-09-19,a02-ct12,CTAH4UU8N8,2,0,0,2,0,62.6,68.6
2026-09-19,a03-ct18,CTSTDJBVC7,2,0,0,1,0,60.8,66.8
2026-09-19,a05-ct15,CTYCX5H7TS,1,0,0,1,0,65.2,71.2
2026-09-19,a09-ct06,CTX28AU6D7,1,0,0,1,0,64.4,70.4
2026-09-19,a11-ct11,CTNP61ONMM,0,0,0,1,0,61.4,67.4
2026-09-19,a11-ct16,CT50ZNYIRL,0,0,0,1,0,63.8,69.8
2026-09-19,a13-ct10,CTA5F79H0D,3,12253,0,2,0,63.6,69.6
2026-09-19,a13-ct16,CTKOYXP1K6,3,0,0,1,0,62.6,68.6
2026-09-19,a14-ct10,CT5LYCTFEB,3,0,0,1,0,60.2,66.2
2026-09-19,a15-ct07,CTB8P6H4LC,3,0,0,1,0,63.4,69.4
2026-09-19,a17-ct14,CTD4JR85BR,2,0,0,1,0,65.3,71.3
2026-09-19,a19-ct05,CTMAVMDG7F,0,0,0,1,0,62.2,68.2
2026-09-19,a20-ct11,CTQ28KUSD4,3,0,0,1,0,59.0,65.0
2026-09-19,a20-ct14,CTO6KRG6G0,2,0,0,2,0,61.5,67.5
2026-09-19,a20-ct16,CTVEBPQGXU,3,0,0,1,0,59.6,65.6
2026-09-19,a25-ct05,CT8N8XP8LN,1,0,0,1,0,60.4,66.4
2026-09-19,a26-ct12,CTCO4IR2IN,1,0,0,1,0,63.7,69.7
2026-09-19,a27-ct01,CTCCFOZN1D,3,0,0,1,0,62.0,68.0
2026-09-19,a27-ct18,CTMET4A9VF,1,0,0,1,0,66.0,72.0
2026-09-19,a28-ct07,CTB42HH2X1,0,0,0,1,0,64.8,70.8
2026-09-19,a28-ct18,CTZTYTBMKD,1,0,0,1,0,62.7,68.7
2026-09-19,a30-ct06,CTKX3ZU5J9,0,1420,0,2,0,62.7,68.7
2026-09-19,a30-ct09,CTBHFIUMZ3,0,0,0,1,0,62.3,68.3
2026-09-19,a30-ct15,CT29MTCDW5,2,0,0,1,0,61.5,67.5
2026-09-19,a31-ct07,CT0QYVS9HP,0,0,0,1,0,61.2,67.2
2026-09-19,a31-ct11,CTCSZAT677,0,0,0,1,1,63.1,69.1
2026-09-19,b01-ct01,CT0WP8RL4M,1,0,0,2,0,66.6,72.6
2026-09-19,b01-ct04,CT1QDA0AA5,3,0,0,1,0,64.4,70.4
2026-09-19,b01-ct05,CTR1U0Q54U,2,0,0,1,0,64.7,70.7
2026-09-19,b01-ct15,CT8XERKME7,2,0,0,1,0,64.1,70.1
2026-09-19,b07-ct06,CTCZURZTRO,1,0,0,1,0,68.2,74.2
2026-09-19,b07-ct09,CTSJRAB2JO,0,0,0,1,0,68.9,74.9
2026-09-19,b09-ct07,CTED6LHL1S,3,0,0,1,0,68.0,74.0
2026-09-19,b09-ct08,CT5Q0QCZS7,2,0,0,1,0,67.2,73.2
2026-09-19,b09-ct11,CT5A9HUJS6,2,0,0,1,0,65.9,71.9
2026-09-19,b11-ct01,CTBKLUKG0Y,0,0,0,1,0,64.0,70.0
2026-09-20,a02-ct12,CTAH4UU8N8,2,0,0,2,0,64.4,70.4
2026-09-20,a03-ct18,CTSTDJBVC7,2,0,0,1,0,63.9,69.9
2026-09-20,a05-ct15,CTYCX5H7TS,1,0,0,1,0,61.6,67.6
2026-09-20,a09-ct06,CTX28AU6D7,1,0,0,1,0,62.6,68.6
2026-09-20,a11-ct11,CTNP61ONMM,0,0,0,1,0,64.5,70.5
2026-09-20,a11-ct16,CT50ZNYIRL,0,0,0,1,0,63.3,69.3
2026-09-20,a13-ct10,CTA5F79H0D,3,24563,0,3,0,58.8,64.8
2026-09-20,a13-ct16,CTKOYXP1K6,3,0,0,1,0,62.2,68.2
2026-09-20,a14-ct10,CT5LYCTFEB,3,0,0,1,0,63.0,69.0
2026-09-20,a15-ct07,CTB8P6H4LC,3,0,0,1,0,63.7,69.7
2026-09-20,a17-ct14,CTD4JR85BR,2,0,0,1,0,61.4,67.4
2026-09-20,a19-ct05,CTMAVMDG7F,0,0,0,1,0,60.9,66.9
2026-09-20,a20-ct11,CTQ28KUSD4,3,0,0,1,0,63.6,69.6
2026-09-20,a20-ct14,CTO6KRG6G0,2,0,0,2,0,58.8,64.8
2026-09-20,a20-ct16,CTVEBPQGXU,3,0,0,1,0,63.1,69.1
2026-09-20,a25-ct05,CT8N8XP8LN,1,0,0,1,0,62.7,68.7
2026-09-20,a26-ct12,CTCO4IR2IN,1,0,0,1,0,61.3,67.3
2026-09-20,a27-ct01,CTCCFOZN1D,3,0,0,1,0,62.7,68.7
2026-09-20,a27-ct18,CTMET4A9VF,1,0,0,1,0,62.0,68.0
2026-09-20,a28-ct07,CTB42HH2X1,0,0,0,1,0,60.4,66.4
2026-09-20,a28-ct18,CTZTYTBMKD,1,0,0,1,0,62.9,68.9
2026-09-20,a30-ct06,CTKX3ZU5J9,0,0,1,3,0,62.8,68.8
2026-09-20,a30-ct08,CTW4PJ9FZ0,3,131,0,0,0,60.4,66.4
2026-09-20,a30-ct09,CTBHFIUMZ3,0,0,0,1,0,60.9,66.9
2026-09-20,a30-ct15,CT29MTCDW5,2,0,0,1,0,60.7,66.7
2026-09-20,a31-ct07,CT0QYVS9HP,0,0,0,1,0,63.8,69.8
2026-09-20,a31-ct11,CTCSZAT677,0,0,0,1,1,62.7,68.7
2026-09-20,b01-ct01,CT0WP8RL4M,1,0,0,2,0,66.3,72.3
2026-09-20,b01-ct04,CT1QDA0AA5,3,0,0,1,0,62.6,68.6
2026-09-20,b01-ct05,CTR1U0Q54U,2,0,0,1,0,64.8,70.8
2026-09-20,b01-ct15,CT8XERKME7,2,0,0,1,0,64.6,70.6
2026-09-20,b07-ct06,CTCZURZTRO,1,0,0,1,0,63.6,69.6
2026-09-20,b07-ct09,CTSJRAB2JO,0,0,0,1,0,67.0,73.0
2026-09-20,b09-ct07,CTED6LHL1S,3,0,0,1,0,66.5,72.5
2026-09-20,b09-ct08,CT5Q0QCZS7,2,0,0,1,0,65.2,71.2
2026-09-20,b09-ct11,CT5A9HUJS6,2,0,0,1,0,66.5,72.5
2026-09-20,b11-ct01,CTBKLUKG0Y,0,0,0,1,0,66.6,72.6
2026-09-20,b12-ct04,CTEINKON3S,0,0,0,1,0,67.4,73.4
2026-09-20,b12-ct07,CTID7XNA6E,3,0,0,1,0,69.7,75.7
2026-09-21,a02-ct12,CTAH4UU8N8,2,0,0,2,0,63.3,69.3
2026-09-21,a03-ct18,CTSTDJBVC7,2,0,0,1,0,63.5,69.5
2026-09-21,a05-ct15,CTYCX5H7TS,1,0,0,1,0,62.4,68.4
2026-09-21,a09-ct06,CTX28AU6D7,1,0,0,1,0,64.7,70.7
2026-09-21,a11-ct11,CTNP61ONMM,0,0,0,1,0,64.4,70.4
2026-09-21,a11-ct16,CT50ZNYIRL,0,0,0,1,0,63.2,69.2
2026-09-21,a13-ct10,CTA5F79H0D,3,0,1,4,0,62.0,68.0
2026-09-21,a13-ct16,CTKOYXP1K6,3,0,0,1,0,61.8,67.8
2026-09-21,a14-ct10,CT5LYCTFEB,3,0,0,1,0,64.2,70.2
2026-09-21,a15-ct07,CTB8P6H4LC,3,0,0,1,0,63.9,69.9
2026-09-21,a16-ct18,CTM89BG0WX,2,151,0,0,0,61.9,67.9
2026-09-21,a17-ct14,CTD4JR85BR,2,0,0,1,0,63.4,69.4
2026-09-21,a19-ct05,CTMAVMDG7F,0,0,0,1,0,63.2,69.2
2026-09-21,a20-ct11,CTQ28KUSD4,3,0,0,1,0,63.8,69.8
2026-09-21,a20-ct14,CTO6KRG6G0,2,0,0,2,0,61.9,67.9
2026-09-21,a20-ct16,CTVEBPQGXU,3,0,0,1,0,67.4,73.4
2026-09-21,a25-ct05,CT8N8XP8LN,1,0,0,1,0,61.6,67.6
2026-09-21,a26-ct12,CTCO4IR2IN,1,0,0,1,0,62.4,68.4
2026-09-21,a27-ct01,CTCCFOZN1D,3,0,0,1,0,62.3,68.3
2026-09-21,a27-ct18,CTMET4A9VF,1,0,0,1,0,63.9,69.9
2026-09-21,a28-ct07,CTB42HH2X1,0,0,0,1,0,64.2,70.2
2026-09-21,a28-ct18,CTZTYTBMKD,1,0,0,1,0,62.7,68.7
2026-09-21,a30-ct08,CTW4PJ9FZ0,3,241,0,1,0,61.5,67.5
2026-09-21,a30-ct09,CTBHFIUMZ3,0,0,0,1,0,60.9,66.9
2026-09-21,a30-ct15,CT29MTCDW5,2,0,0,1,0,62.3,68.3
2026-09-21,a31-ct07,CT0QYVS9HP,0,0,0,1,0,60.6,66.6
2026-09-21,a31-ct11,CTCSZAT677,0,0,0,1,1,63.7,69.7
2026-09-21,b01-ct01,CT0WP8RL4M,1,0,0,2,0,65.2,71.2
2026-09-21,b01-ct04,CT1QDA0AA5,3,0,0,1,0,66.8,72.8
2026-09-21,b01-ct05,CTR1U0Q54U,2,0,0,1,0,65.6,71.6
2026-09-21,b01-ct15,CT8XERKME7,2,0,0,1,0,63.5,69.5
2026-09-21,b07-ct06,CTCZURZTRO,1,0,0,1,0,65.1,71.1
2026-09-21,b07-ct09,CTSJRAB2JO,0,0,0,1,0,64.3,70.3
2026-09-21,b09-ct07,CTED6LHL1S,3,0,0,1,0,64.4,70.4
2026-09-21,b09-ct08,CT5Q0QCZS7,2,0,0,1,0,64.4,70.4
2026-09-21,b09-ct11,CT5A9HUJS6,2,0,0,1,0,63.0,69.0
2026-09-21,b11-ct01,CTBKLUKG0Y,0,0,0,1,0,68.7,74.7
2026-09-21,b12-ct04,CTEINKON3S,0,0,0,1,0,64.8,70.8
2026-09-21,b12-ct07,CTID7XNA6E,3,0,0,1,0,66.5,72.5
2026-09-22,a02-ct12,CTAH4UU8N8,2,0,0,2,0,59.4,65.4
2026-09-22,a03-ct18,CTSTDJBVC7,2,0,0,1,0,62.0,68.0
2026-09-22,a05-ct15,CTYCX5H7TS,1,0,0,1,0,61.6,67.6
2026-09-22,a09-ct06,CTX28AU6D7,1,0,0,1,0,62.6,68.6
2026-09-22,a11-ct11,CTNP61ONMM,0,0,0,1,0,62.8,68.8
2026-09-22,a11-ct16,CT50ZNYIRL,0,0,0,1,0,64.6,70.6
2026-09-22,a13-ct10,CTA5F79H0D,3,0,0,4,0,62.1,68.1
2026-09-22,a13-ct16,CTKOYXP1K6,3,0,0,1,0,62.8,68.8
2026-09-22,a14-ct10,CT5LYCTFEB,3,0,0,1,0,66.1,72.1
2026-09-22,a15-ct07,CTB8P6H4LC,3,0,0,1,0,59.8,65.8
2026-09-22,a16-ct18,CTM89BG0WX,2,240,0,0,0,61.4,67.4
2026-09-22,a17-ct14,CTD4JR85BR,2,0,0,1,0,61.1,67.1
2026-09-22,a19-ct05,CTMAVMDG7F,0,0,0,1,0,62.7,68.7
2026-09-22,a20-ct11,CTQ28KUSD4,3,0,0,1,0,61.2,67.2
2026-09-22,a20-ct14,CTO6KRG6G0,2,0,0,2,0,62.8,68.8
2026-09-22,a20-ct16,CTVEBPQGXU,3,0,0,1,0,60.6,66.6
2026-09-22,a25-ct05,CT8N8XP8LN,1,0,0,1,0,59.4,65.4
2026-09-22,a26-ct12,CTCO4IR2IN,1,0,0,1,0,62.4,68.4
2026-09-22,a27-ct01,CTCCFOZN1D,3,0,0,1,0,62.5,68.5
2026-09-22,a27-ct18,CTMET4A9VF,1,0,0,1,0,60.2,66.2
2026-09-22,a28-ct07,CTB42HH2X1,0,0,0,1,0,61.4,67.4
2026-09-22,a28-ct18,CTZTYTBMKD,1,0,0,1,0,64.1,70.1
2026-09-22,a30-ct08,CTW4PJ9FZ0,3,406,0,1,0,61.5,67.5
2026-09-22,a30-ct09,CTBHFIUMZ3,0,0,0,1,0,64.3,70.3
2026-09-22,a30-ct15,CT29MTCDW5,2,0,0,1,0,63.2,69.2
2026-09-22,a31-ct07,CT0QYVS9HP,0,0,0,1,0,63.1,69.1
2026-09-22,a31-ct11,CTCSZAT677,0,0,0,1,1,62.0,68.0
2026-09-22,b01-ct01,CT0WP8RL4M,1,0,0,2,0,65.5,71.5
2026-09-22,b01-ct04,CT1QDA0AA5,3,0,0,1,0,64.2,70.2
2026-09-22,b01-ct05,CTR1U0Q54U,2,0,0,1,0,66.7,72.7
2026-09-22,b01-ct15,CT8XERKME7,2,0,0,1,0,69.4,75.4
2026-09-22,b07-ct06,CTCZURZTRO,1,0,0,1,0,65.9,71.9
2026-09-22,b07-ct09,CTSJRAB2JO,0,0,0,1,0,66.7,72.7
2026-09-22,b09-ct07,CTED6LHL1S,3,0,0,1,0,65.9,71.9
2026-09-22,b09-ct08,CT5Q0QCZS7,2,0,0,1,0,60.6,66.6
2026-09-22,b09-ct11,CT5A9HUJS6,2,0,0,1,0,63.7,69.7
2026-09-22,b11-ct01,CTBKLUKG0Y,0,0,0,1,0,64.4,70.4
2026-09-22,b12-ct04,CTEINKON3S,0,0,0,1,0,66.6,72.6
2026-09-22,b12-ct07,CTID7XNA6E,3,0,0,1,0,67.0,73.0
2026-09-22,b14-ct07,CTPWTZLOXJ,2,0,0,2,0,61.9,67.9
2026-09-22,b14-ct12,CT8XCBIZLB,1,0,0,2,0,63.3,69.3
2026-09-23,a02-ct12,CTAH4UU8N8,2,0,0,2,0,63.0,69.0
2026-09-23,a03-ct18,CTSTDJBVC7,2,0,0,1,0,63.5,69.5
2026-09-23,a05-ct15,CTYCX5H7TS,1,0,0,1,0,63.4,69.4
2026-09-23,a09-ct06,CTX28AU6D7,1,0,0,1,0,63.2,69.2
2026-09-23,a11-ct11,CTNP61ONMM,0,0,0,1,0,62.8,68.8
2026-09-23,a11-ct16,CT50ZNYIRL,0,0,0,1,0,59.8,65.8
2026-09-23,a13-ct10,CTA5F79H0D,3,0,0,4,0,65.7,71.7
2026-09-23,a13-ct16,CTKOYXP1K6,3,0,0,1,0,64.4,70.4
2026-09-23,a14-ct10,CT5LYCTFEB,3,0,0,1,0,58.6,64.6
2026-09-23,a15-ct07,CTB8P6H4LC,3,0,0,1,0,63.7,69.7
2026-09-23,a16-ct18,CTM89BG0WX,2,342,0,1,0,61.0,67.0
2026-09-23,a17-ct14,CTD4JR85BR,2,0,0,1,0,63.1,69.1
2026-09-23,a19-ct05,CTMAVMDG7F,0,0,0,1,0,59.9,65.9
2026-09-23,a19-ct15,CT9602BBTK,1,0,1,1,0,63.1,69.1
2026-09-23,a20-ct11,CTQ28KUSD4,3,0,0,1,0,60.5,66.5
2026-09-23,a20-ct14,CTO6KRG6G0,2,0,0,2,0,61.3,67.3
2026-09-23,a20-ct16,CTVEBPQGXU,3,0,0,1,0,60.1,66.1
2026-09-23,a25-ct05,CT8N8XP8LN,1,0,0,1,0,60.5,66.5
2026-09-23,a26-ct12,CTCO4IR2IN,1,0,0,1,0,63.5,69.5
2026-09-23,a27-ct01,CTCCFOZN1D,3,0,0,1,0,61.8,67.8
2026-09-23,a27-ct18,CTMET4A9VF,1,0,0,1,0,61.4,67.4
2026-09-23,a28-ct07,CTB42HH2X1,0,0,0,1,0,63.0,69.0
2026-09-23,a28-ct18,CTZTYTBMKD,1,0,0,1,0,57.9,63.9
2026-09-23,a30-ct08,CTW4PJ9FZ0,3,656,0,1,0,64.7,70.7
2026-09-23,a30-ct09,CTBHFIUMZ3,0,0,0,1,0,63.1,69.1
2026-09-23,a30-ct15,CT29MTCDW5,2,0,0,1,0,61.6,67.6
2026-09-23,a31-ct07,CT0QYVS9HP,0,0,0,1,0,63.6,69.6
2026-09-23,a31-ct11,CTCSZAT677,0,0,0,1,1,62.3,68.3
2026-09-23,b01-ct01,CT0WP8RL4M,1,0,0,2,0,64.4,70.4
2026-09-23,b01-ct04,CT1QDA0AA5,3,0,0,1,0,67.6,73.6
2026-09-23,b01-ct05,CTR1U0Q54U,2,0,0,1,0,64.1,70.1
2026-09-23,b01-ct15,CT8XERKME7,2,0,0,1,0,67.6,73.6
2026-09-23,b07-ct06,CTCZURZTRO,1,0,0,1,0,67.7,73.7
2026-09-23,b07-ct09,CTSJRAB2JO,0,0,0,1,0,65.6,71.6
2026-09-23,b09-ct07,CTED6LHL1S,3,0,0,1,0,63.8,69.8
2026-09-23,b09-ct08,CT5Q0QCZS7,2,0,0,1,0,67.9,73.9
2026-09-23,b09-ct11,CT5A9HUJS6,2,0,0,1,0,67.2,73.2
2026-09-23,b11-ct01,CTBKLUKG0Y,0,0,0,1,0,64.6,70.6
2026-09-23,b12-ct04,CTEINKON3S,0,0,0,1,0,66.0,72.0
2026-09-23,b12-ct07,CTID7XNA6E,3,0,0,1,0,69.2,75.2
2026-09-23,b14-ct07,CTPWTZLOXJ,2,0,0,2,0,67.8,73.8
2026-09-23,b14-ct12,CT8XCBIZLB,1,0,0,2,0,67.2,73.2
2026-09-24,a02-ct12,CTAH4UU8N8,2,0,0,2,0,62.2,68.2
2026-09-24,a03-ct18,CTSTDJBVC7,2,0,0,1,0,63.5,69.5
2026-09-24,a05-ct15,CTYCX5H7TS,1,0,0,1,0,62.7,68.7
2026-09-24,a09-ct06,CTX28AU6D7,1,0,0,1,0,61.0,67.0
2026-09-24,a11-ct11,CTNP61ONMM,0,0,0,1,0,64.5,70.5
2026-09-24,a11-ct16,CT50ZNYIRL,0,0,0,1,0,63.2,69.2
2026-09-24,a13-ct10,CTA5F79H0D,3,0,0,4,0,58.8,64.8
2026-09-24,a13-ct16,CTKOYXP1K6,3,0,0,1,0,61.5,67.5
2026-09-24,a14-ct10,CT5LYCTFEB,3,0,0,1,0,65.9,71.9
2026-09-24,a15-ct07,CTB8P6H4LC,3,0,0,1,0,64.8,70.8
2026-09-24,a16-ct18,CTM89BG0WX,2,532,0,1,0,63.1,69.1
2026-09-24,a17-ct14,CTD4JR85BR,2,0,0,1,0,59.6,65.6
2026-09-24,a19-ct05,CTMAVMDG7F,0,0,0,1,0,63.3,69.3
2026-09-24,a20-ct11,CTQ28KUSD4,3,0,0,1,0,63.9,69.9
2026-09-24,a20-ct14,CTO6KRG6G0,2,0,0,2,0,63.6,69.6
2026-09-24,a20-ct16,CTVEBPQGXU,3,0,0,1,0,64.8,70.8
2026-09-24,a25-ct05,CT8N8XP8LN,1,0,0,1,0,61.2,67.2
2026-09-24,a26-ct12,CTCO4IR2IN,1,0,0,1,0,63.1,69.1
2026-09-24,a27-ct01,CTCCFOZN1D,3,0,0,1,0,63.4,69.4
2026-09-24,a27-ct18,CTMET4A9VF,1,0,0,1,0,63.0,69.0
2026-09-24,a28-ct07,CTB42HH2X1,0,0,0,1,0,61.3,67.3
2026-09-24,a28-ct18,CTZTYTBMKD,1,0,0,1,0,64.3,70.3
2026-09-24,a30-ct08,CTW4PJ9FZ0,3,1154,0,2,0,61.8,67.8
2026-09-24,a30-ct09,CTBHFIUMZ3,0,0,0,1,0,62.0,68.0
2026-09-24,a30-ct15,CT29MTCDW5,2,0,0,1,0,61.8,67.8
2026-09-24,a31-ct07,CT0QYVS9HP,0,0,0,1,0,61.9,67.9
2026-09-24,a31-ct11,CTCSZAT677,0,0,0,1,1,63.2,69.2
2026-09-24,b01-ct01,CT0WP8RL4M,1,0,0,2,0,66.5,72.5
2026-09-24,b01-ct04,CT1QDA0AA5,3,0,0,1,0,65.5,71.5
2026-09-24,b01-ct05,CTR1U0Q54U,2,0,0,1,0,65.8,71.8
2026-09-24,b01-ct15,CT8XERKME7,2,0,0,1,0,62.6,68.6
2026-09-24,b07-ct06,CTCZURZTRO,1,0,0,1,0,65.1,71.1
2026-09-24,b07-ct09,CTSJRAB2JO,0,0,0,1,0,64.1,70.1
2026-09-24,b09-ct07,CTED6LHL1S,3,0,0,1,0,66.1,72.1
2026-09-24,b09-ct08,CT5Q0QCZS7,2,0,0,1,0,62.7,68.7
2026-09-24,b09-ct11,CT5A9HUJS6,2,0,0,1,0,64.8,70.8
2026-09-24,b11-ct01,CTBKLUKG0Y,0,0,0,1,0,65.5,71.5
2026-09-24,b12-ct04,CTEINKON3S,0,0,0,1,0,65.8,71.8
2026-09-24,b12-ct07,CTID7XNA6E,3,0,0,1,0,64.1,70.1
2026-09-24,b14-ct07,CTPWTZLOXJ,2,0,0,2,0,66.9,72.9
2026-09-24,b14-ct12,CT8XCBIZLB,1,0,0,2,0,67.2,73.2
2026-09-25,a02-ct12,CTAH4UU8N8,2,0,0,2,0,63.4,69.4
2026-09-25,a03-ct18,CTSTDJBVC7,2,0,0,1,0,61.8,67.8
2026-09-25,a05-ct15,CTYCX5H7TS,1,0,0,1,0,62.4,68.4
2026-09-25,a09-ct06,CTX28AU6D7,1,0,0,1,0,64.7,70.7
2026-09-25,a11-ct11,CTNP61ONMM,0,0,0,1,0,61.3,67.3
2026-09-25,a11-ct16,CT50ZNYIRL,0,0,0,1,0,65.6,71.6
2026-09-25,a13-ct10,CTA5F79H0D,3,0,0,4,0,62.0,68.0
2026-09-25,a13-ct16,CTKOYXP1K6,3,0,0,1,0,62.7,68.7
2026-09-25,a14-ct10,CT5LYCTFEB,3,0,0,1,0,61.0,67.0
2026-09-25,a15-ct07,CTB8P6H4LC,3,0,0,1,0,59.5,65.5
2026-09-25,a16-ct18,CTM89BG0WX,2,803,0,1,0,62.5,68.5
2026-09-25,a17-ct14,CTD4JR85BR,2,0,0,1,0,59.8,65.8
2026-09-25,a19-ct05,CTMAVMDG7F,0,0,0,1,0,63.7,69.7
2026-09-25,a20-ct11,CTQ28KUSD4,3,0,0,1,0,62.6,68.6
2026-09-25,a20-ct14,CTO6KRG6G0,2,0,0,2,0,65.1,71.1
2026-09-25,a20-ct16,CTVEBPQGXU,3,0,0,1,0,59.6,65.6
2026-09-25,a25-ct05,CT8N8XP8LN,1,0,0,1,0,64.6,70.6
2026-09-25,a26-ct12,CTCO4IR2IN,1,0,0,1,0,60.4,66.4
2026-09-25,a27-ct01,CTCCFOZN1D,3,0,0,1,0,62.6,68.6
2026-09-25,a27-ct18,CTMET4A9VF,1,0,0,1,0,63.5,69.5
2026-09-25,a28-ct07,CTB42HH2X1,0,0,0,1,0,63.9,69.9
2026-09-25,a28-ct18,CTZTYTBMKD,1,0,0,1,0,61.9,67.9
2026-09-25,a30-ct08,CTW4PJ9FZ0,3,0,1,3,0,62.3,68.3
2026-09-25,a30-ct09,CTBHFIUMZ3,0,0,0,1,0,63.7,69.7
2026-09-25,a30-ct15,CT29MTCDW5,2,0,0,1,0,60.9,66.9
2026-09-25,a31-ct07,CT0QYVS9HP,0,0,0,1,0,62.3,68.3
2026-09-25,a31-ct11,CTCSZAT677,0,0,0,1,1,62.6,68.6
2026-09-25,b01-ct01,CT0WP8RL4M,1,0,0,2,0,64.7,70.7
2026-09-25,b01-ct04,CT1QDA0AA5,3,0,0,1,0,66.1,72.1
2026-09-25,b01-ct05,CTR1U0Q54U,2,0,0,1,0,63.9,69.9
2026-09-25,b01-ct15,CT8XERKME7,2,0,0,1,0,67.4,73.4
2026-09-25,b07-ct06,CTCZURZTRO,1,0,0,1,0,63.3,69.3
2026-09-25,b07-ct09,CTSJRAB2JO,0,0,0,1,0,66.1,72.1
2026-09-25,b09-ct07,CTED6LHL1S,3,0,0,1,0,64.7,70.7
2026-09-25,b09-ct08,CT5Q0QCZS7,2,0,0,1,0,65.0,71.0
2026-09-25,b09-ct11,CT5A9HUJS6,2,0,0,1,0,66.1,72.1
2026-09-25,b11-ct01,CTBKLUKG0Y,0,0,0,1,0,66.7,72.7
2026-09-25,b12-ct04,CTEINKON3S,0,0,0,1,0,67.0,73.0
2026-09-25,b12-ct07,CTID7XNA6E,3,0,0,1,0,64.2,70.2
2026-09-25,b14-ct07,CTPWTZLOXJ,2,0,0,2,0,67.2,73.2
2026-09-25,b14-ct12,CT8XCBIZLB,1,0,0,2,0,66.0,72.0
2026-09-26,a02-ct12,CTAH4UU8N8,2,0,0,2,0,61.4,67.4
2026-09-26,a03-ct18,CTSTDJBVC7,2,0,0,1,0,62.8,68.8
2026-09-26,a05-ct15,CTYCX5H7TS,1,0,0,1,0,64.1,70.1
2026-09-26,a09-ct06,CTX28AU6D7,1,0,0,1,0,63.7,69.7
2026-09-26,a11-ct11,CTNP61ONMM,0,0,0,1,0,61.5,67.5
2026-09-26,a11-ct16,CT50ZNYIRL,0,0,0,1,0,61.8,67.8
2026-09-26,a13-ct10,CTA5F79H0D,3,0,0,4,0,61.5,67.5
2026-09-26,a13-ct16,CTKOYXP1K6,3,0,0,1,0,65.2,71.2
2026-09-26,a14-ct10,CT5LYCTFEB,3,0,0,1,0,61.7,67.7
2026-09-26,a15-ct07,CTB8P6H4LC,3,0,0,1,0,60.2,66.2
2026-09-26,a16-ct18,CTM89BG0WX,2,1239,0,2,0,60.7,66.7
2026-09-26,a17-ct14,CTD4JR85BR,2,0,0,1,0,63.1,69.1
2026-09-26,a19-ct05,CTMAVMDG7F,0,0,0,1,0,61.9,67.9
2026-09-26,a20-ct11,CTQ28KUSD4,3,0,0,1,0,61.6,67.6
2026-09-26,a20-ct14,CTO6KRG6G0,2,0,0,2,0,62.4,68.4
2026-09-26,a20-ct16,CTVEBPQGXU,3,0,0,1,0,65.0,71.0
2026-09-26,a25-ct05,CT8N8XP8LN,1,0,0,1,0,61.3,67.3
2026-09-26,a26-ct12,CTCO4IR2IN,1,0,0,1,0,62.6,68.6
2026-09-26,a27-ct01,CTCCFOZN1D,3,0,0,1,0,65.0,71.0
2026-09-26,a27-ct18,CTMET4A9VF,1,0,0,1,0,62.7,68.7
2026-09-26,a28-ct07,CTB42HH2X1,0,0,0,1,0,63.3,69.3
2026-09-26,a28-ct18,CTZTYTBMKD,1,0,0,1,0,62.7,68.7
2026-09-26,a30-ct09,CTBHFIUMZ3,0,0,0,1,0,64.6,70.6
2026-09-26,a30-ct15,CT29MTCDW5,2,0,0,1,0,60.0,66.0
2026-09-26,a31-ct07,CT0QYVS9HP,0,0,0,1,0,61.4,67.4
2026-09-26,a31-ct11,CTCSZAT677,0,0,0,1,1,62.2,68.2
2026-09-26,b01-ct01,CT0WP8RL4M,1,0,0,2,0,66.1,72.1
2026-09-26,b01-ct04,CT1QDA0AA5,3,0,0,1,0,63.7,69.7
2026-09-26,b01-ct05,CTR1U0Q54U,2,0,0,1,0,65.3,71.3
2026-09-26,b01-ct15,CT8XERKME7,2,0,0,1,0,64.3,70.3
2026-09-26,b07-ct06,CTCZURZTRO,1,0,0,1,0,66.4,72.4
2026-09-26,b07-ct09,CTSJRAB2JO,0,0,0,1,0,65.5,71.5
2026-09-26,b09-ct07,CTED6LHL1S,3,0,0,1,0,64.1,70.1
2026-09-26,b09-ct08,CT5Q0QCZS7,2,0,0,1,0,63.4,69.4
2026-09-26,b09-ct11,CT5A9HUJS6,2,0,0,1,0,64.7,70.7
2026-09-26,b11-ct01,CTBKLUKG0Y,0,0,0,1,0,68.7,74.7
2026-09-26,b12-ct04,CTEINKON3S,0,0,0,1,0,59.6,65.6
2026-09-26,b12-ct07,CTID7XNA6E,3,0,0,1,0,67.1,73.1
2026-09-26,b14-ct07,CTPWTZLOXJ,2,0,0,2,0,65.8,71.8
2026-09-26,b14-ct12,CT8XCBIZLB,1,0,0,2,0,64.1,70.1
2026-09-27,a02-ct12,CTAH4UU8N8,2,0,0,2,0,62.0,68.0
2026-09-27,a03-ct18,CTSTDJBVC7,2,0,0,1,0,66.8,72.8
2026-09-27,a05-ct15,CTYCX5H7TS,1,0,0,1,0,63.2,69.2
2026-09-27,a09-ct06,CTX28AU6D7,1,0,0,1,0,62.0,68.0
2026-09-27,a11-ct11,CTNP61ONMM,0,0,0,1,0,62.2,68.2
2026-09-27,a11-ct16,CT50ZNYIRL,0,0,0,1,0,60.6,66.6
2026-09-27,a13-ct10,CTA5F79H0D,3,0,0,4,0,60.5,66.5
2026-09-27,a13-ct16,CTKOYXP1K6,3,0,0,1,0,61.1,67.1
2026-09-27,a14-ct10,CT5LYCTFEB,3,0,0,1,0,62.1,68.1
2026-09-27,a15-ct07,CTB8P6H4LC,3,0,0,1,0,62.3,68.3
2026-09-27,a16-ct18,CTM89BG0WX,2,1799,0,2,0,65.3,71.3
2026-09-27,a17-ct14,CTD4JR85BR,2,0,0,1,0,64.7,70.7
2026-09-27,a19-ct05,CTMAVMDG7F,0,0,0,1,0,62.5,68.5
2026-09-27,a20-ct11,CTQ28KUSD4,3,0,0,1,0,60.6,66.6
2026-09-27,a20-ct14,CTO6KRG6G0,2,0,0,2,0,63.3,69.3
2026-09-27,a20-ct16,CTVEBPQGXU,3,0,0,1,0,63.1,69.1
2026-09-27,a25-ct05,CT8N8XP8LN,1,0,0,1,0,61.2,67.2
2026-09-27,a26-ct12,CTCO4IR2IN,1,0,0,1,0,61.8,67.8
2026-09-27,a27-ct01,CTCCFOZN1D,3,0,0,1,0,59.6,65.6
2026-09-27,a27-ct18,CTMET4A9VF,1,0,0,1,0,61.6,67.6
2026-09-27,a28-ct07,CTB42HH2X1,0,0,0,1,0,61.9,67.9
2026-09-27,a28-ct18,CTZTYTBMKD,1,0,0,1,0,61.7,67.7
2026-09-27,a30-ct09,CTBHFIUMZ3,0,0,0,1,0,60.3,66.3
2026-09-27,a30-ct15,CT29MTCDW5,2,0,0,1,0,64.8,70.8
2026-09-27,a31-ct07,CT0QYVS9HP,0,0,0,1,0,60.8,66.8
2026-09-27,a31-ct11,CTCSZAT677,0,0,0,1,1,61.9,67.9
2026-09-27,b01-ct01,CT0WP8RL4M,1,0,0,2,0,63.5,69.5
2026-09-27,b01-ct04,CT1QDA0AA5,3,0,0,1,0,64.1,70.1
2026-09-27,b01-ct05,CTR1U0Q54U,2,0,0,1,0,64.9,70.9
2026-09-27,b01-ct15,CT8XERKME7,2,0,0,1,0,64.9,70.9
2026-09-27,b07-ct06,CTCZURZTRO,1,0,0,1,0,63.8,69.8
2026-09-27,b07-ct09,CTSJRAB2JO,0,0,0,1,0,65.5,71.5
2026-09-27,b09-ct07,CTED6LHL1S,3,0,0,1,0,62.1,68.1
2026-09-27,b09-ct08,CT5Q0QCZS7,2,0,0,1,0,64.4,70.4
2026-09-27,b09-ct11,CT5A9HUJS6,2,0,0,1,0,67.4,73.4
2026-09-27,b11-ct01,CTBKLUKG0Y,0,0,0,1,0,65.6,71.6
2026-09-27,b12-ct04,CTEINKON3S,0,0,0,1,0,62.7,68.7
2026-09-27,b12-ct07,CTID7XNA6E,3,0,0,1,0,63.5,69.5
2026-09-27,b14-ct07,CTPWTZLOXJ,2,0,0,2,0,65.4,71.4
2026-09-27,b14-ct12,CT8XCBIZLB,1,0,0,2,0,66.3,72.3
