date,rack,hall,cdu,trays_reporting,gpu_temp_max_c,hbm_temp_max_c
2026-08-31,A01,HALL-A,CDU-A1,18,66.7,72.7
2026-08-31,A02,HALL-A,CDU-A1,18,66.4,72.4
2026-08-31,A03,HALL-A,CDU-A1,18,68.2,74.2
2026-08-31,A04,HALL-A,CDU-A1,18,67.4,73.4
2026-08-31,A05,HALL-A,CDU-A1,18,67.8,73.8
2026-08-31,A06,HALL-A,CDU-A1,18,66.3,72.3
2026-08-31,A07,HALL-A,CDU-A1,18,66.6,72.6
2026-08-31,A08,HALL-A,CDU-A1,18,66.4,72.4
2026-08-31,A09,HALL-A,CDU-A2,18,66.2,72.2
2026-08-31,A10,HALL-A,CDU-A2,18,65.7,71.7
2026-08-31,A11,HALL-A,CDU-A2,18,65.1,71.1
2026-08-31,A12,HALL-A,CDU-A2,18,66.5,72.5
2026-08-31,A13,HALL-A,CDU-A2,18,66.2,72.2
2026-08-31,A14,HALL-A,CDU-A2,18,65.5,71.5
2026-08-31,A15,HALL-A,CDU-A2,18,67.0,73.0
2026-08-31,A16,HALL-A,CDU-A2,18,66.7,72.7
2026-08-31,A17,HALL-A,CDU-A3,18,66.9,72.9
2026-08-31,A18,HALL-A,CDU-A3,18,66.0,72.0
2026-08-31,A19,HALL-A,CDU-A3,18,65.6,71.6
2026-08-31,A20,HALL-A,CDU-A3,18,65.4,71.4
2026-08-31,A21,HALL-A,CDU-A3,18,66.7,72.7
2026-08-31,A22,HALL-A,CDU-A3,18,65.8,71.8
2026-08-31,A23,HALL-A,CDU-A3,18,65.4,71.4
2026-08-31,A24,HALL-A,CDU-A3,18,65.5,71.5
2026-08-31,A25,HALL-A,CDU-A4,18,65.4,71.4
2026-08-31,A26,HALL-A,CDU-A4,18,66.6,72.6
2026-08-31,A27,HALL-A,CDU-A4,18,65.7,71.7
2026-08-31,A28,HALL-A,CDU-A4,18,67.2,73.2
2026-08-31,A29,HALL-A,CDU-A4,18,65.8,71.8
2026-08-31,A30,HALL-A,CDU-A4,18,66.0,72.0
2026-08-31,A31,HALL-A,CDU-A4,18,65.3,71.3
2026-08-31,A32,HALL-A,CDU-A4,18,65.4,71.4
2026-09-01,A01,HALL-A,CDU-A1,18,66.1,72.1
2026-09-01,A02,HALL-A,CDU-A1,18,66.9,72.9
2026-09-01,A03,HALL-A,CDU-A1,18,65.2,71.2
2026-09-01,A04,HALL-A,CDU-A1,18,66.0,72.0
2026-09-01,A05,HALL-A,CDU-A1,18,66.6,72.6
2026-09-01,A06,HALL-A,CDU-A1,18,65.6,71.6
2026-09-01,A07,HALL-A,CDU-A1,18,65.6,71.6
2026-09-01,A08,HALL-A,CDU-A1,18,66.6,72.6
2026-09-01,A09,HALL-A,CDU-A2,18,66.1,72.1
2026-09-01,A10,HALL-A,CDU-A2,18,66.3,72.3
2026-09-01,A11,HALL-A,CDU-A2,18,65.8,71.8
2026-09-01,A12,HALL-A,CDU-A2,18,65.6,71.6
2026-09-01,A13,HALL-A,CDU-A2,18,65.4,71.4
2026-09-01,A14,HALL-A,CDU-A2,18,67.1,73.1
2026-09-01,A15,HALL-A,CDU-A2,18,68.0,74.0
2026-09-01,A16,HALL-A,CDU-A2,18,65.7,71.7
2026-09-01,A17,HALL-A,CDU-A3,18,66.5,72.5
2026-09-01,A18,HALL-A,CDU-A3,18,66.4,72.4
2026-09-01,A19,HALL-A,CDU-A3,18,66.1,72.1
2026-09-01,A20,HALL-A,CDU-A3,18,65.2,71.2
2026-09-01,A21,HALL-A,CDU-A3,18,66.2,72.2
2026-09-01,A22,HALL-A,CDU-A3,18,65.2,71.2
2026-09-01,A23,HALL-A,CDU-A3,18,66.0,72.0
2026-09-01,A24,HALL-A,CDU-A3,18,65.9,71.9
2026-09-01,A25,HALL-A,CDU-A4,18,66.3,72.3
2026-09-01,A26,HALL-A,CDU-A4,18,66.6,72.6
2026-09-01,A27,HALL-A,CDU-A4,18,67.5,73.5
2026-09-01,A28,HALL-A,CDU-A4,18,66.6,72.6
2026-09-01,A29,HALL-A,CDU-A4,18,68.0,74.0
2026-09-01,A30,HALL-A,CDU-A4,18,65.0,71.0
2026-09-01,A31,HALL-A,CDU-A4,18,65.5,71.5
2026-09-01,A32,HALL-A,CDU-A4,18,68.8,74.8
2026-09-02,A01,HALL-A,CDU-A1,18,67.5,73.5
2026-09-02,A02,HALL-A,CDU-A1,18,65.8,71.8
2026-09-02,A03,HALL-A,CDU-A1,18,66.3,72.3
2026-09-02,A04,HALL-A,CDU-A1,18,68.6,74.6
2026-09-02,A05,HALL-A,CDU-A1,18,66.5,72.5
2026-09-02,A06,HALL-A,CDU-A1,18,66.1,72.1
2026-09-02,A07,HALL-A,CDU-A1,18,67.6,73.6
2026-09-02,A08,HALL-A,CDU-A1,18,67.2,73.2
2026-09-02,A09,HALL-A,CDU-A2,18,66.3,72.3
2026-09-02,A10,HALL-A,CDU-A2,18,66.8,72.8
2026-09-02,A11,HALL-A,CDU-A2,18,66.3,72.3
2026-09-02,A12,HALL-A,CDU-A2,18,66.8,72.8
2026-09-02,A13,HALL-A,CDU-A2,18,66.5,72.5
2026-09-02,A14,HALL-A,CDU-A2,18,67.3,73.3
2026-09-02,A15,HALL-A,CDU-A2,18,66.3,72.3
2026-09-02,A16,HALL-A,CDU-A2,18,65.8,71.8
2026-09-02,A17,HALL-A,CDU-A3,18,66.2,72.2
2026-09-02,A18,HALL-A,CDU-A3,18,65.9,71.9
2026-09-02,A19,HALL-A,CDU-A3,18,67.2,73.2
2026-09-02,A20,HALL-A,CDU-A3,18,67.7,73.7
2026-09-02,A21,HALL-A,CDU-A3,18,66.7,72.7
2026-09-02,A22,HALL-A,CDU-A3,18,66.3,72.3
2026-09-02,A23,HALL-A,CDU-A3,18,67.6,73.6
2026-09-02,A24,HALL-A,CDU-A3,18,66.4,72.4
2026-09-02,A25,HALL-A,CDU-A4,18,65.0,71.0
2026-09-02,A26,HALL-A,CDU-A4,18,67.1,73.1
2026-09-02,A27,HALL-A,CDU-A4,18,65.7,71.7
2026-09-02,A28,HALL-A,CDU-A4,18,66.4,72.4
2026-09-02,A29,HALL-A,CDU-A4,18,66.7,72.7
2026-09-02,A30,HALL-A,CDU-A4,18,69.9,75.9
2026-09-02,A31,HALL-A,CDU-A4,18,65.6,71.6
2026-09-02,A32,HALL-A,CDU-A4,18,66.0,72.0
2026-09-03,A01,HALL-A,CDU-A1,18,66.3,72.3
2026-09-03,A02,HALL-A,CDU-A1,18,67.2,73.2
2026-09-03,A03,HALL-A,CDU-A1,18,66.2,72.2
2026-09-03,A04,HALL-A,CDU-A1,18,67.0,73.0
2026-09-03,A05,HALL-A,CDU-A1,18,67.1,73.1
2026-09-03,A06,HALL-A,CDU-A1,18,68.0,74.0
2026-09-03,A07,HALL-A,CDU-A1,18,67.3,73.3
2026-09-03,A08,HALL-A,CDU-A1,18,66.1,72.1
2026-09-03,A09,HALL-A,CDU-A2,18,87.5,93.5
2026-09-03,A10,HALL-A,CDU-A2,18,67.3,73.3
2026-09-03,A11,HALL-A,CDU-A2,18,66.0,72.0
2026-09-03,A12,HALL-A,CDU-A2,18,66.8,72.8
2026-09-03,A13,HALL-A,CDU-A2,18,65.8,71.8
2026-09-03,A14,HALL-A,CDU-A2,18,67.0,73.0
2026-09-03,A15,HALL-A,CDU-A2,18,65.8,71.8
2026-09-03,A16,HALL-A,CDU-A2,18,67.1,73.1
2026-09-03,A17,HALL-A,CDU-A3,18,66.7,72.7
2026-09-03,A18,HALL-A,CDU-A3,18,66.0,72.0
2026-09-03,A19,HALL-A,CDU-A3,18,67.5,73.5
2026-09-03,A20,HALL-A,CDU-A3,18,66.1,72.1
2026-09-03,A21,HALL-A,CDU-A3,18,66.0,72.0
2026-09-03,A22,HALL-A,CDU-A3,18,66.0,72.0
2026-09-03,A23,HALL-A,CDU-A3,18,65.2,71.2
2026-09-03,A24,HALL-A,CDU-A3,18,66.9,72.9
2026-09-03,A25,HALL-A,CDU-A4,18,66.1,72.1
2026-09-03,A26,HALL-A,CDU-A4,18,65.8,71.8
2026-09-03,A27,HALL-A,CDU-A4,18,66.9,72.9
2026-09-03,A28,HALL-A,CDU-A4,18,66.1,72.1
2026-09-03,A29,HALL-A,CDU-A4,18,66.1,72.1
2026-09-03,A30,HALL-A,CDU-A4,18,66.5,72.5
2026-09-03,A31,HALL-A,CDU-A4,18,67.1,73.1
2026-09-03,A32,HALL-A,CDU-A4,18,66.4,72.4
2026-09-04,A01,HALL-A,CDU-A1,18,66.0,72.0
2026-09-04,A02,HALL-A,CDU-A1,18,66.1,72.1
2026-09-04,A03,HALL-A,CDU-A1,18,66.4,72.4
2026-09-04,A04,HALL-A,CDU-A1,18,67.3,73.3
2026-09-04,A05,HALL-A,CDU-A1,18,65.7,71.7
2026-09-04,A06,HALL-A,CDU-A1,18,67.2,73.2
2026-09-04,A07,HALL-A,CDU-A1,18,65.9,71.9
2026-09-04,A08,HALL-A,CDU-A1,18,65.7,71.7
2026-09-04,A09,HALL-A,CDU-A2,18,88.5,94.5
2026-09-04,A10,HALL-A,CDU-A2,18,66.2,72.2
2026-09-04,A11,HALL-A,CDU-A2,18,66.1,72.1
2026-09-04,A12,HALL-A,CDU-A2,18,66.5,72.5
2026-09-04,A13,HALL-A,CDU-A2,18,65.7,71.7
2026-09-04,A14,HALL-A,CDU-A2,18,66.1,72.1
2026-09-04,A15,HALL-A,CDU-A2,18,67.1,73.1
2026-09-04,A16,HALL-A,CDU-A2,18,64.7,70.7
2026-09-04,A17,HALL-A,CDU-A3,18,65.5,71.5
2026-09-04,A18,HALL-A,CDU-A3,18,66.1,72.1
2026-09-04,A19,HALL-A,CDU-A3,18,67.2,73.2
2026-09-04,A20,HALL-A,CDU-A3,18,67.8,73.8
2026-09-04,A21,HALL-A,CDU-A3,18,66.6,72.6
2026-09-04,A22,HALL-A,CDU-A3,18,65.4,71.4
2026-09-04,A23,HALL-A,CDU-A3,18,67.3,73.3
2026-09-04,A24,HALL-A,CDU-A3,18,65.9,71.9
2026-09-04,A25,HALL-A,CDU-A4,18,67.4,73.4
2026-09-04,A26,HALL-A,CDU-A4,18,67.0,73.0
2026-09-04,A27,HALL-A,CDU-A4,18,65.9,71.9
2026-09-04,A28,HALL-A,CDU-A4,18,66.0,72.0
2026-09-04,A29,HALL-A,CDU-A4,18,65.5,71.5
2026-09-04,A30,HALL-A,CDU-A4,18,66.3,72.3
2026-09-04,A31,HALL-A,CDU-A4,18,66.7,72.7
2026-09-04,A32,HALL-A,CDU-A4,18,66.5,72.5
2026-09-05,A01,HALL-A,CDU-A1,18,64.6,70.6
2026-09-05,A02,HALL-A,CDU-A1,18,65.8,71.8
2026-09-05,A03,HALL-A,CDU-A1,18,68.1,74.1
2026-09-05,A04,HALL-A,CDU-A1,18,66.2,72.2
2026-09-05,A05,HALL-A,CDU-A1,18,67.4,73.4
2026-09-05,A06,HALL-A,CDU-A1,18,66.2,72.2
2026-09-05,A07,HALL-A,CDU-A1,18,67.4,73.4
2026-09-05,A08,HALL-A,CDU-A1,18,67.4,73.4
2026-09-05,A09,HALL-A,CDU-A2,18,88.1,94.1
2026-09-05,A10,HALL-A,CDU-A2,18,69.2,75.2
2026-09-05,A11,HALL-A,CDU-A2,18,67.2,73.2
2026-09-05,A12,HALL-A,CDU-A2,18,66.5,72.5
2026-09-05,A13,HALL-A,CDU-A2,18,67.5,73.5
2026-09-05,A14,HALL-A,CDU-A2,18,66.4,72.4
2026-09-05,A15,HALL-A,CDU-A2,18,65.9,71.9
2026-09-05,A16,HALL-A,CDU-A2,18,66.6,72.6
2026-09-05,A17,HALL-A,CDU-A3,18,66.7,72.7
2026-09-05,A18,HALL-A,CDU-A3,18,66.2,72.2
2026-09-05,A19,HALL-A,CDU-A3,18,65.8,71.8
2026-09-05,A20,HALL-A,CDU-A3,18,66.2,72.2
2026-09-05,A21,HALL-A,CDU-A3,18,66.4,72.4
2026-09-05,A22,HALL-A,CDU-A3,18,65.7,71.7
2026-09-05,A23,HALL-A,CDU-A3,18,66.0,72.0
2026-09-05,A24,HALL-A,CDU-A3,18,66.4,72.4
2026-09-05,A25,HALL-A,CDU-A4,18,65.3,71.3
2026-09-05,A26,HALL-A,CDU-A4,18,66.2,72.2
2026-09-05,A27,HALL-A,CDU-A4,18,65.9,71.9
2026-09-05,A28,HALL-A,CDU-A4,18,87.5,93.5
2026-09-05,A29,HALL-A,CDU-A4,18,66.2,72.2
2026-09-05,A30,HALL-A,CDU-A4,18,65.9,71.9
2026-09-05,A31,HALL-A,CDU-A4,18,66.9,72.9
2026-09-05,A32,HALL-A,CDU-A4,18,67.5,73.5
2026-09-05,B01,HALL-B,CDU-B1,18,87.5,93.5
2026-09-05,B02,HALL-B,CDU-B1,18,69.0,75.0
2026-09-06,A01,HALL-A,CDU-A1,18,66.2,72.2
2026-09-06,A02,HALL-A,CDU-A1,18,65.1,71.1
2026-09-06,A03,HALL-A,CDU-A1,18,65.5,71.5
2026-09-06,A04,HALL-A,CDU-A1,18,65.7,71.7
2026-09-06,A05,HALL-A,CDU-A1,18,66.5,72.5
2026-09-06,A06,HALL-A,CDU-A1,18,65.5,71.5
2026-09-06,A07,HALL-A,CDU-A1,18,65.5,71.5
2026-09-06,A08,HALL-A,CDU-A1,18,65.7,71.7
2026-09-06,A09,HALL-A,CDU-A2,18,86.6,92.6
2026-09-06,A10,HALL-A,CDU-A2,18,65.8,71.8
2026-09-06,A11,HALL-A,CDU-A2,18,67.1,73.1
2026-09-06,A12,HALL-A,CDU-A2,18,66.2,72.2
2026-09-06,A13,HALL-A,CDU-A2,18,66.2,72.2
2026-09-06,A14,HALL-A,CDU-A2,18,87.5,93.5
2026-09-06,A15,HALL-A,CDU-A2,18,66.5,72.5
2026-09-06,A16,HALL-A,CDU-A2,18,66.8,72.8
2026-09-06,A17,HALL-A,CDU-A3,18,67.0,73.0
2026-09-06,A18,HALL-A,CDU-A3,18,65.9,71.9
2026-09-06,A19,HALL-A,CDU-A3,18,65.4,71.4
2026-09-06,A20,HALL-A,CDU-A3,18,67.1,73.1
2026-09-06,A21,HALL-A,CDU-A3,18,67.3,73.3
2026-09-06,A22,HALL-A,CDU-A3,18,65.1,71.1
2026-09-06,A23,HALL-A,CDU-A3,18,66.3,72.3
2026-09-06,A24,HALL-A,CDU-A3,18,65.6,71.6
2026-09-06,A25,HALL-A,CDU-A4,18,67.7,73.7
2026-09-06,A26,HALL-A,CDU-A4,18,67.1,73.1
2026-09-06,A27,HALL-A,CDU-A4,18,66.9,72.9
2026-09-06,A28,HALL-A,CDU-A4,18,67.3,73.3
2026-09-06,A29,HALL-A,CDU-A4,18,66.3,72.3
2026-09-06,A30,HALL-A,CDU-A4,18,65.5,71.5
2026-09-06,A31,HALL-A,CDU-A4,18,66.4,72.4
2026-09-06,A32,HALL-A,CDU-A4,18,67.2,73.2
2026-09-06,B01,HALL-B,CDU-B1,18,69.3,75.3
2026-09-06,B02,HALL-B,CDU-B1,18,69.3,75.3
2026-09-06,B03,HALL-B,CDU-B1,18,69.7,75.7
2026-09-07,A01,HALL-A,CDU-A1,18,66.7,72.7
2026-09-07,A02,HALL-A,CDU-A1,18,66.5,72.5
2026-09-07,A03,HALL-A,CDU-A1,18,66.8,72.8
2026-09-07,A04,HALL-A,CDU-A1,18,69.1,75.1
2026-09-07,A05,HALL-A,CDU-A1,18,67.8,73.8
2026-09-07,A06,HALL-A,CDU-A1,18,64.9,70.9
2026-09-07,A07,HALL-A,CDU-A1,18,66.2,72.2
2026-09-07,A08,HALL-A,CDU-A1,18,66.1,72.1
2026-09-07,A09,HALL-A,CDU-A2,18,87.2,93.2
2026-09-07,A10,HALL-A,CDU-A2,18,67.5,73.5
2026-09-07,A11,HALL-A,CDU-A2,18,66.2,72.2
2026-09-07,A12,HALL-A,CDU-A2,18,67.0,73.0
2026-09-07,A13,HALL-A,CDU-A2,18,66.6,72.6
2026-09-07,A14,HALL-A,CDU-A2,18,67.9,73.9
2026-09-07,A15,HALL-A,CDU-A2,18,67.5,73.5
2026-09-07,A16,HALL-A,CDU-A2,18,66.9,72.9
2026-09-07,A17,HALL-A,CDU-A3,18,67.5,73.5
2026-09-07,A18,HALL-A,CDU-A3,18,66.0,72.0
2026-09-07,A19,HALL-A,CDU-A3,18,66.1,72.1
2026-09-07,A20,HALL-A,CDU-A3,18,67.0,73.0
2026-09-07,A21,HALL-A,CDU-A3,18,66.6,72.6
2026-09-07,A22,HALL-A,CDU-A3,18,66.7,72.7
2026-09-07,A23,HALL-A,CDU-A3,18,66.3,72.3
2026-09-07,A24,HALL-A,CDU-A3,18,66.7,72.7
2026-09-07,A25,HALL-A,CDU-A4,18,66.7,72.7
2026-09-07,A26,HALL-A,CDU-A4,18,66.5,72.5
2026-09-07,A27,HALL-A,CDU-A4,18,65.2,71.2
2026-09-07,A28,HALL-A,CDU-A4,18,65.1,71.1
2026-09-07,A29,HALL-A,CDU-A4,18,65.5,71.5
2026-09-07,A30,HALL-A,CDU-A4,18,65.8,71.8
2026-09-07,A31,HALL-A,CDU-A4,18,66.9,72.9
2026-09-07,A32,HALL-A,CDU-A4,18,65.9,71.9
2026-09-07,B01,HALL-B,CDU-B1,18,69.4,75.4
2026-09-07,B02,HALL-B,CDU-B1,18,70.4,76.4
2026-09-07,B03,HALL-B,CDU-B1,18,69.8,75.8
2026-09-08,A01,HALL-A,CDU-A1,18,66.3,72.3
2026-09-08,A02,HALL-A,CDU-A1,18,65.5,71.5
2026-09-08,A03,HALL-A,CDU-A1,18,66.0,72.0
2026-09-08,A04,HALL-A,CDU-A1,18,67.0,73.0
2026-09-08,A05,HALL-A,CDU-A1,18,66.5,72.5
2026-09-08,A06,HALL-A,CDU-A1,18,65.6,71.6
2026-09-08,A07,HALL-A,CDU-A1,18,67.4,73.4
2026-09-08,A08,HALL-A,CDU-A1,18,66.1,72.1
2026-09-08,A09,HALL-A,CDU-A2,18,88.8,94.8
2026-09-08,A10,HALL-A,CDU-A2,18,66.9,72.9
2026-09-08,A11,HALL-A,CDU-A2,18,65.8,71.8
2026-09-08,A12,HALL-A,CDU-A2,18,66.2,72.2
2026-09-08,A13,HALL-A,CDU-A2,18,65.6,71.6
2026-09-08,A14,HALL-A,CDU-A2,18,65.1,71.1
2026-09-08,A15,HALL-A,CDU-A2,18,66.0,72.0
2026-09-08,A16,HALL-A,CDU-A2,18,67.2,73.2
2026-09-08,A17,HALL-A,CDU-A3,18,65.1,71.1
2026-09-08,A18,HALL-A,CDU-A3,18,66.3,72.3
2026-09-08,A19,HALL-A,CDU-A3,18,67.7,73.7
2026-09-08,A20,HALL-A,CDU-A3,18,65.5,71.5
2026-09-08,A21,HALL-A,CDU-A3,18,65.3,71.3
2026-09-08,A22,HALL-A,CDU-A3,18,66.5,72.5
2026-09-08,A23,HALL-A,CDU-A3,18,65.0,71.0
2026-09-08,A24,HALL-A,CDU-A3,18,66.6,72.6
2026-09-08,A25,HALL-A,CDU-A4,18,66.5,72.5
2026-09-08,A26,HALL-A,CDU-A4,18,65.9,71.9
2026-09-08,A27,HALL-A,CDU-A4,18,65.6,71.6
2026-09-08,A28,HALL-A,CDU-A4,18,65.9,71.9
2026-09-08,A29,HALL-A,CDU-A4,18,65.2,71.2
2026-09-08,A30,HALL-A,CDU-A4,18,65.7,71.7
2026-09-08,A31,HALL-A,CDU-A4,18,66.1,72.1
2026-09-08,A32,HALL-A,CDU-A4,18,66.1,72.1
2026-09-08,B01,HALL-B,CDU-B1,18,69.6,75.6
2026-09-08,B02,HALL-B,CDU-B1,18,69.3,75.3
2026-09-08,B03,HALL-B,CDU-B1,18,69.1,75.1
2026-09-09,A01,HALL-A,CDU-A1,18,66.8,72.8
2026-09-09,A02,HALL-A,CDU-A1,18,68.5,74.5
2026-09-09,A03,HALL-A,CDU-A1,18,66.9,72.9
2026-09-09,A04,HALL-A,CDU-A1,18,66.8,72.8
2026-09-09,A05,HALL-A,CDU-A1,18,65.8,71.8
2026-09-09,A06,HALL-A,CDU-A1,18,66.4,72.4
2026-09-09,A07,HALL-A,CDU-A1,18,67.2,73.2
2026-09-09,A08,HALL-A,CDU-A1,18,66.9,72.9
2026-09-09,A09,HALL-A,CDU-A2,18,86.3,92.3
2026-09-09,A10,HALL-A,CDU-A2,18,66.1,72.1
2026-09-09,A11,HALL-A,CDU-A2,18,65.7,71.7
2026-09-09,A12,HALL-A,CDU-A2,18,67.1,73.1
2026-09-09,A13,HALL-A,CDU-A2,18,66.1,72.1
2026-09-09,A14,HALL-A,CDU-A2,18,65.4,71.4
2026-09-09,A15,HALL-A,CDU-A2,18,66.3,72.3
2026-09-09,A16,HALL-A,CDU-A2,18,65.2,71.2
2026-09-09,A17,HALL-A,CDU-A3,18,66.0,72.0
2026-09-09,A18,HALL-A,CDU-A3,18,66.3,72.3
2026-09-09,A19,HALL-A,CDU-A3,18,67.0,73.0
2026-09-09,A20,HALL-A,CDU-A3,18,66.6,72.6
2026-09-09,A21,HALL-A,CDU-A3,18,66.7,72.7
2026-09-09,A22,HALL-A,CDU-A3,18,66.2,72.2
2026-09-09,A23,HALL-A,CDU-A3,18,65.6,71.6
2026-09-09,A24,HALL-A,CDU-A3,18,65.0,71.0
2026-09-09,A25,HALL-A,CDU-A4,18,66.3,72.3
2026-09-09,A26,HALL-A,CDU-A4,18,66.4,72.4
2026-09-09,A27,HALL-A,CDU-A4,18,67.2,73.2
2026-09-09,A28,HALL-A,CDU-A4,18,66.5,72.5
2026-09-09,A29,HALL-A,CDU-A4,18,68.7,74.7
2026-09-09,A30,HALL-A,CDU-A4,18,66.8,72.8
2026-09-09,A31,HALL-A,CDU-A4,18,66.4,72.4
2026-09-09,A32,HALL-A,CDU-A4,18,67.4,73.4
2026-09-09,B01,HALL-B,CDU-B1,18,68.6,74.6
2026-09-09,B02,HALL-B,CDU-B1,18,68.5,74.5
2026-09-09,B03,HALL-B,CDU-B1,18,70.8,76.8
2026-09-09,B04,HALL-B,CDU-B1,18,68.3,74.3
2026-09-09,B05,HALL-B,CDU-B1,18,69.7,75.7
2026-09-10,A01,HALL-A,CDU-A1,18,66.8,72.8
2026-09-10,A02,HALL-A,CDU-A1,18,65.9,71.9
2026-09-10,A03,HALL-A,CDU-A1,18,65.5,71.5
2026-09-10,A04,HALL-A,CDU-A1,18,66.3,72.3
2026-09-10,A05,HALL-A,CDU-A1,18,65.8,71.8
2026-09-10,A06,HALL-A,CDU-A1,18,66.2,72.2
2026-09-10,A07,HALL-A,CDU-A1,18,66.4,72.4
2026-09-10,A08,HALL-A,CDU-A1,18,66.4,72.4
2026-09-10,A09,HALL-A,CDU-A2,18,87.2,93.2
2026-09-10,A10,HALL-A,CDU-A2,18,66.9,72.9
2026-09-10,A11,HALL-A,CDU-A2,18,65.5,71.5
2026-09-10,A12,HALL-A,CDU-A2,18,66.0,72.0
2026-09-10,A13,HALL-A,CDU-A2,18,66.7,72.7
2026-09-10,A14,HALL-A,CDU-A2,18,65.1,71.1
2026-09-10,A15,HALL-A,CDU-A2,18,65.9,71.9
2026-09-10,A16,HALL-A,CDU-A2,18,65.9,71.9
2026-09-10,A17,HALL-A,CDU-A3,18,66.3,72.3
2026-09-10,A18,HALL-A,CDU-A3,18,67.3,73.3
2026-09-10,A19,HALL-A,CDU-A3,18,66.0,72.0
2026-09-10,A20,HALL-A,CDU-A3,18,65.6,71.6
2026-09-10,A21,HALL-A,CDU-A3,18,65.7,71.7
2026-09-10,A22,HALL-A,CDU-A3,18,65.6,71.6
2026-09-10,A23,HALL-A,CDU-A3,18,66.0,72.0
2026-09-10,A24,HALL-A,CDU-A3,18,66.0,72.0
2026-09-10,A25,HALL-A,CDU-A4,18,67.3,73.3
2026-09-10,A26,HALL-A,CDU-A4,18,65.5,71.5
2026-09-10,A27,HALL-A,CDU-A4,18,65.0,71.0
2026-09-10,A28,HALL-A,CDU-A4,18,65.7,71.7
2026-09-10,A29,HALL-A,CDU-A4,18,66.5,72.5
2026-09-10,A30,HALL-A,CDU-A4,18,65.0,71.0
2026-09-10,A31,HALL-A,CDU-A4,18,65.8,71.8
2026-09-10,A32,HALL-A,CDU-A4,18,66.3,72.3
2026-09-10,B01,HALL-B,CDU-B1,18,68.9,74.9
2026-09-10,B02,HALL-B,CDU-B1,18,69.0,75.0
2026-09-10,B03,HALL-B,CDU-B1,18,68.7,74.7
2026-09-10,B04,HALL-B,CDU-B1,18,69.2,75.2
2026-09-10,B05,HALL-B,CDU-B1,18,70.1,76.1
2026-09-11,A01,HALL-A,CDU-A1,18,65.9,71.9
2026-09-11,A02,HALL-A,CDU-A1,18,66.0,72.0
2026-09-11,A03,HALL-A,CDU-A1,18,66.4,72.4
2026-09-11,A04,HALL-A,CDU-A1,18,66.2,72.2
2026-09-11,A05,HALL-A,CDU-A1,18,66.1,72.1
2026-09-11,A06,HALL-A,CDU-A1,18,65.3,71.3
2026-09-11,A07,HALL-A,CDU-A1,18,65.0,71.0
2026-09-11,A08,HALL-A,CDU-A1,18,65.7,71.7
2026-09-11,A09,HALL-A,CDU-A2,18,86.9,92.9
2026-09-11,A10,HALL-A,CDU-A2,18,66.3,72.3
2026-09-11,A11,HALL-A,CDU-A2,18,68.2,74.2
2026-09-11,A12,HALL-A,CDU-A2,18,66.0,72.0
2026-09-11,A13,HALL-A,CDU-A2,18,64.8,70.8
2026-09-11,A14,HALL-A,CDU-A2,18,65.5,71.5
2026-09-11,A15,HALL-A,CDU-A2,18,65.3,71.3
2026-09-11,A16,HALL-A,CDU-A2,18,66.4,72.4
2026-09-11,A17,HALL-A,CDU-A3,18,66.6,72.6
2026-09-11,A18,HALL-A,CDU-A3,18,66.0,72.0
2026-09-11,A19,HALL-A,CDU-A3,18,65.6,71.6
2026-09-11,A20,HALL-A,CDU-A3,18,68.9,74.9
2026-09-11,A21,HALL-A,CDU-A3,18,66.5,72.5
2026-09-11,A22,HALL-A,CDU-A3,18,67.4,73.4
2026-09-11,A23,HALL-A,CDU-A3,18,67.1,73.1
2026-09-11,A24,HALL-A,CDU-A3,18,67.8,73.8
2026-09-11,A25,HALL-A,CDU-A4,18,67.5,73.5
2026-09-11,A26,HALL-A,CDU-A4,18,66.0,72.0
2026-09-11,A27,HALL-A,CDU-A4,18,66.4,72.4
2026-09-11,A28,HALL-A,CDU-A4,18,66.4,72.4
2026-09-11,A29,HALL-A,CDU-A4,18,65.4,71.4
2026-09-11,A30,HALL-A,CDU-A4,18,65.4,71.4
2026-09-11,A31,HALL-A,CDU-A4,18,66.5,72.5
2026-09-11,A32,HALL-A,CDU-A4,18,66.7,72.7
2026-09-11,B01,HALL-B,CDU-B1,18,69.1,75.1
2026-09-11,B02,HALL-B,CDU-B1,18,69.3,75.3
2026-09-11,B03,HALL-B,CDU-B1,18,70.0,76.0
2026-09-11,B04,HALL-B,CDU-B1,18,69.7,75.7
2026-09-11,B05,HALL-B,CDU-B1,18,68.6,74.6
2026-09-12,A01,HALL-A,CDU-A1,18,66.8,72.8
2026-09-12,A02,HALL-A,CDU-A1,18,66.9,72.9
2026-09-12,A03,HALL-A,CDU-A1,18,65.0,71.0
2026-09-12,A04,HALL-A,CDU-A1,18,66.5,72.5
2026-09-12,A05,HALL-A,CDU-A1,18,65.7,71.7
2026-09-12,A06,HALL-A,CDU-A1,18,64.8,70.8
2026-09-12,A07,HALL-A,CDU-A1,18,65.2,71.2
2026-09-12,A08,HALL-A,CDU-A1,18,65.8,71.8
2026-09-12,A09,HALL-A,CDU-A2,18,86.2,92.2
2026-09-12,A10,HALL-A,CDU-A2,18,66.8,72.8
2026-09-12,A11,HALL-A,CDU-A2,18,66.1,72.1
2026-09-12,A12,HALL-A,CDU-A2,18,66.6,72.6
2026-09-12,A13,HALL-A,CDU-A2,18,66.9,72.9
2026-09-12,A14,HALL-A,CDU-A2,18,67.5,73.5
2026-09-12,A15,HALL-A,CDU-A2,18,65.5,71.5
2026-09-12,A16,HALL-A,CDU-A2,18,67.1,73.1
2026-09-12,A17,HALL-A,CDU-A3,18,66.2,72.2
2026-09-12,A18,HALL-A,CDU-A3,18,87.5,93.5
2026-09-12,A19,HALL-A,CDU-A3,18,65.6,71.6
2026-09-12,A20,HALL-A,CDU-A3,18,65.6,71.6
2026-09-12,A21,HALL-A,CDU-A3,18,66.0,72.0
2026-09-12,A22,HALL-A,CDU-A3,18,65.1,71.1
2026-09-12,A23,HALL-A,CDU-A3,18,65.0,71.0
2026-09-12,A24,HALL-A,CDU-A3,18,65.8,71.8
2026-09-12,A25,HALL-A,CDU-A4,18,66.1,72.1
2026-09-12,A26,HALL-A,CDU-A4,18,66.0,72.0
2026-09-12,A27,HALL-A,CDU-A4,18,66.7,72.7
2026-09-12,A28,HALL-A,CDU-A4,18,66.8,72.8
2026-09-12,A29,HALL-A,CDU-A4,18,65.2,71.2
2026-09-12,A30,HALL-A,CDU-A4,18,66.2,72.2
2026-09-12,A31,HALL-A,CDU-A4,18,65.8,71.8
2026-09-12,A32,HALL-A,CDU-A4,18,66.9,72.9
2026-09-12,B01,HALL-B,CDU-B1,18,67.9,73.9
2026-09-12,B02,HALL-B,CDU-B1,18,67.9,73.9
2026-09-12,B03,HALL-B,CDU-B1,18,87.5,93.5
2026-09-12,B04,HALL-B,CDU-B1,18,72.0,78.0
2026-09-12,B05,HALL-B,CDU-B1,18,68.7,74.7
2026-09-12,B06,HALL-B,CDU-B1,18,69.1,75.1
2026-09-13,A01,HALL-A,CDU-A1,18,66.4,72.4
2026-09-13,A02,HALL-A,CDU-A1,18,66.1,72.1
2026-09-13,A03,HALL-A,CDU-A1,18,66.8,72.8
2026-09-13,A04,HALL-A,CDU-A1,18,64.8,70.8
2026-09-13,A05,HALL-A,CDU-A1,18,65.6,71.6
2026-09-13,A06,HALL-A,CDU-A1,18,65.7,71.7
2026-09-13,A07,HALL-A,CDU-A1,18,65.8,71.8
2026-09-13,A08,HALL-A,CDU-A1,18,64.8,70.8
2026-09-13,A09,HALL-A,CDU-A2,18,87.3,93.3
2026-09-13,A10,HALL-A,CDU-A2,18,67.3,73.3
2026-09-13,A11,HALL-A,CDU-A2,18,66.0,72.0
2026-09-13,A12,HALL-A,CDU-A2,18,67.6,73.6
2026-09-13,A13,HALL-A,CDU-A2,18,65.9,71.9
2026-09-13,A14,HALL-A,CDU-A2,18,65.7,71.7
2026-09-13,A15,HALL-A,CDU-A2,18,65.8,71.8
2026-09-13,A16,HALL-A,CDU-A2,18,66.1,72.1
2026-09-13,A17,HALL-A,CDU-A3,18,65.6,71.6
2026-09-13,A18,HALL-A,CDU-A3,18,66.5,72.5
2026-09-13,A19,HALL-A,CDU-A3,18,65.5,71.5
2026-09-13,A20,HALL-A,CDU-A3,18,65.2,71.2
2026-09-13,A21,HALL-A,CDU-A3,18,87.5,93.5
2026-09-13,A22,HALL-A,CDU-A3,18,66.2,72.2
2026-09-13,A23,HALL-A,CDU-A3,18,67.7,73.7
2026-09-13,A24,HALL-A,CDU-A3,18,65.4,71.4
2026-09-13,A25,HALL-A,CDU-A4,18,66.1,72.1
2026-09-13,A26,HALL-A,CDU-A4,18,67.2,73.2
2026-09-13,A27,HALL-A,CDU-A4,18,66.7,72.7
2026-09-13,A28,HALL-A,CDU-A4,18,67.0,73.0
2026-09-13,A29,HALL-A,CDU-A4,18,66.2,72.2
2026-09-13,A30,HALL-A,CDU-A4,18,67.6,73.6
2026-09-13,A31,HALL-A,CDU-A4,18,66.0,72.0
2026-09-13,A32,HALL-A,CDU-A4,18,65.5,71.5
2026-09-13,B01,HALL-B,CDU-B1,18,69.1,75.1
2026-09-13,B02,HALL-B,CDU-B1,18,69.2,75.2
2026-09-13,B03,HALL-B,CDU-B1,18,69.0,75.0
2026-09-13,B04,HALL-B,CDU-B1,18,70.1,76.1
2026-09-13,B05,HALL-B,CDU-B1,18,70.7,76.7
2026-09-13,B06,HALL-B,CDU-B1,18,68.9,74.9
2026-09-13,B07,HALL-B,CDU-B1,18,69.3,75.3
2026-09-13,B08,HALL-B,CDU-B1,18,69.0,75.0
2026-09-14,A01,HALL-A,CDU-A1,18,66.3,72.3
2026-09-14,A02,HALL-A,CDU-A1,18,67.5,73.5
2026-09-14,A03,HALL-A,CDU-A1,18,66.1,72.1
2026-09-14,A04,HALL-A,CDU-A1,18,65.5,71.5
2026-09-14,A05,HALL-A,CDU-A1,18,67.2,73.2
2026-09-14,A06,HALL-A,CDU-A1,18,66.4,72.4
2026-09-14,A07,HALL-A,CDU-A1,18,65.7,71.7
2026-09-14,A08,HALL-A,CDU-A1,18,64.9,70.9
2026-09-14,A09,HALL-A,CDU-A2,18,86.0,92.0
2026-09-14,A10,HALL-A,CDU-A2,18,65.5,71.5
2026-09-14,A11,HALL-A,CDU-A2,18,66.8,72.8
2026-09-14,A12,HALL-A,CDU-A2,18,65.6,71.6
2026-09-14,A13,HALL-A,CDU-A2,18,68.3,74.3
2026-09-14,A14,HALL-A,CDU-A2,18,65.4,71.4
2026-09-14,A15,HALL-A,CDU-A2,18,66.3,72.3
2026-09-14,A16,HALL-A,CDU-A2,18,66.1,72.1
2026-09-14,A17,HALL-A,CDU-A3,18,66.5,72.5
2026-09-14,A18,HALL-A,CDU-A3,18,65.8,71.8
2026-09-14,A19,HALL-A,CDU-A3,18,66.6,72.6
2026-09-14,A20,HALL-A,CDU-A3,18,66.9,72.9
2026-09-14,A21,HALL-A,CDU-A3,18,66.8,72.8
2026-09-14,A22,HALL-A,CDU-A3,18,65.4,71.4
2026-09-14,A23,HALL-A,CDU-A3,18,65.7,71.7
2026-09-14,A24,HALL-A,CDU-A3,18,68.5,74.5
2026-09-14,A25,HALL-A,CDU-A4,18,67.5,73.5
2026-09-14,A26,HALL-A,CDU-A4,18,65.7,71.7
2026-09-14,A27,HALL-A,CDU-A4,18,65.5,71.5
2026-09-14,A28,HALL-A,CDU-A4,18,66.8,72.8
2026-09-14,A29,HALL-A,CDU-A4,18,67.0,73.0
2026-09-14,A30,HALL-A,CDU-A4,18,65.8,71.8
2026-09-14,A31,HALL-A,CDU-A4,18,66.1,72.1
2026-09-14,A32,HALL-A,CDU-A4,18,65.3,71.3
2026-09-14,B01,HALL-B,CDU-B1,18,70.2,76.2
2026-09-14,B02,HALL-B,CDU-B1,18,87.5,93.5
2026-09-14,B03,HALL-B,CDU-B1,18,68.6,74.6
2026-09-14,B04,HALL-B,CDU-B1,18,68.8,74.8
2026-09-14,B05,HALL-B,CDU-B1,18,69.5,75.5
2026-09-14,B06,HALL-B,CDU-B1,18,69.3,75.3
2026-09-14,B07,HALL-B,CDU-B1,18,71.4,77.4
2026-09-14,B08,HALL-B,CDU-B1,18,69.8,75.8
2026-09-15,A01,HALL-A,CDU-A1,18,65.8,71.8
2026-09-15,A02,HALL-A,CDU-A1,18,66.2,72.2
2026-09-15,A03,HALL-A,CDU-A1,18,66.1,72.1
2026-09-15,A04,HALL-A,CDU-A1,18,66.3,72.3
2026-09-15,A05,HALL-A,CDU-A1,18,66.1,72.1
2026-09-15,A06,HALL-A,CDU-A1,18,66.2,72.2
2026-09-15,A07,HALL-A,CDU-A1,18,65.4,71.4
2026-09-15,A08,HALL-A,CDU-A1,18,67.2,73.2
2026-09-15,A09,HALL-A,CDU-A2,18,87.1,93.1
2026-09-15,A10,HALL-A,CDU-A2,18,65.7,71.7
2026-09-15,A11,HALL-A,CDU-A2,18,66.5,72.5
2026-09-15,A12,HALL-A,CDU-A2,18,65.2,71.2
2026-09-15,A13,HALL-A,CDU-A2,18,65.4,71.4
2026-09-15,A14,HALL-A,CDU-A2,18,67.4,73.4
2026-09-15,A15,HALL-A,CDU-A2,18,65.7,71.7
2026-09-15,A16,HALL-A,CDU-A2,18,66.9,72.9
2026-09-15,A17,HALL-A,CDU-A3,18,66.2,72.2
2026-09-15,A18,HALL-A,CDU-A3,18,66.2,72.2
2026-09-15,A19,HALL-A,CDU-A3,18,66.8,72.8
2026-09-15,A20,HALL-A,CDU-A3,18,67.0,73.0
2026-09-15,A21,HALL-A,CDU-A3,18,67.4,73.4
2026-09-15,A22,HALL-A,CDU-A3,18,67.4,73.4
2026-09-15,A23,HALL-A,CDU-A3,18,66.2,72.2
2026-09-15,A24,HALL-A,CDU-A3,18,65.7,71.7
2026-09-15,A25,HALL-A,CDU-A4,18,64.8,70.8
2026-09-15,A26,HALL-A,CDU-A4,18,66.4,72.4
2026-09-15,A27,HALL-A,CDU-A4,18,65.7,71.7
2026-09-15,A28,HALL-A,CDU-A4,18,66.2,72.2
2026-09-15,A29,HALL-A,CDU-A4,18,66.0,72.0
2026-09-15,A30,HALL-A,CDU-A4,18,65.8,71.8
2026-09-15,A31,HALL-A,CDU-A4,18,87.5,93.5
2026-09-15,A32,HALL-A,CDU-A4,18,67.1,73.1
2026-09-15,B01,HALL-B,CDU-B1,18,69.7,75.7
2026-09-15,B02,HALL-B,CDU-B1,18,69.9,75.9
2026-09-15,B03,HALL-B,CDU-B1,18,70.3,76.3
2026-09-15,B04,HALL-B,CDU-B1,18,69.9,75.9
2026-09-15,B05,HALL-B,CDU-B1,18,68.9,74.9
2026-09-15,B06,HALL-B,CDU-B1,18,70.0,76.0
2026-09-15,B07,HALL-B,CDU-B1,18,68.4,74.4
2026-09-15,B08,HALL-B,CDU-B1,18,70.3,76.3
2026-09-15,B09,HALL-B,CDU-B2,18,68.7,74.7
2026-09-16,A01,HALL-A,CDU-A1,18,66.6,72.6
2026-09-16,A02,HALL-A,CDU-A1,18,65.9,71.9
2026-09-16,A03,HALL-A,CDU-A1,18,65.3,71.3
2026-09-16,A04,HALL-A,CDU-A1,18,66.2,72.2
2026-09-16,A05,HALL-A,CDU-A1,18,68.0,74.0
2026-09-16,A06,HALL-A,CDU-A1,18,65.9,71.9
2026-09-16,A07,HALL-A,CDU-A1,18,66.3,72.3
2026-09-16,A08,HALL-A,CDU-A1,18,66.6,72.6
2026-09-16,A09,HALL-A,CDU-A2,18,88.2,94.2
2026-09-16,A10,HALL-A,CDU-A2,18,64.5,70.5
2026-09-16,A11,HALL-A,CDU-A2,18,65.6,71.6
2026-09-16,A12,HALL-A,CDU-A2,18,65.7,71.7
2026-09-16,A13,HALL-A,CDU-A2,18,65.9,71.9
2026-09-16,A14,HALL-A,CDU-A2,18,66.0,72.0
2026-09-16,A15,HALL-A,CDU-A2,18,65.7,71.7
2026-09-16,A16,HALL-A,CDU-A2,18,66.2,72.2
2026-09-16,A17,HALL-A,CDU-A3,18,65.4,71.4
2026-09-16,A18,HALL-A,CDU-A3,18,67.3,73.3
2026-09-16,A19,HALL-A,CDU-A3,18,65.9,71.9
2026-09-16,A20,HALL-A,CDU-A3,18,64.9,70.9
2026-09-16,A21,HALL-A,CDU-A3,18,66.4,72.4
2026-09-16,A22,HALL-A,CDU-A3,18,65.7,71.7
2026-09-16,A23,HALL-A,CDU-A3,18,65.6,71.6
2026-09-16,A24,HALL-A,CDU-A3,18,64.7,70.7
2026-09-16,A25,HALL-A,CDU-A4,18,67.5,73.5
2026-09-16,A26,HALL-A,CDU-A4,18,66.7,72.7
2026-09-16,A27,HALL-A,CDU-A4,18,66.9,72.9
2026-09-16,A28,HALL-A,CDU-A4,18,65.9,71.9
2026-09-16,A29,HALL-A,CDU-A4,18,66.9,72.9
2026-09-16,A30,HALL-A,CDU-A4,18,65.9,71.9
2026-09-16,A31,HALL-A,CDU-A4,18,66.6,72.6
2026-09-16,A32,HALL-A,CDU-A4,18,66.4,72.4
2026-09-16,B01,HALL-B,CDU-B1,18,69.8,75.8
2026-09-16,B02,HALL-B,CDU-B1,18,69.4,75.4
2026-09-16,B03,HALL-B,CDU-B1,18,68.2,74.2
2026-09-16,B04,HALL-B,CDU-B1,18,70.4,76.4
2026-09-16,B05,HALL-B,CDU-B1,18,69.0,75.0
2026-09-16,B06,HALL-B,CDU-B1,18,69.6,75.6
2026-09-16,B07,HALL-B,CDU-B1,18,69.0,75.0
2026-09-16,B08,HALL-B,CDU-B1,18,69.7,75.7
2026-09-16,B09,HALL-B,CDU-B2,18,70.0,76.0
2026-09-16,B10,HALL-B,CDU-B2,18,69.6,75.6
2026-09-17,A01,HALL-A,CDU-A1,18,66.4,72.4
2026-09-17,A02,HALL-A,CDU-A1,18,65.2,71.2
2026-09-17,A03,HALL-A,CDU-A1,18,66.8,72.8
2026-09-17,A04,HALL-A,CDU-A1,18,67.3,73.3
2026-09-17,A05,HALL-A,CDU-A1,18,65.8,71.8
2026-09-17,A06,HALL-A,CDU-A1,18,66.7,72.7
2026-09-17,A07,HALL-A,CDU-A1,18,65.6,71.6
2026-09-17,A08,HALL-A,CDU-A1,18,65.8,71.8
2026-09-17,A09,HALL-A,CDU-A2,18,87.5,93.5
2026-09-17,A10,HALL-A,CDU-A2,18,67.8,73.8
2026-09-17,A11,HALL-A,CDU-A2,18,67.4,73.4
2026-09-17,A12,HALL-A,CDU-A2,18,67.3,73.3
2026-09-17,A13,HALL-A,CDU-A2,18,67.5,73.5
2026-09-17,A14,HALL-A,CDU-A2,18,66.3,72.3
2026-09-17,A15,HALL-A,CDU-A2,18,66.1,72.1
2026-09-17,A16,HALL-A,CDU-A2,18,65.9,71.9
2026-09-17,A17,HALL-A,CDU-A3,18,66.4,72.4
2026-09-17,A18,HALL-A,CDU-A3,18,67.4,73.4
2026-09-17,A19,HALL-A,CDU-A3,18,66.1,72.1
2026-09-17,A20,HALL-A,CDU-A3,18,66.2,72.2
2026-09-17,A21,HALL-A,CDU-A3,18,66.8,72.8
2026-09-17,A22,HALL-A,CDU-A3,18,66.2,72.2
2026-09-17,A23,HALL-A,CDU-A3,18,66.0,72.0
2026-09-17,A24,HALL-A,CDU-A3,18,66.4,72.4
2026-09-17,A25,HALL-A,CDU-A4,18,65.8,71.8
2026-09-17,A26,HALL-A,CDU-A4,18,65.7,71.7
2026-09-17,A27,HALL-A,CDU-A4,18,67.5,73.5
2026-09-17,A28,HALL-A,CDU-A4,18,66.3,72.3
2026-09-17,A29,HALL-A,CDU-A4,18,65.9,71.9
2026-09-17,A30,HALL-A,CDU-A4,18,66.1,72.1
2026-09-17,A31,HALL-A,CDU-A4,18,65.5,71.5
2026-09-17,A32,HALL-A,CDU-A4,18,66.2,72.2
2026-09-17,B01,HALL-B,CDU-B1,18,70.2,76.2
2026-09-17,B02,HALL-B,CDU-B1,18,70.0,76.0
2026-09-17,B03,HALL-B,CDU-B1,18,70.0,76.0
2026-09-17,B04,HALL-B,CDU-B1,18,69.6,75.6
2026-09-17,B05,HALL-B,CDU-B1,18,69.6,75.6
2026-09-17,B06,HALL-B,CDU-B1,18,70.2,76.2
2026-09-17,B07,HALL-B,CDU-B1,18,69.7,75.7
2026-09-17,B08,HALL-B,CDU-B1,18,68.8,74.8
2026-09-17,B09,HALL-B,CDU-B2,18,70.8,76.8
2026-09-17,B10,HALL-B,CDU-B2,18,69.5,75.5
2026-09-18,A01,HALL-A,CDU-A1,18,66.4,72.4
2026-09-18,A02,HALL-A,CDU-A1,18,65.7,71.7
2026-09-18,A03,HALL-A,CDU-A1,18,66.8,72.8
2026-09-18,A04,HALL-A,CDU-A1,18,67.0,73.0
2026-09-18,A05,HALL-A,CDU-A1,18,66.4,72.4
2026-09-18,A06,HALL-A,CDU-A1,18,66.5,72.5
2026-09-18,A07,HALL-A,CDU-A1,18,66.7,72.7
2026-09-18,A08,HALL-A,CDU-A1,18,65.1,71.1
2026-09-18,A09,HALL-A,CDU-A2,18,87.5,93.5
2026-09-18,A10,HALL-A,CDU-A2,18,65.1,71.1
2026-09-18,A11,HALL-A,CDU-A2,18,66.3,72.3
2026-09-18,A12,HALL-A,CDU-A2,18,65.7,71.7
2026-09-18,A13,HALL-A,CDU-A2,18,66.1,72.1
2026-09-18,A14,HALL-A,CDU-A2,18,67.0,73.0
2026-09-18,A15,HALL-A,CDU-A2,18,66.3,72.3
2026-09-18,A16,HALL-A,CDU-A2,18,66.0,72.0
2026-09-18,A17,HALL-A,CDU-A3,18,66.0,72.0
2026-09-18,A18,HALL-A,CDU-A3,18,65.6,71.6
2026-09-18,A19,HALL-A,CDU-A3,18,66.3,72.3
2026-09-18,A20,HALL-A,CDU-A3,18,66.7,72.7
2026-09-18,A21,HALL-A,CDU-A3,18,65.5,71.5
2026-09-18,A22,HALL-A,CDU-A3,18,66.9,72.9
2026-09-18,A23,HALL-A,CDU-A3,18,65.8,71.8
2026-09-18,A24,HALL-A,CDU-A3,18,65.6,71.6
2026-09-18,A25,HALL-A,CDU-A4,18,67.0,73.0
2026-09-18,A26,HALL-A,CDU-A4,18,67.0,73.0
2026-09-18,A27,HALL-A,CDU-A4,18,66.1,72.1
2026-09-18,A28,HALL-A,CDU-A4,18,66.7,72.7
2026-09-18,A29,HALL-A,CDU-A4,18,65.9,71.9
2026-09-18,A30,HALL-A,CDU-A4,18,65.4,71.4
2026-09-18,A31,HALL-A,CDU-A4,18,66.2,72.2
2026-09-18,A32,HALL-A,CDU-A4,18,65.8,71.8
2026-09-18,B01,HALL-B,CDU-B1,18,68.7,74.7
2026-09-18,B02,HALL-B,CDU-B1,18,69.6,75.6
2026-09-18,B03,HALL-B,CDU-B1,18,68.0,74.0
2026-09-18,B04,HALL-B,CDU-B1,18,68.5,74.5
2026-09-18,B05,HALL-B,CDU-B1,18,87.5,93.5
2026-09-18,B06,HALL-B,CDU-B1,18,68.6,74.6
2026-09-18,B07,HALL-B,CDU-B1,18,69.1,75.1
2026-09-18,B08,HALL-B,CDU-B1,18,69.2,75.2
2026-09-18,B09,HALL-B,CDU-B2,18,70.1,76.1
2026-09-18,B10,HALL-B,CDU-B2,18,70.0,76.0
2026-09-19,A01,HALL-A,CDU-A1,18,65.7,71.7
2026-09-19,A02,HALL-A,CDU-A1,18,67.0,73.0
2026-09-19,A03,HALL-A,CDU-A1,18,66.4,72.4
2026-09-19,A04,HALL-A,CDU-A1,18,67.0,73.0
2026-09-19,A05,HALL-A,CDU-A1,18,66.1,72.1
2026-09-19,A06,HALL-A,CDU-A1,18,66.2,72.2
2026-09-19,A07,HALL-A,CDU-A1,18,66.4,72.4
2026-09-19,A08,HALL-A,CDU-A1,18,66.5,72.5
2026-09-19,A09,HALL-A,CDU-A2,18,87.4,93.4
2026-09-19,A10,HALL-A,CDU-A2,18,67.2,73.2
2026-09-19,A11,HALL-A,CDU-A2,18,87.5,93.5
2026-09-19,A12,HALL-A,CDU-A2,18,65.8,71.8
2026-09-19,A13,HALL-A,CDU-A2,18,68.1,74.1
2026-09-19,A14,HALL-A,CDU-A2,18,66.9,72.9
2026-09-19,A15,HALL-A,CDU-A2,18,66.8,72.8
2026-09-19,A16,HALL-A,CDU-A2,18,65.9,71.9
2026-09-19,A17,HALL-A,CDU-A3,18,66.8,72.8
2026-09-19,A18,HALL-A,CDU-A3,18,65.9,71.9
2026-09-19,A19,HALL-A,CDU-A3,18,66.1,72.1
2026-09-19,A20,HALL-A,CDU-A3,18,66.1,72.1
2026-09-19,A21,HALL-A,CDU-A3,18,65.0,71.0
2026-09-19,A22,HALL-A,CDU-A3,18,66.5,72.5
2026-09-19,A23,HALL-A,CDU-A3,18,65.8,71.8
2026-09-19,A24,HALL-A,CDU-A3,18,65.7,71.7
2026-09-19,A25,HALL-A,CDU-A4,18,66.4,72.4
2026-09-19,A26,HALL-A,CDU-A4,18,65.9,71.9
2026-09-19,A27,HALL-A,CDU-A4,18,66.6,72.6
2026-09-19,A28,HALL-A,CDU-A4,18,66.3,72.3
2026-09-19,A29,HALL-A,CDU-A4,18,66.2,72.2
2026-09-19,A30,HALL-A,CDU-A4,18,67.3,73.3
2026-09-19,A31,HALL-A,CDU-A4,18,65.1,71.1
2026-09-19,A32,HALL-A,CDU-A4,18,66.2,72.2
2026-09-19,B01,HALL-B,CDU-B1,18,68.6,74.6
2026-09-19,B02,HALL-B,CDU-B1,18,68.2,74.2
2026-09-19,B03,HALL-B,CDU-B1,18,68.9,74.9
2026-09-19,B04,HALL-B,CDU-B1,18,70.3,76.3
2026-09-19,B05,HALL-B,CDU-B1,18,70.9,76.9
2026-09-19,B06,HALL-B,CDU-B1,18,68.9,74.9
2026-09-19,B07,HALL-B,CDU-B1,18,68.9,74.9
2026-09-19,B08,HALL-B,CDU-B1,18,68.6,74.6
2026-09-19,B09,HALL-B,CDU-B2,18,69.1,75.1
2026-09-19,B10,HALL-B,CDU-B2,18,69.9,75.9
2026-09-19,B11,HALL-B,CDU-B2,18,68.3,74.3
2026-09-20,A01,HALL-A,CDU-A1,18,66.2,72.2
2026-09-20,A02,HALL-A,CDU-A1,18,67.0,73.0
2026-09-20,A03,HALL-A,CDU-A1,18,66.2,72.2
2026-09-20,A04,HALL-A,CDU-A1,18,66.0,72.0
2026-09-20,A05,HALL-A,CDU-A1,18,65.6,71.6
2026-09-20,A06,HALL-A,CDU-A1,18,65.7,71.7
2026-09-20,A07,HALL-A,CDU-A1,18,67.3,73.3
2026-09-20,A08,HALL-A,CDU-A1,18,65.7,71.7
2026-09-20,A09,HALL-A,CDU-A2,18,88.2,94.2
2026-09-20,A10,HALL-A,CDU-A2,18,65.4,71.4
2026-09-20,A11,HALL-A,CDU-A2,18,67.1,73.1
2026-09-20,A12,HALL-A,CDU-A2,18,65.2,71.2
2026-09-20,A13,HALL-A,CDU-A2,18,66.4,72.4
2026-09-20,A14,HALL-A,CDU-A2,18,68.3,74.3
2026-09-20,A15,HALL-A,CDU-A2,18,66.4,72.4
2026-09-20,A16,HALL-A,CDU-A2,18,66.2,72.2
2026-09-20,A17,HALL-A,CDU-A3,18,65.9,71.9
2026-09-20,A18,HALL-A,CDU-A3,18,66.3,72.3
2026-09-20,A19,HALL-A,CDU-A3,18,67.0,73.0
2026-09-20,A20,HALL-A,CDU-A3,18,67.9,73.9
2026-09-20,A21,HALL-A,CDU-A3,18,65.4,71.4
2026-09-20,A22,HALL-A,CDU-A3,18,66.3,72.3
2026-09-20,A23,HALL-A,CDU-A3,18,66.0,72.0
2026-09-20,A24,HALL-A,CDU-A3,18,65.5,71.5
2026-09-20,A25,HALL-A,CDU-A4,18,65.8,71.8
2026-09-20,A26,HALL-A,CDU-A4,18,66.2,72.2
2026-09-20,A27,HALL-A,CDU-A4,18,65.8,71.8
2026-09-20,A28,HALL-A,CDU-A4,18,66.0,72.0
2026-09-20,A29,HALL-A,CDU-A4,18,66.5,72.5
2026-09-20,A30,HALL-A,CDU-A4,18,65.8,71.8
2026-09-20,A31,HALL-A,CDU-A4,18,66.9,72.9
2026-09-20,A32,HALL-A,CDU-A4,18,66.0,72.0
2026-09-20,B01,HALL-B,CDU-B1,18,70.7,76.7
2026-09-20,B02,HALL-B,CDU-B1,18,69.4,75.4
2026-09-20,B03,HALL-B,CDU-B1,18,69.3,75.3
2026-09-20,B04,HALL-B,CDU-B1,18,70.9,76.9
2026-09-20,B05,HALL-B,CDU-B1,18,70.4,76.4
2026-09-20,B06,HALL-B,CDU-B1,18,68.7,74.7
2026-09-20,B07,HALL-B,CDU-B1,18,69.1,75.1
2026-09-20,B08,HALL-B,CDU-B1,18,69.6,75.6
2026-09-20,B09,HALL-B,CDU-B2,18,69.5,75.5
2026-09-20,B10,HALL-B,CDU-B2,18,70.1,76.1
2026-09-20,B11,HALL-B,CDU-B2,18,69.3,75.3
2026-09-20,B12,HALL-B,CDU-B2,18,69.7,75.7
2026-09-21,A01,HALL-A,CDU-A1,18,67.2,73.2
2026-09-21,A02,HALL-A,CDU-A1,18,66.1,72.1
2026-09-21,A03,HALL-A,CDU-A1,18,67.8,73.8
2026-09-21,A04,HALL-A,CDU-A1,18,67.3,73.3
2026-09-21,A05,HALL-A,CDU-A1,18,67.5,73.5
2026-09-21,A06,HALL-A,CDU-A1,18,66.7,72.7
2026-09-21,A07,HALL-A,CDU-A1,18,66.8,72.8
2026-09-21,A08,HALL-A,CDU-A1,18,67.6,73.6
2026-09-21,A09,HALL-A,CDU-A2,18,87.1,93.1
2026-09-21,A10,HALL-A,CDU-A2,18,66.4,72.4
2026-09-21,A11,HALL-A,CDU-A2,18,66.5,72.5
2026-09-21,A12,HALL-A,CDU-A2,18,66.6,72.6
2026-09-21,A13,HALL-A,CDU-A2,18,66.7,72.7
2026-09-21,A14,HALL-A,CDU-A2,18,66.2,72.2
2026-09-21,A15,HALL-A,CDU-A2,18,65.8,71.8
2026-09-21,A16,HALL-A,CDU-A2,18,65.9,71.9
2026-09-21,A17,HALL-A,CDU-A3,18,87.5,93.5
2026-09-21,A18,HALL-A,CDU-A3,18,66.2,72.2
2026-09-21,A19,HALL-A,CDU-A3,18,67.5,73.5
2026-09-21,A20,HALL-A,CDU-A3,18,67.4,73.4
2026-09-21,A21,HALL-A,CDU-A3,18,65.8,71.8
2026-09-21,A22,HALL-A,CDU-A3,18,65.5,71.5
2026-09-21,A23,HALL-A,CDU-A3,18,66.2,72.2
2026-09-21,A24,HALL-A,CDU-A3,18,66.7,72.7
2026-09-21,A25,HALL-A,CDU-A4,18,65.1,71.1
2026-09-21,A26,HALL-A,CDU-A4,18,67.0,73.0
2026-09-21,A27,HALL-A,CDU-A4,18,68.1,74.1
2026-09-21,A28,HALL-A,CDU-A4,18,67.3,73.3
2026-09-21,A29,HALL-A,CDU-A4,18,66.4,72.4
2026-09-21,A30,HALL-A,CDU-A4,18,66.8,72.8
2026-09-21,A31,HALL-A,CDU-A4,18,66.4,72.4
2026-09-21,A32,HALL-A,CDU-A4,18,66.1,72.1
2026-09-21,B01,HALL-B,CDU-B1,18,68.5,74.5
2026-09-21,B02,HALL-B,CDU-B1,18,68.4,74.4
2026-09-21,B03,HALL-B,CDU-B1,18,70.0,76.0
2026-09-21,B04,HALL-B,CDU-B1,18,68.4,74.4
2026-09-21,B05,HALL-B,CDU-B1,18,69.7,75.7
2026-09-21,B06,HALL-B,CDU-B1,18,69.4,75.4
2026-09-21,B07,HALL-B,CDU-B1,18,68.3,74.3
2026-09-21,B08,HALL-B,CDU-B1,18,70.5,76.5
2026-09-21,B09,HALL-B,CDU-B2,18,68.5,74.5
2026-09-21,B10,HALL-B,CDU-B2,18,68.7,74.7
2026-09-21,B11,HALL-B,CDU-B2,18,68.7,74.7
2026-09-21,B12,HALL-B,CDU-B2,18,69.6,75.6
2026-09-21,B13,HALL-B,CDU-B2,18,69.3,75.3
2026-09-22,A01,HALL-A,CDU-A1,18,67.2,73.2
2026-09-22,A02,HALL-A,CDU-A1,18,65.3,71.3
2026-09-22,A03,HALL-A,CDU-A1,18,67.8,73.8
2026-09-22,A04,HALL-A,CDU-A1,18,66.4,72.4
2026-09-22,A05,HALL-A,CDU-A1,18,65.4,71.4
2026-09-22,A06,HALL-A,CDU-A1,18,65.0,71.0
2026-09-22,A07,HALL-A,CDU-A1,18,67.1,73.1
2026-09-22,A08,HALL-A,CDU-A1,18,64.9,70.9
2026-09-22,A09,HALL-A,CDU-A2,18,88.4,94.4
2026-09-22,A10,HALL-A,CDU-A2,18,66.9,72.9
2026-09-22,A11,HALL-A,CDU-A2,18,65.9,71.9
2026-09-22,A12,HALL-A,CDU-A2,18,66.5,72.5
2026-09-22,A13,HALL-A,CDU-A2,18,66.8,72.8
2026-09-22,A14,HALL-A,CDU-A2,18,67.9,73.9
2026-09-22,A15,HALL-A,CDU-A2,18,66.9,72.9
2026-09-22,A16,HALL-A,CDU-A2,18,65.9,71.9
2026-09-22,A17,HALL-A,CDU-A3,18,67.4,73.4
2026-09-22,A18,HALL-A,CDU-A3,18,66.4,72.4
2026-09-22,A19,HALL-A,CDU-A3,18,66.5,72.5
2026-09-22,A20,HALL-A,CDU-A3,18,87.5,93.5
2026-09-22,A21,HALL-A,CDU-A3,18,66.2,72.2
2026-09-22,A22,HALL-A,CDU-A3,18,67.1,73.1
2026-09-22,A23,HALL-A,CDU-A3,18,66.5,72.5
2026-09-22,A24,HALL-A,CDU-A3,18,66.5,72.5
2026-09-22,A25,HALL-A,CDU-A4,18,65.5,71.5
2026-09-22,A26,HALL-A,CDU-A4,18,65.3,71.3
2026-09-22,A27,HALL-A,CDU-A4,18,65.6,71.6
2026-09-22,A28,HALL-A,CDU-A4,18,66.3,72.3
2026-09-22,A29,HALL-A,CDU-A4,18,66.2,72.2
2026-09-22,A30,HALL-A,CDU-A4,18,67.4,73.4
2026-09-22,A31,HALL-A,CDU-A4,18,65.7,71.7
2026-09-22,A32,HALL-A,CDU-A4,18,66.4,72.4
2026-09-22,B01,HALL-B,CDU-B1,18,69.4,75.4
2026-09-22,B02,HALL-B,CDU-B1,18,70.9,76.9
2026-09-22,B03,HALL-B,CDU-B1,18,68.9,74.9
2026-09-22,B04,HALL-B,CDU-B1,18,68.7,74.7
2026-09-22,B05,HALL-B,CDU-B1,18,69.8,75.8
2026-09-22,B06,HALL-B,CDU-B1,18,70.0,76.0
2026-09-22,B07,HALL-B,CDU-B1,18,69.3,75.3
2026-09-22,B08,HALL-B,CDU-B1,18,68.9,74.9
2026-09-22,B09,HALL-B,CDU-B2,18,68.4,74.4
2026-09-22,B10,HALL-B,CDU-B2,18,70.1,76.1
2026-09-22,B11,HALL-B,CDU-B2,18,87.5,93.5
2026-09-22,B12,HALL-B,CDU-B2,18,68.4,74.4
2026-09-22,B13,HALL-B,CDU-B2,18,69.7,75.7
2026-09-22,B14,HALL-B,CDU-B2,18,68.9,74.9
2026-09-23,A01,HALL-A,CDU-A1,18,66.6,72.6
2026-09-23,A02,HALL-A,CDU-A1,18,66.6,72.6
2026-09-23,A03,HALL-A,CDU-A1,18,65.7,71.7
2026-09-23,A04,HALL-A,CDU-A1,18,65.6,71.6
2026-09-23,A05,HALL-A,CDU-A1,18,67.0,73.0
2026-09-23,A06,HALL-A,CDU-A1,18,87.5,93.5
2026-09-23,A07,HALL-A,CDU-A1,18,65.8,71.8
2026-09-23,A08,HALL-A,CDU-A1,18,67.0,73.0
2026-09-23,A09,HALL-A,CDU-A2,18,84.5,90.5
2026-09-23,A10,HALL-A,CDU-A2,18,64.9,70.9
2026-09-23,A11,HALL-A,CDU-A2,18,65.6,71.6
2026-09-23,A12,HALL-A,CDU-A2,18,66.2,72.2
2026-09-23,A13,HALL-A,CDU-A2,18,65.7,71.7
2026-09-23,A14,HALL-A,CDU-A2,18,66.1,72.1
2026-09-23,A15,HALL-A,CDU-A2,18,66.8,72.8
2026-09-23,A16,HALL-A,CDU-A2,18,66.3,72.3
2026-09-23,A17,HALL-A,CDU-A3,18,65.8,71.8
2026-09-23,A18,HALL-A,CDU-A3,18,66.3,72.3
2026-09-23,A19,HALL-A,CDU-A3,18,68.7,74.7
2026-09-23,A20,HALL-A,CDU-A3,18,66.4,72.4
2026-09-23,A21,HALL-A,CDU-A3,18,66.4,72.4
2026-09-23,A22,HALL-A,CDU-A3,18,66.2,72.2
2026-09-23,A23,HALL-A,CDU-A3,18,66.4,72.4
2026-09-23,A24,HALL-A,CDU-A3,18,65.8,71.8
2026-09-23,A25,HALL-A,CDU-A4,18,66.0,72.0
2026-09-23,A26,HALL-A,CDU-A4,18,66.7,72.7
2026-09-23,A27,HALL-A,CDU-A4,18,66.1,72.1
2026-09-23,A28,HALL-A,CDU-A4,18,65.5,71.5
2026-09-23,A29,HALL-A,CDU-A4,18,66.3,72.3
2026-09-23,A30,HALL-A,CDU-A4,18,66.0,72.0
2026-09-23,A31,HALL-A,CDU-A4,18,66.3,72.3
2026-09-23,A32,HALL-A,CDU-A4,18,66.3,72.3
2026-09-23,B01,HALL-B,CDU-B1,18,68.6,74.6
2026-09-23,B02,HALL-B,CDU-B1,18,69.5,75.5
2026-09-23,B03,HALL-B,CDU-B1,18,69.1,75.1
2026-09-23,B04,HALL-B,CDU-B1,18,70.8,76.8
2026-09-23,B05,HALL-B,CDU-B1,18,70.3,76.3
2026-09-23,B06,HALL-B,CDU-B1,18,71.5,77.5
2026-09-23,B07,HALL-B,CDU-B1,18,68.3,74.3
2026-09-23,B08,HALL-B,CDU-B1,18,68.6,74.6
2026-09-23,B09,HALL-B,CDU-B2,18,69.3,75.3
2026-09-23,B10,HALL-B,CDU-B2,18,69.5,75.5
2026-09-23,B11,HALL-B,CDU-B2,18,69.1,75.1
2026-09-23,B12,HALL-B,CDU-B2,18,69.2,75.2
2026-09-23,B13,HALL-B,CDU-B2,18,69.7,75.7
2026-09-23,B14,HALL-B,CDU-B2,18,68.6,74.6
2026-09-24,A01,HALL-A,CDU-A1,18,66.4,72.4
2026-09-24,A02,HALL-A,CDU-A1,18,67.0,73.0
2026-09-24,A03,HALL-A,CDU-A1,18,65.5,71.5
2026-09-24,A04,HALL-A,CDU-A1,18,67.2,73.2
2026-09-24,A05,HALL-A,CDU-A1,18,65.8,71.8
2026-09-24,A06,HALL-A,CDU-A1,18,67.1,73.1
2026-09-24,A07,HALL-A,CDU-A1,18,65.7,71.7
2026-09-24,A08,HALL-A,CDU-A1,18,66.4,72.4
2026-09-24,A09,HALL-A,CDU-A2,18,87.1,93.1
2026-09-24,A10,HALL-A,CDU-A2,18,67.2,73.2
2026-09-24,A11,HALL-A,CDU-A2,18,66.4,72.4
2026-09-24,A12,HALL-A,CDU-A2,18,67.4,73.4
2026-09-24,A13,HALL-A,CDU-A2,18,66.6,72.6
2026-09-24,A14,HALL-A,CDU-A2,18,66.0,72.0
2026-09-24,A15,HALL-A,CDU-A2,18,68.6,74.6
2026-09-24,A16,HALL-A,CDU-A2,18,66.6,72.6
2026-09-24,A17,HALL-A,CDU-A3,18,66.4,72.4
2026-09-24,A18,HALL-A,CDU-A3,18,66.5,72.5
2026-09-24,A19,HALL-A,CDU-A3,18,66.5,72.5
2026-09-24,A20,HALL-A,CDU-A3,18,87.5,93.5
2026-09-24,A21,HALL-A,CDU-A3,18,65.0,71.0
2026-09-24,A22,HALL-A,CDU-A3,18,67.3,73.3
2026-09-24,A23,HALL-A,CDU-A3,18,66.1,72.1
2026-09-24,A24,HALL-A,CDU-A3,18,68.0,74.0
2026-09-24,A25,HALL-A,CDU-A4,18,66.6,72.6
2026-09-24,A26,HALL-A,CDU-A4,18,67.8,73.8
2026-09-24,A27,HALL-A,CDU-A4,18,65.4,71.4
2026-09-24,A28,HALL-A,CDU-A4,18,66.6,72.6
2026-09-24,A29,HALL-A,CDU-A4,18,67.1,73.1
2026-09-24,A30,HALL-A,CDU-A4,18,65.8,71.8
2026-09-24,A31,HALL-A,CDU-A4,18,66.1,72.1
2026-09-24,A32,HALL-A,CDU-A4,18,66.2,72.2
2026-09-24,B01,HALL-B,CDU-B1,18,68.5,74.5
2026-09-24,B02,HALL-B,CDU-B1,18,69.5,75.5
2026-09-24,B03,HALL-B,CDU-B1,18,68.8,74.8
2026-09-24,B04,HALL-B,CDU-B1,18,68.9,74.9
2026-09-24,B05,HALL-B,CDU-B1,18,69.2,75.2
2026-09-24,B06,HALL-B,CDU-B1,18,69.2,75.2
2026-09-24,B07,HALL-B,CDU-B1,18,68.8,74.8
2026-09-24,B08,HALL-B,CDU-B1,18,68.5,74.5
2026-09-24,B09,HALL-B,CDU-B2,18,68.7,74.7
2026-09-24,B10,HALL-B,CDU-B2,18,69.1,75.1
2026-09-24,B11,HALL-B,CDU-B2,18,68.9,74.9
2026-09-24,B12,HALL-B,CDU-B2,18,69.7,75.7
2026-09-24,B13,HALL-B,CDU-B2,18,68.7,74.7
2026-09-24,B14,HALL-B,CDU-B2,18,68.0,74.0
2026-09-25,A01,HALL-A,CDU-A1,18,65.9,71.9
2026-09-25,A02,HALL-A,CDU-A1,18,67.3,73.3
2026-09-25,A03,HALL-A,CDU-A1,18,87.5,93.5
2026-09-25,A04,HALL-A,CDU-A1,18,65.8,71.8
2026-09-25,A05,HALL-A,CDU-A1,18,66.5,72.5
2026-09-25,A06,HALL-A,CDU-A1,18,66.0,72.0
2026-09-25,A07,HALL-A,CDU-A1,18,66.8,72.8
2026-09-25,A08,HALL-A,CDU-A1,18,66.8,72.8
2026-09-25,A09,HALL-A,CDU-A2,18,86.8,92.8
2026-09-25,A10,HALL-A,CDU-A2,18,66.1,72.1
2026-09-25,A11,HALL-A,CDU-A2,18,65.8,71.8
2026-09-25,A12,HALL-A,CDU-A2,18,66.4,72.4
2026-09-25,A13,HALL-A,CDU-A2,18,66.3,72.3
2026-09-25,A14,HALL-A,CDU-A2,18,65.9,71.9
2026-09-25,A15,HALL-A,CDU-A2,18,66.2,72.2
2026-09-25,A16,HALL-A,CDU-A2,18,66.1,72.1
2026-09-25,A17,HALL-A,CDU-A3,18,66.7,72.7
2026-09-25,A18,HALL-A,CDU-A3,18,65.9,71.9
2026-09-25,A19,HALL-A,CDU-A3,18,67.8,73.8
2026-09-25,A20,HALL-A,CDU-A3,18,66.1,72.1
2026-09-25,A21,HALL-A,CDU-A3,18,66.9,72.9
2026-09-25,A22,HALL-A,CDU-A3,18,67.0,73.0
2026-09-25,A23,HALL-A,CDU-A3,18,66.0,72.0
2026-09-25,A24,HALL-A,CDU-A3,18,66.7,72.7
2026-09-25,A25,HALL-A,CDU-A4,18,67.2,73.2
2026-09-25,A26,HALL-A,CDU-A4,18,67.0,73.0
2026-09-25,A27,HALL-A,CDU-A4,18,66.5,72.5
2026-09-25,A28,HALL-A,CDU-A4,18,66.5,72.5
2026-09-25,A29,HALL-A,CDU-A4,18,66.2,72.2
2026-09-25,A30,HALL-A,CDU-A4,18,65.9,71.9
2026-09-25,A31,HALL-A,CDU-A4,18,66.5,72.5
2026-09-25,A32,HALL-A,CDU-A4,18,65.9,71.9
2026-09-25,B01,HALL-B,CDU-B1,18,70.2,76.2
2026-09-25,B02,HALL-B,CDU-B1,18,69.7,75.7
2026-09-25,B03,HALL-B,CDU-B1,18,87.5,93.5
2026-09-25,B04,HALL-B,CDU-B1,18,68.8,74.8
2026-09-25,B05,HALL-B,CDU-B1,18,67.8,73.8
2026-09-25,B06,HALL-B,CDU-B1,18,87.5,93.5
2026-09-25,B07,HALL-B,CDU-B1,18,68.4,74.4
2026-09-25,B08,HALL-B,CDU-B1,18,68.5,74.5
2026-09-25,B09,HALL-B,CDU-B2,18,68.3,74.3
2026-09-25,B10,HALL-B,CDU-B2,18,68.7,74.7
2026-09-25,B11,HALL-B,CDU-B2,18,69.3,75.3
2026-09-25,B12,HALL-B,CDU-B2,18,70.3,76.3
2026-09-25,B13,HALL-B,CDU-B2,18,68.6,74.6
2026-09-25,B14,HALL-B,CDU-B2,18,69.2,75.2
2026-09-26,A01,HALL-A,CDU-A1,18,66.7,72.7
2026-09-26,A02,HALL-A,CDU-A1,18,67.0,73.0
2026-09-26,A03,HALL-A,CDU-A1,18,67.0,73.0
2026-09-26,A04,HALL-A,CDU-A1,18,66.2,72.2
2026-09-26,A05,HALL-A,CDU-A1,18,66.8,72.8
2026-09-26,A06,HALL-A,CDU-A1,18,66.9,72.9
2026-09-26,A07,HALL-A,CDU-A1,18,66.4,72.4
2026-09-26,A08,HALL-A,CDU-A1,18,65.9,71.9
2026-09-26,A09,HALL-A,CDU-A2,18,86.8,92.8
2026-09-26,A10,HALL-A,CDU-A2,18,66.8,72.8
2026-09-26,A11,HALL-A,CDU-A2,18,66.0,72.0
2026-09-26,A12,HALL-A,CDU-A2,18,67.6,73.6
2026-09-26,A13,HALL-A,CDU-A2,18,65.7,71.7
2026-09-26,A14,HALL-A,CDU-A2,18,66.3,72.3
2026-09-26,A15,HALL-A,CDU-A2,18,65.4,71.4
2026-09-26,A16,HALL-A,CDU-A2,18,66.0,72.0
2026-09-26,A17,HALL-A,CDU-A3,18,64.8,70.8
2026-09-26,A18,HALL-A,CDU-A3,18,66.5,72.5
2026-09-26,A19,HALL-A,CDU-A3,18,64.8,70.8
2026-09-26,A20,HALL-A,CDU-A3,18,66.3,72.3
2026-09-26,A21,HALL-A,CDU-A3,18,66.3,72.3
2026-09-26,A22,HALL-A,CDU-A3,18,65.7,71.7
2026-09-26,A23,HALL-A,CDU-A3,18,66.2,72.2
2026-09-26,A24,HALL-A,CDU-A3,18,65.8,71.8
2026-09-26,A25,HALL-A,CDU-A4,18,65.4,71.4
2026-09-26,A26,HALL-A,CDU-A4,18,67.0,73.0
2026-09-26,A27,HALL-A,CDU-A4,18,66.3,72.3
2026-09-26,A28,HALL-A,CDU-A4,18,67.7,73.7
2026-09-26,A29,HALL-A,CDU-A4,18,66.9,72.9
2026-09-26,A30,HALL-A,CDU-A4,18,66.2,72.2
2026-09-26,A31,HALL-A,CDU-A4,18,65.6,71.6
2026-09-26,A32,HALL-A,CDU-A4,18,65.5,71.5
2026-09-26,B01,HALL-B,CDU-B1,18,69.3,75.3
2026-09-26,B02,HALL-B,CDU-B1,18,68.1,74.1
2026-09-26,B03,HALL-B,CDU-B1,18,68.6,74.6
2026-09-26,B04,HALL-B,CDU-B1,18,70.7,76.7
2026-09-26,B05,HALL-B,CDU-B1,18,69.2,75.2
2026-09-26,B06,HALL-B,CDU-B1,18,68.4,74.4
2026-09-26,B07,HALL-B,CDU-B1,18,68.7,74.7
2026-09-26,B08,HALL-B,CDU-B1,18,69.6,75.6
2026-09-26,B09,HALL-B,CDU-B2,18,70.0,76.0
2026-09-26,B10,HALL-B,CDU-B2,18,69.8,75.8
2026-09-26,B11,HALL-B,CDU-B2,18,69.9,75.9
2026-09-26,B12,HALL-B,CDU-B2,18,69.1,75.1
2026-09-26,B13,HALL-B,CDU-B2,18,68.6,74.6
2026-09-26,B14,HALL-B,CDU-B2,18,68.7,74.7
2026-09-27,A01,HALL-A,CDU-A1,18,65.4,71.4
2026-09-27,A02,HALL-A,CDU-A1,18,65.7,71.7
2026-09-27,A03,HALL-A,CDU-A1,18,66.8,72.8
2026-09-27,A04,HALL-A,CDU-A1,18,65.5,71.5
2026-09-27,A05,HALL-A,CDU-A1,18,66.5,72.5
2026-09-27,A06,HALL-A,CDU-A1,18,65.1,71.1
2026-09-27,A07,HALL-A,CDU-A1,18,65.9,71.9
2026-09-27,A08,HALL-A,CDU-A1,18,66.3,72.3
2026-09-27,A09,HALL-A,CDU-A2,18,88.5,94.5
2026-09-27,A10,HALL-A,CDU-A2,18,67.6,73.6
2026-09-27,A11,HALL-A,CDU-A2,18,67.0,73.0
2026-09-27,A12,HALL-A,CDU-A2,18,66.8,72.8
2026-09-27,A13,HALL-A,CDU-A2,18,66.6,72.6
2026-09-27,A14,HALL-A,CDU-A2,18,66.7,72.7
2026-09-27,A15,HALL-A,CDU-A2,18,65.9,71.9
2026-09-27,A16,HALL-A,CDU-A2,18,66.1,72.1
2026-09-27,A17,HALL-A,CDU-A3,18,65.9,71.9
2026-09-27,A18,HALL-A,CDU-A3,18,67.7,73.7
2026-09-27,A19,HALL-A,CDU-A3,18,65.6,71.6
2026-09-27,A20,HALL-A,CDU-A3,18,66.6,72.6
2026-09-27,A21,HALL-A,CDU-A3,18,65.8,71.8
2026-09-27,A22,HALL-A,CDU-A3,18,67.0,73.0
2026-09-27,A23,HALL-A,CDU-A3,18,65.6,71.6
2026-09-27,A24,HALL-A,CDU-A3,18,66.1,72.1
2026-09-27,A25,HALL-A,CDU-A4,18,65.5,71.5
2026-09-27,A26,HALL-A,CDU-A4,18,65.9,71.9
2026-09-27,A27,HALL-A,CDU-A4,18,65.5,71.5
2026-09-27,A28,HALL-A,CDU-A4,18,67.8,73.8
2026-09-27,A29,HALL-A,CDU-A4,18,65.5,71.5
2026-09-27,A30,HALL-A,CDU-A4,18,65.8,71.8
2026-09-27,A31,HALL-A,CDU-A4,18,66.3,72.3
2026-09-27,A32,HALL-A,CDU-A4,18,66.9,72.9
2026-09-27,B01,HALL-B,CDU-B1,18,69.7,75.7
2026-09-27,B02,HALL-B,CDU-B1,18,68.7,74.7
2026-09-27,B03,HALL-B,CDU-B1,18,69.6,75.6
2026-09-27,B04,HALL-B,CDU-B1,18,69.6,75.6
2026-09-27,B05,HALL-B,CDU-B1,18,68.9,74.9
2026-09-27,B06,HALL-B,CDU-B1,18,70.1,76.1
2026-09-27,B07,HALL-B,CDU-B1,18,69.4,75.4
2026-09-27,B08,HALL-B,CDU-B1,18,69.8,75.8
2026-09-27,B09,HALL-B,CDU-B2,18,69.1,75.1
2026-09-27,B10,HALL-B,CDU-B2,18,68.0,74.0
2026-09-27,B11,HALL-B,CDU-B2,18,68.6,74.6
2026-09-27,B12,HALL-B,CDU-B2,18,69.1,75.1
2026-09-27,B13,HALL-B,CDU-B2,18,68.8,74.8
2026-09-27,B14,HALL-B,CDU-B2,18,69.1,75.1
